<Ui xmlns="http://www.blizzard.com/wow/ui/" xmlns:xsi="http://www.w3.org/2001/XMLSchema-instance" xsi:schemaLocation="http://www.blizzard.com/wow/ui/ ..\..\FrameXML\UI.xsd">

	<Script file="CommentatorVictoryFanfare.lua"/>
	
	<Frame name="CommentatorVictoryFanfareFrame" hidden="true" parent="UIParent" mixin="CommentatorVictoryFanfareFrameMixin">
		<Size x="600" y="300"/>
		<Anchors>
			<Anchor point="TOP" x="0" y="-170"/>
		</Anchors>
		<Frames>
			<ModelScene parentKey="BackgroundModelScene" enableMouse="false" inherits="NonInteractableModelSceneMixinTemplate">
				<Anchors>
					<Anchor point="TOPLEFT" relativeTo="UIParent"/>
					<Anchor point="BOTTOMRIGHT" relativeTo="UIParent"/>
				</Anchors>
				<Animations>
					<AnimationGroup parentKey="EffectAnimIn" setToFinalAlpha="true">
						<Alpha childKey="effect" duration="0.5" order="1" fromAlpha="0" toAlpha="1"/>
						<Alpha childKey="effect2" duration="0.5" order="1" fromAlpha="0" toAlpha="1"/>
					</AnimationGroup>
				</Animations>
			</ModelScene>
			<Button parentKey="ExitArenaButton" frameStrata="TOOLTIP">
				<Size x="32" y="32" />
				<Anchors>
					<Anchor point="TOPLEFT" relativeTo="UIParent" />
					<Anchor point="BOTTOMRIGHT" relativeTo="UIParent" />
				</Anchors>
				<Scripts>
					<OnClick>
						PvPCommentator:ExitInstance();
					</OnClick>
				</Scripts>
			</Button>
		</Frames>
		<Layers>
			<Layer level="BACKGROUND">
				<Texture parentKey="Icon" hidden="false" alpha="0" alphaMode="BLEND" atlas="bonusobjectives-title-icon-honor" useAtlasSize="true">
					<Anchors>
						<Anchor point="CENTER" x="0" y="-9"/>
					</Anchors>
				</Texture>
			</Layer>
			<Layer level="BACKGROUND" textureSubLevel="1">
				<Texture parentKey="Icon2" hidden="false" alpha="0" alphaMode="ADD" atlas="bonusobjectives-title-icon-honor" useAtlasSize="true">
					<Anchors>
						<Anchor point="CENTER" relativeKey="$parent.Icon"/>
					</Anchors>
				</Texture>
			</Layer>
			<Layer level="BACKGROUND" textureSubLevel="2">
				<Texture parentKey="Icon3" hidden="false" alpha="0" alphaMode="ADD" atlas="bonusobjectives-title-icon-honor" useAtlasSize="true">
					<Anchors>
						<Anchor point="CENTER" relativeKey="$parent.Icon"/>
					</Anchors>
				</Texture>
			</Layer>
			<Layer level="BORDER">
				<Texture parentKey="BG1" hidden="false" alpha="0" alphaMode="BLEND" atlas="tournamentarena-winnerline" useAtlasSize="true">
					<Anchors>
						<Anchor point="CENTER"/>
					</Anchors>
				</Texture>
			</Layer>
			<Layer level="BORDER" textureSubLevel="1">
				<Texture parentKey="BG2" hidden="false" alpha="0" alphaMode="ADD" atlas="tournamentarena-winnerline" useAtlasSize="true">
					<Anchors>
						<Anchor point="CENTER"/>
					</Anchors>
				</Texture>
			</Layer>
			<Layer level="ARTWORK">
				<FontString parentKey="Title" inherits="CommentatorVictoryFanfare" alpha="0">
					<Anchors>
						<Anchor point="CENTER" relativeKey="$parent.BG1" x="0" y="80"/>
					</Anchors>
					<Color r="1" g="0.82" b="0"/>
				</FontString>
				<FontString parentKey="TitleFlash" inherits="Game120Font" alpha="0">
					<Anchors>
						<Anchor point="CENTER" relativeKey="$parent.BG1" x="0" y="80"/>
					</Anchors>
					<Color r="1" g="1" b="1"/>
				</FontString>
				<FontString parentKey="TeamName" inherits="CommentatorVictoryFanfareTeam" alpha="0">
					<Anchors>
						<Anchor point="CENTER" relativeKey="$parent.BG1" x="0" y="-80"/>
					</Anchors>
					<Color r="1" g="0.82" b="0"/>
				</FontString>
				<FontString parentKey="TeamNameFlash" inherits="CommentatorVictoryFanfareTeam" alpha="0">
					<Anchors>
						<Anchor point="CENTER" relativeKey="$parent.BG1" x="0" y="-80"/>
					</Anchors>
					<Color r="1" g="1" b="1"/>
				</FontString>
				<FontString parentKey="BonusLabel" inherits="GameFontHighlightLarge" alpha="0">
					<Anchors>
						<Anchor point="TOP" relativeKey="$parent.Title" relativePoint="BOTTOM" x="0" y="-7"/>
					</Anchors>
				</FontString>
			</Layer>
			<Layer level="BACKGROUND">
				<Texture parentKey="Starglow" hidden="false" alpha="0" alphaMode="BLEND" atlas="titleprestige-starglow">
					<Size x="800" y="500"/>
					<Anchors>
						<Anchor point="CENTER" relativeKey="$parent.Icon" x="0" y="2"/>
					</Anchors>
				</Texture>
				<Texture parentKey="Starglow3" hidden="false" alpha="0" alphaMode="BLEND" atlas="titleprestige-starglow">
					<Size x="600" y="500"/>
					<Anchors>
						<Anchor point="CENTER" relativeKey="$parent.Starglow" x="0" y="2"/>
					</Anchors>
				</Texture>
			</Layer>
			<Layer level="BACKGROUND" textureSubLevel="1">
				<Texture parentKey="Starglow2" hidden="false" alpha="0" alphaMode="ADD" atlas="titleprestige-starglow" useAtlasSize="true">
					<Anchors>
						<Anchor point="CENTER" relativeKey="$parent.Starglow"/>
					</Anchors>
				</Texture>
			</Layer>
			<Layer level="ARTWORK" textureSubLevel="-3">
				<Texture parentKey="Glowcover" hidden="false" alpha="0" alphaMode="ADD" atlas="titleprestige-glowcover" useAtlasSize="true">
					<Anchors>
						<Anchor point="CENTER" relativeKey="$parent.Icon" x="0" y="7"/>
					</Anchors>
				</Texture>
			</Layer>
		</Layers>
		<Animations>
			<AnimationGroup parentKey="Anim" setToFinalAlpha="true">
				<Scale childKey="BG1" duration="0.33" order="1" fromScaleX="0.001" fromScaleY="1" toScaleX="1" toScaleY="1"/>
				<Alpha childKey="BG1" duration="0.01" order="1" fromAlpha="0" toAlpha="1"/>
				<Scale childKey="BG2" duration="0.33" order="1" fromScaleX="0.001" fromScaleY="1" toScaleX="1" toScaleY="1"/>
				<Alpha childKey="BG2" duration="0.33" order="1" fromAlpha="0" toAlpha="1"/>
				<Alpha childKey="BG2" startDelay="0.33" smoothing="IN" duration="0.33" order="1" fromAlpha="1" toAlpha="0"/>
				<Alpha childKey="Title" duration="0.33" order="1" fromAlpha="0" toAlpha="1"/>
				<Alpha childKey="BonusLabel" duration="0.33" order="1" fromAlpha="0" toAlpha="1"/>
				<Alpha childKey="TitleFlash" duration="0.33" order="1" fromAlpha="0" toAlpha="1"/>
				<Alpha childKey="TitleFlash" startDelay="0.33" smoothing="IN" duration="0.33" order="1" fromAlpha="1" toAlpha="0"/>
				<Alpha childKey="Icon" startDelay="1.2" duration="0.33" order="1" fromAlpha="0" toAlpha="1"/>
				<Scale childKey="Icon" startDelay="1.2" smoothing="IN" duration="0.33" order="1" fromScaleX="3.4" fromScaleY="3.4" toScaleX="1" toScaleY="1"/>
				<Alpha childKey="Icon2" startDelay="1.2" duration="0.33" order="1" fromAlpha="0" toAlpha="1"/>
				<Alpha childKey="Icon2" startDelay="1.53" smoothing="IN" duration="0.33" order="1" fromAlpha="1" toAlpha="0"/>
				<Scale childKey="Icon2" startDelay="1.2" smoothing="IN" duration="0.33" order="1" fromScaleX="3.4" fromScaleY="3.4" toScaleX="1" toScaleY="1"/>
				<Alpha childKey="Icon3" startDelay="1.2" duration="0.33" order="1" fromAlpha="0" toAlpha="0.35"/>
				<Alpha childKey="Icon3" startDelay="1.53" smoothing="IN" duration="0.33" order="1" fromAlpha="0.35" toAlpha="0"/>
				<Scale childKey="Icon3" startDelay="1.2" smoothing="IN" duration="0.33" order="1" fromScaleX="4.8" fromScaleY="4.8" toScaleX="1" toScaleY="1"/>
				<Alpha childKey="Starglow2" duration="0.33" order="1" fromAlpha="0" toAlpha="1"/>
				<Rotation childKey="Starglow2" duration="1.5" order="1" degrees="30"/>
				<Alpha childKey="Starglow3" duration="0.33" order="1" fromAlpha="0" toAlpha="0.3"/>
				<Alpha childKey="Glowcover" duration="0.33" order="1" fromAlpha="0" toAlpha="1"/>
				<Alpha childKey="Starglow" duration="0.33" order="1" fromAlpha="0" toAlpha="1"/>
				<Alpha childKey="Starglow" startDelay="0.33" duration="0.33" order="1" fromAlpha="1" toAlpha="1.0"/>
				<Alpha childKey="Starglow" startDelay="1.0" smoothing="IN" duration="0.46" order="1" fromAlpha="1" toAlpha="0"/>
				<Alpha childKey="Starglow2" startDelay="1.0" smoothing="IN" duration="0.46" order="1" fromAlpha="1" toAlpha="0"/>
				<Alpha childKey="Starglow3" startDelay="1.0" smoothing="IN" duration="0.46" order="1" fromAlpha="1" toAlpha="0"/>
				<Alpha childKey="Glowcover" startDelay="1.0" smoothing="IN" duration="0.46" order="1" fromAlpha="1" toAlpha="0"/>
				<Scale childKey="Starglow" startDelay="1.0" smoothing="IN" duration="0.46" order="1" fromScaleX="1" fromScaleY="1" toScaleX="0.55" toScaleY="0.55"/>
				<Scale childKey="Starglow2" startDelay="1.0" smoothing="IN" duration="0.46" order="1" fromScaleX="1" fromScaleY="1" toScaleX="0.55" toScaleY="0.55"/>
				<Scale childKey="Starglow3" startDelay="1.0" smoothing="IN" duration="0.46" order="1" fromScaleX="1" fromScaleY="1" toScaleX="0.55" toScaleY="0.55"/>
				<Scale childKey="Glowcover" startDelay="1.0" smoothing="IN" duration="0.46" order="1" fromScaleX="1" fromScaleY="1" toScaleX="0.55" toScaleY="0.55"/>
			</AnimationGroup>
		</Animations>
		<Scripts>
			<OnLoad method="OnLoad"/>
			<OnEvent method="OnEvent"/>
		</Scripts>
	</Frame>

</Ui>