<Ui xmlns="http://www.blizzard.com/wow/ui/" xmlns:xsi="http://www.w3.org/2001/XMLSchema-instance" xsi:schemaLocation="http://www.blizzard.com/wow/ui/ ..\..\FrameXML\UI.xsd">
	<Script file="TeamDisplay.lua"/>

	<Frame name="CommentatorTeamDisplay" enableMouse="false" hidden="true" parent="WorldFrame" toplevel="true" clampedToScreen="true" mixin="CommentatorTeamDisplayMixin">
		<Size x="400" y="50" />
		<Anchors>
			<Anchor point="TOP" relativeTo="WorldFrame" />
		</Anchors>
		<Layers>
			<Layer level="BACKGROUND" textureSubLevel="-1">
				<Texture parentKey="ClockBg" atlas="Frame_Timer" useAtlasSize="true">
					<Size x="384" y="96" />
					<Anchors>
						<Anchor point="TOP" relativeTo="WorldFrame" relativePoint="TOP" y="-16"/>
					</Anchors>
					<TexCoords left="0" right="1" top="0" bottom="1"/>
				</Texture>
			</Layer>
			
			<Layer level="BACKGROUND">
				<Texture parentKey="LeftBg" atlas="ScoreTeam">
					<Size x="384" y="96" />
					<Anchors>
						<Anchor point="TOPRIGHT" relativeTo="WorldFrame" relativePoint="TOP" />
					</Anchors>
				</Texture>
				<Texture parentKey="RightBg" atlas="ScoreTeam">
					<Size x="384" y="96" />
					<Anchors>
						<Anchor point="TOPLEFT" relativeTo="WorldFrame" relativePoint="TOP" />
					</Anchors>
					<TexCoords left="1" right="0" top="0" bottom="1"/>
				</Texture>
			</Layer>
			
			<Layer level="ARTWORK" textureSubLevel="1">
				<Texture parentKey="Divider" atlas="ScoreDivider">
					<Size x="48" y="96" />
					<Anchors>
						<Anchor point="TOP" relativeTo="WorldFrame" y="-3" />
					</Anchors>
				</Texture>
				<Texture parentKey="DampeningHealthBacking" atlas="Healing_Backing" useAtlasSize="true" hidden="true">
					<Anchors>
						<Anchor point="TOP" relativeTo="WorldFrame" y="-2" />
					</Anchors>
				</Texture>
			</Layer>

			<Layer level="ARTWORK" textureSubLevel="2">
				<Texture parentKey="DampeningHealthIcon" atlas="Healing_Red" useAtlasSize="true" alpha="0">
					<Anchors>
						<Anchor point="TOP" relativeTo="WorldFrame" y="-8" />
					</Anchors>
				</Texture>
			</Layer>

			<Layer level="OVERLAY">
				<FontString parentKey="Team1Score" inherits="CommentatorTeamScoreFont" parentArray="ScoreLabels" text="0">
					<Anchors>
						<Anchor point="CENTER" relativeTo="WorldFrame" relativePoint="TOP" x="-250" y="-28" />
					</Anchors>
				</FontString>

				<FontString parentKey="Team2Score" inherits="CommentatorTeamScoreFont" parentArray="ScoreLabels" text="0">
					<Anchors>
						<Anchor point="CENTER" relativeTo="WorldFrame" relativePoint="TOP" x="250" y="-28" />
					</Anchors>
				</FontString>

				<FontString parentKey="Team1Name" inherits="CommentatorTeamNameFont" parentArray="TeamNameLabels" justifyH="LEFT" justifyV="MIDDLE">
					<Size x="200" y="40" />
					<Anchors>
						<Anchor point="TOPRIGHT" relativeTo="WorldFrame" relativePoint="TOP" x="-20" y="-7" />
					</Anchors>
				</FontString>
				
				<FontString parentKey="Team2Name" inherits="CommentatorTeamNameFont" parentArray="TeamNameLabels" justifyH="RIGHT" justifyV="MIDDLE">
					<Size x="200" y="40" />
					<Anchors>
						<Anchor point="TOPLEFT" relativeTo="WorldFrame" relativePoint="TOP" x="20" y="-7" />
					</Anchors>
				</FontString>

				<FontString parentKey="Dampening" font="CommentatorDampeningFont">
					<Anchors>
						<Anchor point="TOP" relativeTo="WorldFrame" y="-18" />
					</Anchors>
					<Color r="1" g="0" b="0" a="0"/>
				</FontString>

				<FontString parentKey="ElapsedTime" inherits="CommentatorTeamNameFont" justifyH="CENTER">
					<Anchors>
						<Anchor point="TOP" relativeTo="WorldFrame" y="-53" />
					</Anchors>
					<Color r="1" g="1" b="1"/>
				</FontString>
			</Layer>
		</Layers>
		<Animations>
			<AnimationGroup parentKey="DampeningFadeCycle" looping="REPEAT">
				<Alpha fromAlpha="1" toAlpha="1" duration="0" order="1" childKey="DampeningHealthIcon"/>
				<Alpha fromAlpha="0" toAlpha="0" duration="0" order="1" childKey="Dampening"/>
				<Alpha fromAlpha="1" toAlpha="0" duration="0.25" order="2" startDelay="2" childKey="DampeningHealthIcon"/>
				<Alpha fromAlpha="0" toAlpha="1" duration="0.25" order="2" startDelay="2" childKey="Dampening"/>
				<Alpha fromAlpha="0" toAlpha="1" duration="0.25" order="3" startDelay="15" setToFinalAlpha="1" childKey="DampeningHealthIcon"/>
				<Alpha fromAlpha="1" toAlpha="0" duration="0.25" order="3" startDelay="15" setToFinalAlpha="1" childKey="Dampening"/>
			</AnimationGroup>
		</Animations>
		<Scripts>
			<OnLoad method="OnLoad"/>
			<OnEvent method="OnEvent"/>
			<OnUpdate method="OnUpdate"/>
		</Scripts>
	</Frame>
</Ui>