<Ui xmlns="http://www.blizzard.com/wow/ui/" xmlns:xsi="http://www.w3.org/2001/XMLSchema-instance" xsi:schemaLocation="http://www.blizzard.com/wow/ui/
..\FrameXML\UI.xsd">
	<Script file="Blizzard_FlightMap.lua"/>

	<Frame name="FlightMapFrame" inherits="MapCanvasFrameTemplate" mixin="FlightMapMixin">
		<Size x="1004" y="689"/>
		<Anchors>
			<Anchor point="CENTER"/>
		</Anchors>
		<Frames>
			<Frame parentKey="BorderFrame" inherits="PortraitFrameTemplate" frameStrata="HIGH" setAllPoints="true">
				<Layers>
					<Layer level="ARTWORK" textureSubLevel="5">
						<Texture parentKey="Underlay" hidden="true">
							<Color r="0" g="0" b="0" a=".5"/>
						</Texture>
					</Layer>

					<Layer level="BORDER" textureSubLevel="-1">
						<Texture parentKey="TopBorder" atlas="AdventureMap_TopBorder">
							<Anchors>
								<Anchor point="TOPLEFT" x="2" y="-22"/>
								<Anchor point="BOTTOMRIGHT" x="-3" y="2"/>
							</Anchors>
						</Texture>
					</Layer>
				</Layers>

				<Scripts>
					<OnLoad>
						self.onCloseCallback = function() HideParentPanel(self) end;
					</OnLoad>
					<OnMouseWheel function="nop" />
				</Scripts>
			</Frame>
			<ScrollFrame parentKey="ScrollContainer" inherits="MapCanvasFrameScrollContainerTemplate" />
		</Frames>
		<Scripts>
			<OnLoad method="OnLoad"/>
			<OnShow method="OnShow"/>
			<OnEvent method="OnEvent"/>
			<OnHide method="OnHide"/>
		</Scripts>
	</Frame>
</Ui>