<Ui xmlns="http://www.blizzard.com/wow/ui/" xmlns:xsi="http://www.w3.org/2001/XMLSchema-instance" xsi:schemaLocation="http://www.blizzard.com/wow/ui/
..\FrameXML\UI.xsd">
	<Script file="FM_FlightPathDataProvider.lua"/>

	<Frame name="FlightMap_FlightPointPinTemplate" hidden="true" enableMouse="true" mixin="FlightMap_FlightPointPinMixin" virtual="true">
		<Layers>
			<Layer level="BACKGROUND" textureSubLevel="0">
				<Texture parentKey="Icon" file="Interface/TaxiFrame/UI-Taxi-Icon-Green" />
			</Layer>
			<Layer level="HIGHLIGHT">
				<Texture parentKey="IconHighlight" file="Interface/TaxiFrame/UI-Taxi-Icon-White" alphaMode="ADD" alpha=".25">
					<Anchors>
						<Anchor point="TOPLEFT" relativeKey="$parent.Icon" />
						<Anchor point="BOTTOMRIGHT" relativeKey="$parent.Icon" />
					</Anchors>
				</Texture>
			</Layer>
		</Layers>
		<Animations>
			<AnimationGroup parentKey="OnAddAnim" setToFinalAlpha="true">
				<Alpha parentKey="Alpha" fromAlpha="0" toAlpha="1" duration=".3" order="1"/>
			</AnimationGroup>
		</Animations>
	</Frame>

	<Frame name="FlightMap_HighlightFlightLineTemplate" virtual="true">
		<Layers>
			<Layer level="BACKGROUND" textureSubLevel="-1">
				<Line parentKey="Fill" atlas="_UI-Taxi-Line-horizontal" alpha="0" alphaMode="ADD" />
			</Layer>
		</Layers>
		<Animations>
			<AnimationGroup parentKey="RevealAnim" setToFinalAlpha="true">
				<Alpha parentKey="Alpha" childKey="Fill" duration=".03" fromAlpha="0" toAlpha="1" order="1"/>
				<LineScale parentKey="Scale" childKey="Fill" duration=".03" order="1" fromScaleX="0.001" fromScaleY="1" toScaleX="1" toScaleY="1">
					<Origin point="LEFT">
						<Offset x="1" y="0"/>
					</Origin>
				</LineScale>
			</AnimationGroup>
			<AnimationGroup parentKey="FadeAnim" setToFinalAlpha="true">
				<Alpha parentKey="Alpha" childKey="Fill" duration=".1" fromAlpha="1" toAlpha="0" order="1"/>
			</AnimationGroup>
		</Animations>
	</Frame>

	<Frame name="FlightMap_BackgroundFlightLineTemplate" virtual="true">
		<Layers>
			<Layer level="BACKGROUND" textureSubLevel="-2">
				<Line parentKey="Fill" atlas="_UI-Taxi-Line-horizontal" alpha="1" />
			</Layer>
		</Layers>
		<Animations>
			<AnimationGroup parentKey="RevealAnim" setToFinalAlpha="true">
				<Alpha parentKey="Alpha" childKey="Fill" duration=".15" fromAlpha="0" toAlpha=".85" order="1"/>
				<LineScale parentKey="Scale" childKey="Fill" smoothing="IN" duration=".15" order="1" fromScaleX="0.001" fromScaleY="1" toScaleX="1" toScaleY="1">
					<Origin point="LEFT">
						<Offset x="1" y="0"/>
					</Origin>
				</LineScale>
			</AnimationGroup>
		</Animations>
	</Frame>
</Ui>
