<Ui xmlns="http://www.blizzard.com/wow/ui/" xmlns:xsi="http://www.w3.org/2001/XMLSchema-instance" xsi:schemaLocation="http://www.blizzard.com/wow/ui/
..\..\FrameXML\UI.xsd">
	<Button name="AzeriteEmpoweredItemPowerTemplate" mixin="AzeriteEmpoweredItemPowerMixin" virtual="true">
		<Size x="52" y="52" />
		<Frames>
			<Frame parentKey="FinalEffectContainer" useParentLevel="true" setAllPoints="true" hidden="true">
				<Layers>
					<Layer level="OVERLAY" textureSubLevel="6">
						<Texture parentKey="Wispy" atlas="Azerite-CenterBG-ChannelGlowBar-Effect" alphaMode="ADD" alpha=".25">
							<Size x="128" y="400" />
							<Anchors>
								<Anchor point="TOP" />
							</Anchors>
						</Texture>
					</Layer>
					<Layer level="OVERLAY" textureSubLevel="7">
						<Texture parentKey="Sparkles1" atlas="Azerite-CenterBG-ChannelGlowBar-Particles" useAtlasSize="true" alphaMode="ADD">
							<Anchors>
								<Anchor point="TOP" />
							</Anchors>
						</Texture>
						<Texture parentKey="Sparkles2" atlas="Azerite-CenterBG-ChannelGlowBar-Particles" useAtlasSize="true" alphaMode="ADD">
							<Anchors>
								<Anchor point="TOP" />
							</Anchors>
						</Texture>
						<Texture parentKey="Gold" atlas="Azerite-CenterBG-ChannelGlowBar-Gold" hidden="true">
							<Size x="128" y="512" />
							<Anchors>
								<Anchor point="TOP" />
							</Anchors>
						</Texture>
					</Layer>
				</Layers>
				<Animations>
					<AnimationGroup parentKey="SparkleAnim" setToFinalAlpha="true" looping="REPEAT">
						<Alpha parentKey="Sparkle1In" childKey="Sparkles1" duration="1.5" order="1" smoothing="IN_OUT" fromAlpha="0" toAlpha=".5" />
						<Alpha parentKey="Sparkle2In" childKey="Sparkles2" duration="1.5" order="2" smoothing="IN_OUT" fromAlpha="0" toAlpha=".5" />

						<Alpha parentKey="Sparkle1Out" childKey="Sparkles1" smoothing="IN_OUT" duration="1.5" order="2" fromAlpha=".5" toAlpha="0" />
						<Alpha parentKey="Sparkle2Out" childKey="Sparkles2" smoothing="IN_OUT" duration="1.5" order="1" fromAlpha=".5" toAlpha="0" />
					</AnimationGroup>

					<AnimationGroup parentKey="GoldOverlayAnim" setToFinalAlpha="true" looping="REPEAT">
						<Alpha childKey="Gold" duration="1.5" order="2" smoothing="IN_OUT" fromAlpha=".5" toAlpha=".8" />
						<Alpha childKey="Gold" smoothing="IN_OUT" duration="1.5" order="1" fromAlpha=".8" toAlpha=".5" />
					</AnimationGroup>
				</Animations>
				<Scripts>
					<OnUpdate>
						self:GetParent():OnFinalEffectUpdate(elapsed);
					</OnUpdate>
				</Scripts>
			</Frame>
		</Frames>
		<Layers>
			<Layer level="ARTWORK" textureSubLevel="-5">
				<Texture parentKey="PlugBg" atlas="Azerite-Center-TraitBG" useAtlasSize="true" />
			</Layer>
			<Layer level="ARTWORK" textureSubLevel="0">
				<Texture parentKey="IconOn">
					<Anchors>
						<Anchor point="CENTER" />
					</Anchors>
				</Texture>
			</Layer>
			<Layer level="ARTWORK" textureSubLevel="1">
				<Texture parentKey="IconOff">
					<Anchors>
						<Anchor point="CENTER" />
					</Anchors>
				</Texture>
			</Layer>
			<Layer level="ARTWORK" textureSubLevel="2">
				<Texture parentKey="IconDesaturated" desaturated="true">
					<Anchors>
						<Anchor point="TOPLEFT" relativeKey="$parent.IconOn"/>
						<Anchor point="BOTTOMRIGHT" relativeKey="$parent.IconOn"/>
					</Anchors>
				</Texture>
			</Layer>
			<Layer level="ARTWORK" textureSubLevel="3">
				<Texture parentKey="IconNotSelectableOverlay">
					<Anchors>
						<Anchor point="TOPLEFT" relativeKey="$parent.IconOn"/>
						<Anchor point="BOTTOMRIGHT" relativeKey="$parent.IconOn"/>
					</Anchors>
					<Color r=".102" g=".0863" b=".0667" a=".70" />
				</Texture>
			</Layer>
			<Layer level="ARTWORK" textureSubLevel="1">
				<MaskTexture parentKey="CircleMask" file="Interface/CharacterFrame/TempPortraitAlphaMask" hWrapMode="CLAMPTOBLACKADDITIVE" vWrapMode="CLAMPTOBLACKADDITIVE">
					<Anchors>
						<Anchor point="CENTER" />
					</Anchors>
					<MaskedTextures>
						<MaskedTexture childKey="IconOn" />
						<MaskedTexture childKey="IconOff" />
						<MaskedTexture childKey="IconDesaturated" />
						<MaskedTexture childKey="IconNotSelectableOverlay" />

						<MaskedTexture childKey="FinalEffectContainer.Wispy" />

						<MaskedTexture childKey="FinalEffectContainer.Sparkles1" />
						<MaskedTexture childKey="FinalEffectContainer.Sparkles2" />


						<MaskedTexture childKey="FinalEffectContainer.Gold" />
					</MaskedTextures>
				</MaskTexture>
			</Layer>
			<Layer level="ARTWORK" textureSubLevel="4">
				<Texture parentKey="IconBorder">
					<Anchors>
						<Anchor point="CENTER" />
					</Anchors>
				</Texture>
			</Layer>
			<Layer level="ARTWORK" textureSubLevel="5">
				<Texture parentKey="CanSelectGlow" alpha="0" alphaMode="ADD" atlas="Azerite-Trait-RingGlow" useAtlasSize="true">
					<Anchors>
						<Anchor point="CENTER" />
					</Anchors>
				</Texture>
				<Texture parentKey="Arrow" atlas="Azerite-PointingArrow" useAtlasSize="true">
					<Anchors>
						<Anchor point="BOTTOM" relativePoint="TOP" y="10" />
					</Anchors>
				</Texture>
				<Texture parentKey="IconBorderSelectable">
					<Anchors>
						<Anchor point="CENTER" />
					</Anchors>
				</Texture>
			</Layer>
		</Layers>
		<Frames>
			<ModelScene parentKey="ClickEffect" drawLayer="ARTWORK" inherits="NonInteractableModelSceneMixinTemplate">
				<Size x="700" y="700" />
				<Anchors>
					<Anchor point="CENTER" />
				</Anchors>
			</ModelScene>
			<ModelScene parentKey="CanSelectEffect" useParentLevel="true" drawLayer="BORDER" inherits="NonInteractableModelSceneMixinTemplate">
				<Size x="700" y="700" />
				<Anchors>
					<Anchor point="CENTER" />
				</Anchors>
			</ModelScene>
			<Frame parentKey="SwirlContainer" useParentLevel="true" inherits="PowerSwirlAnimationTemplate"/>
		</Frames>
		<Animations>
			<AnimationGroup parentKey="CanSelectGlowAnim" setToFinalAlpha="true" looping="REPEAT">
				<Alpha childKey="CanSelectGlow" duration="1.4" order="1" smoothing="IN_OUT" fromAlpha=".1" toAlpha=".5" />
				<Alpha childKey="CanSelectGlow" startDelay="1.8" smoothing="IN_OUT" duration="1.4" order="1" fromAlpha=".5" toAlpha=".1" />
			</AnimationGroup>
			<AnimationGroup parentKey="TransitionAnimation" setToFinalAlpha="true">
				<Alpha parentKey="Effect" childKey="CanSelectEffect" duration=".25" order="1" fromAlpha="0" toAlpha="1" />
				<Alpha parentKey="IconOn" childKey="IconOn" duration=".25" order="1" fromAlpha="0" toAlpha="1" />
				<Alpha parentKey="IconOff" childKey="IconOff" duration=".25" order="1" fromAlpha="0" toAlpha="1" />
				<Alpha parentKey="Desaturation" childKey="IconDesaturated" duration=".25" order="1" fromAlpha="0" toAlpha="1" />
				<Alpha parentKey="BorderSelectable" childKey="IconBorderSelectable" duration=".25" order="1" fromAlpha="0" toAlpha="1" />
				<Alpha parentKey="IconNotSelectableOverlay" childKey="IconNotSelectableOverlay" duration=".25" order="1" fromAlpha="0" toAlpha="1" />
				<Alpha parentKey="IconBorder" childKey="IconBorder" duration=".25" order="1" fromAlpha="0" toAlpha="1" />
				<Scripts>
					<OnFinished>
						self:GetParent():OnTransitionAnimationFinished();
					</OnFinished>
				</Scripts>
			</AnimationGroup>
			<AnimationGroup parentKey="CanSelectArrowAnim" setToFinalAlpha="true" looping="REPEAT">
				<Translation childKey="Arrow" duration=".6" order="1" smoothing="IN_OUT" offsetY="10"/>
				<Translation childKey="Arrow" startDelay=".6" duration=".6" order="1" smoothing="IN_OUT" offsetY="-10" />
			</AnimationGroup>
		</Animations>
		<Scripts>
			<OnShow method="OnShow" />
			<OnHide method="OnHide" />
			<OnEvent method="OnEvent" />
			<OnEnter method="OnEnter" />
			<OnLeave method="OnLeave" />
			<OnClick method="OnClick" />
		</Scripts>
	</Button>
</Ui>