<Ui xmlns="http://www.blizzard.com/wow/ui/" xmlns:xsi="http://www.w3.org/2001/XMLSchema-instance" xsi:schemaLocation="http://www.blizzard.com/wow/ui/
..\FrameXML\UI.xsd">
	<Script file="AM_QuestDialog.lua"/>

	<Button name="AdventureMapQuestRewardTemplate" enableMouse="true" virtual="true">
		<Size x="135" y="41" />
		<Layers>
			<Layer level="BACKGROUND">
				<Texture parentKey="Icon">
					<Size x="39" y="39" />
					<Anchors>
						<Anchor point="LEFT" />
					</Anchors>
				</Texture>
				<Texture parentKey="ItemNameBG" atlas="AdventureMapQuest-ItemNameBG">
					<Size x="95" y="38" />
					<Anchors>
						<Anchor point="LEFT" relativeKey="$parent.Icon" relativePoint="RIGHT" x="2" />
					</Anchors>
				</Texture>
			</Layer>
			<Layer level="BORDER">
				<FontString parentKey="Name" inherits="GameFontHighlight" justifyH="LEFT">
					<Anchors>
						<Anchor point="TOPLEFT" relativeKey="$parent.ItemNameBG" x="5" />
						<Anchor point="BOTTOMRIGHT" relativeKey="$parent.ItemNameBG" x="-5" />
					</Anchors>
				</FontString>
				<Texture parentKey="Overlay">
					<Size x="64" y="64" />
					<Anchors>
						<Anchor point="CENTER" relativeKey="$parent.Icon" />
					</Anchors>
				</Texture>
			</Layer>
			<Layer level="ARTWORK">
				<FontString parentKey="Count" inherits="NumberFontNormal" justifyH="RIGHT">
					<Anchors>
						<Anchor point="BOTTOMRIGHT" relativeKey="$parent.Icon" x="-1" y="1" />
					</Anchors>
				</FontString>
			</Layer>
		</Layers>
		<Scripts>
			<OnEnter>
				if self.tooltipText then
					GameTooltip:SetOwner(self, "ANCHOR_RIGHT");
					GameTooltip:SetText(self.tooltipText, HIGHLIGHT_FONT_COLOR.r, HIGHLIGHT_FONT_COLOR.g, HIGHLIGHT_FONT_COLOR.b, nil, true);
				end
			</OnEnter>

			<OnLeave function="GameTooltip_Hide" />
		</Scripts>
	</Button>

	<Frame name="AdventureMapQuestChoiceDialog" hidden="true" enableMouse="true" mixin="AdventureMapQuestChoiceDialogMixin">
		<Size x="295" y="380" />
		<Anchors>
			<Anchor point="CENTER" />
		</Anchors>

		<Layers>
			<Layer level="BACKGROUND" textureSubLevel="1">
				<Texture parentKey="Portrait" />

				<Texture parentKey="Rewards" atlas="AdventureMapQuest-RewardsPanel">
					<Size x="285" />
					<Anchors>
						<Anchor point="BOTTOM" y="27" />
					</Anchors>
				</Texture>
			</Layer>
			<Layer level="BACKGROUND">
				<Texture parentKey="Background" atlas="AdventureMapQuest-QuestPane" useAtlasSize="true">
					<Anchors>
						<Anchor point="CENTER" />
					</Anchors>
				</Texture>
			</Layer>
			<Layer level="ARTWORK">
				<FontString parentKey="RewardsHeader" inherits="QuestFont_Shadow_Huge" text="QUEST_REWARDS" justifyH="CENTER" justifyV="MIDDLE">
					<Anchors>
						<Anchor point="TOPLEFT" relativeKey="$parent.Rewards" y="-10" />
						<Anchor point="BOTTOMRIGHT" relativeKey="$parent.Rewards" relativePoint="TOPRIGHT" y="-42" />
					</Anchors>
					<Color color="AREA_NAME_FONT_COLOR"/>
				</FontString>
			</Layer>
		</Layers>

		<Frames>
			<Button inherits="UIPanelCloseButton" parentKey="CloseButton">
				<Anchors>
					<Anchor point="TOPRIGHT" x="3" y="-9" />
				</Anchors>
				<Scripts>
					<OnClick>
						PlaySound(SOUNDKIT.IG_QUEST_CANCEL);
						self:GetParent():DeclineQuest();
					</OnClick>
				</Scripts>
			</Button>

			<ScrollFrame parentKey="Details" inherits="UIPanelScrollFrameCodeTemplate">
				<Size x="253" y="212"/>
				<Anchors>
					<Anchor point="TOPLEFT" x="12" y="-50"/>
				</Anchors>

				<KeyValues>
					<KeyValue key="scrollBarHideable" value="true" type="boolean" />
				</KeyValues>

				<Frames>
					<Slider parentKey="ScrollBar">
						<Size x="16" y="0"/>
						<Anchors>
							<Anchor point="TOPLEFT" relativePoint="TOPRIGHT" x="6" y="-6"/>
							<Anchor point="BOTTOMLEFT" relativePoint="BOTTOMRIGHT" x="6" y="6"/>
						</Anchors>

						<Frames>
							<Button parentKey="ScrollUpButton" inherits="UIPanelScrollUpButtonTemplate">
								<Anchors>
									<Anchor point="BOTTOM" relativePoint="TOP" x="0" y="-2"/>
								</Anchors>
								<Scripts>
									<OnClick>
										local parent = self:GetParent();
										local scrollStep = self:GetParent().scrollStep or (parent:GetHeight() / 2);
										parent:SetValue(parent:GetValue() - scrollStep);
										PlaySound(SOUNDKIT.U_CHAT_SCROLL_BUTTON);
									</OnClick>
								</Scripts>
							</Button>
							<Button parentKey="ScrollDownButton" inherits="UIPanelScrollDownButtonTemplate">
								<Anchors>
									<Anchor point="TOP" relativePoint="BOTTOM" x="0" y="2"/>
								</Anchors>
								<Scripts>
									<OnClick>
										local parent = self:GetParent();
										local scrollStep = self:GetParent().scrollStep or (parent:GetHeight() / 2);
										parent:SetValue(parent:GetValue() + scrollStep);
										PlaySound(SOUNDKIT.U_CHAT_SCROLL_BUTTON);
									</OnClick>
								</Scripts>
							</Button>
						</Frames>

						<Layers>
							<Layer level="ARTWORK">
								<Texture parentKey="Top" file="Interface\PaperDollInfoFrame\UI-Character-ScrollBar">
									<Size x="24" y="48"/>
									<Anchors>
										<Anchor point="TOPLEFT" x="-4" y="17"/>
									</Anchors>
									<TexCoords left="0" right="0.45" top="0" bottom=".20"/>
								</Texture>
								<Texture parentKey="Bottom" file="Interface\PaperDollInfoFrame\UI-Character-ScrollBar">
									<Size x="24" y="64"/>
									<Anchors>
										<Anchor point="BOTTOMLEFT" x="-4" y="-15"/>
									</Anchors>
									<TexCoords left="0.515625" right="0.97" top="0.1440625" bottom="0.4140625"/>
								</Texture>
								<Texture parentKey="Middle" file="Interface\PaperDollInfoFrame\UI-Character-ScrollBar">
									<Anchors>
										<Anchor point="TOPLEFT" relativeKey="$parent.Top" relativePoint="BOTTOMLEFT"/>
										<Anchor point="BOTTOMRIGHT" relativeKey="$parent.Bottom" relativePoint="TOPRIGHT"/>
									</Anchors>
									<TexCoords left="0" right="0.45" top="0.1640625" bottom="1"/>
								</Texture>
							</Layer>
							<Layer level="ARTWORK" textureSubLevel="-1">
								<Texture parentKey="Background">
									<Anchors>
										<Anchor point="TOPLEFT" relativeKey="$parent.Top" x="3" />
										<Anchor point="BOTTOMRIGHT" relativeKey="$parent.Bottom" x="-3"/>
									</Anchors>
									<Color r="0" g="0" b="0" a="1"/>
								</Texture>
							</Layer>
						</Layers>

						<Scripts>
							<OnValueChanged>
								self:GetParent():SetVerticalScroll(value);
							</OnValueChanged>
						</Scripts>

						<ThumbTexture parentKey="ThumbTexture" inherits="UIPanelScrollBarButton" file="Interface\Buttons\UI-ScrollBar-Knob">
							<Size x="18" y="24"/>
							<TexCoords left="0.20" right="0.80" top="0.125" bottom="0.875"/>
						</ThumbTexture>
					</Slider>
				</Frames>

				<ScrollChild>
					<Frame parentKey="Child">
						<Size x="255" y="1"/>
						<Layers>
							<Layer level="BACKGROUND">
								<FontString parentKey="TitleHeader" parentArray="Elements" inherits="QuestTitleFont" justifyH="LEFT">
									<Anchors>
										<Anchor point="TOPLEFT" x="10" y="-10"/>
										<Anchor point="TOPRIGHT" x="-10"/>
									</Anchors>
								</FontString>
								<FontString parentKey="DescriptionText" parentArray="Elements" inherits="QuestFont" justifyH="LEFT">
									<Anchors>
										<Anchor point="TOPLEFT" relativeKey="$parent.TitleHeader" relativePoint="BOTTOMLEFT" y="-5"/>
										<Anchor point="TOPRIGHT" relativeKey="$parent.TitleHeader" relativePoint="BOTTOMRIGHT" />
									</Anchors>
								</FontString>

								<FontString parentKey="ObjectivesHeader" parentArray="Elements" inherits="QuestTitleFont" text="QUEST_OBJECTIVES" justifyH="LEFT">
									<Anchors>
										<Anchor point="TOPLEFT" relativeKey="$parent.DescriptionText" relativePoint="BOTTOMLEFT" y="-15"/>
										<Anchor point="TOPRIGHT" relativeKey="$parent.DescriptionText" relativePoint="BOTTOMRIGHT" />
									</Anchors>
								</FontString>

								<FontString parentKey="ObjectivesText" parentArray="Elements" inherits="QuestFont" justifyH="LEFT">
									<Anchors>
										<Anchor point="TOPLEFT" relativeKey="$parent.ObjectivesHeader" relativePoint="BOTTOMLEFT" y="-5"/>
										<Anchor point="TOPRIGHT" relativeKey="$parent.ObjectivesHeader" relativePoint="BOTTOMRIGHT" />
									</Anchors>
								</FontString>
							</Layer>
						</Layers>
					</Frame>
				</ScrollChild>
			</ScrollFrame>

			<Button parentKey="DeclineButton" inherits="UIPanelButtonTemplate" text="DECLINE">
				<Size x="78" y="22"/>
				<Anchors>
					<Anchor point="BOTTOMRIGHT" x="-6" y="2"/>
				</Anchors>
				<Scripts>
					<OnClick>
						PlaySound(SOUNDKIT.IG_QUEST_CANCEL);
						self:GetParent():DeclineQuest();
					</OnClick>
				</Scripts>
			</Button>
			<Button parentKey="AcceptButton" inherits="UIPanelButtonTemplate" text="ACCEPT">
				<Size x="77" y="22"/>
				<Anchors>
					<Anchor point="BOTTOMLEFT" x="6" y="2"/>
				</Anchors>
				<Scripts>
					<OnClick>
						self:GetParent():AcceptQuest();
					</OnClick>
				</Scripts>
			</Button>
		</Frames>

		<Scripts>
			<OnLoad method="OnLoad" />
			<OnShow method="OnShow" />
			<OnHide method="OnHide" />
			<OnEvent method="OnEvent" />
		</Scripts>

		<Animations>
			<AnimationGroup parentKey="FadeIn" setToFinalAlpha="true">
				<Alpha fromAlpha="0" toAlpha="0" duration=".3" order="1"/>
				<Alpha fromAlpha="0" toAlpha="1" duration=".15" order="2"/>
			</AnimationGroup>
		</Animations>
	</Frame>
</Ui>