<Ui xmlns="http://www.blizzard.com/wow/ui/" xmlns:xsi="http://www.w3.org/2001/XMLSchema-instance" xsi:schemaLocation="http://www.blizzard.com/wow/ui/
..\FrameXML\UI.xsd">
	<Script file="ChannelFrame.lua"/>

	<Frame name="ChannelFrame" toplevel="true" parent="UIParent" hidden="true" mixin="ChannelFrameMixin" inherits="ButtonFrameTemplate">
		<Size x="402" y="423"/>
		<Anchors>
			<Anchor point="TOPLEFT"/>
		</Anchors>
		<Layers>
			<Layer level="OVERLAY" textureSubLevel="-1">
				<Texture parentKey="Icon" file="Interface\FriendsFrame\Battlenet-Portrait">
					<Size x="60" y="60"/>
					<Anchors>
						<Anchor point="TOPLEFT" x="-5" y="7"/>
					</Anchors>
				</Texture>
			</Layer>
			<Layer level="OVERLAY">
				<FontString parentKey="TitleText" inherits="GameFontNormal" text="CHAT_CHANNELS">
					<Size x="0" y="16"/>
					<Anchors>
						<Anchor point="TOP" y="-3"/>
					</Anchors>
				</FontString>
			</Layer>
		</Layers>
		<Frames>
			<Button parentKey="NewButton" inherits="UIPanelButtonTemplate" text="ADD">
				<Size x="80" y="22"/>
				<Anchors>
					<Anchor point="BOTTOMLEFT" x="1.0" y="4.0" />
				</Anchors>
				<Scripts>
					<OnClick>
						self:GetParent():ToggleCreateChannel();
					</OnClick>
				</Scripts>
			</Button>
			<Button parentKey="SettingsButton" inherits="UIPanelButtonTemplate" text="SETTINGS">
				<Size x="136" y="22"/>
				<Anchors>
					<Anchor point="BOTTOMRIGHT" x="-4" y="4" />
				</Anchors>
				<Scripts>
					<OnClick>
						self:GetParent():ToggleVoiceSettings();
					</OnClick>
				</Scripts>
			</Button>
			<ScrollFrame parentKey="ChannelList" inherits="ChannelListTemplate">
				<Size x="178" y="0"/>
				<Anchors>
					<Anchor point="TOPLEFT" x="7" y="-67" />
					<Anchor point="BOTTOMLEFT" x="7" y="28" />
				</Anchors>
			</ScrollFrame>
			<Frame parentKey="LeftInset" inherits="InsetFrameTemplate">
				<Anchors>
					<Anchor point="TOPLEFT" relativeKey="$parent.ChannelList" x="-5" y="7" />
					<Anchor point="BOTTOMRIGHT" relativeKey="$parent.ChannelList" x="0" y="-2" />
				</Anchors>
			</Frame>

			<Frame parentKey="ChannelRoster" inherits="ChannelRosterTemplate">
				<Size x="1" y="0" />
				<Anchors>
					<Anchor point="TOPRIGHT" x="-26" y="-64" />
					<Anchor point="BOTTOMRIGHT" x="-26" y="28" />
				</Anchors>
			</Frame>
			<Frame parentKey="RightInset" inherits="InsetFrameTemplate">
				<Anchors>
					<Anchor point="TOPLEFT" relativeKey="$parent.ChannelRoster" x="0" y="4" />
					<Anchor point="BOTTOMRIGHT" relativeKey="$parent.ChannelRoster.ScrollFrame.scrollBar" relativePoint="BOTTOMLEFT" x="-2" y="-16" />
				</Anchors>
			</Frame>

			<Frame parentKey="Tutorial" inherits="GlowBoxTemplate" enableMouse="true" hidden="true" frameStrata="DIALOG">
				<Size x="220" y="100"/>
				<Layers>
					<Layer level="OVERLAY">
						<FontString parentKey="Text" inherits="GameFontHighlightLeft" justifyV="TOP" text="TUTORIAL_VOICE">
							<Size x="188" y="0"/>
							<Anchors>
								<Anchor point="TOPLEFT" x="16" y="-14"/>
							</Anchors>
						</FontString>
					</Layer>
				</Layers>
				<Frames>
					<Button parentKey="CloseButton" inherits="UIPanelCloseButton">
						<Anchors>
							<Anchor point="TOPRIGHT" x="6" y="6"/>
						</Anchors>
						<Scripts>
							<OnClick inherit="append">
								SetCVarBitfield("closedInfoFrames", LE_FRAME_TUTORIAL_CHAT_CHANNELS, true);
							</OnClick>
						</Scripts>
					</Button>
					<Frame parentKey="Arrow" inherits="GlowBoxArrowTemplate">
						<Anchors>
							<Anchor point="RIGHT" relativePoint="LEFT" x="34" y="16"/>
						</Anchors>
					</Frame>
				</Frames>
				<Scripts>
					<OnLoad>
						self.Text:SetSpacing(4);
						SetClampedTextureRotation(self.Arrow.Arrow, 90);
						SetClampedTextureRotation(self.Arrow.Glow, 90);
						self.Arrow.Glow:ClearAllPoints();
						self.Arrow.Glow:SetPoint("CENTER", self.Arrow.Arrow, "CENTER", -5, 0);
					</OnLoad>
					<OnShow>
						self:SetHeight(self.Text:GetHeight() + 32);
					</OnShow>
				</Scripts>
			</Frame>

			<Frame parentKey="Dropdown" hidden="true"/>
		</Frames>
		<Scripts>
			<OnLoad method="OnLoad"/>
			<OnShow method="OnShow"/>
			<OnHide method="OnHide"/>
			<OnEvent method="OnEvent"/>
			<OnUpdate method="OnUpdate"/>
		</Scripts>
	</Frame>
</Ui>
