<Ui xmlns="http://www.blizzard.com/wow/ui/" xmlns:xsi="http://www.w3.org/2001/XMLSchema-instance" xsi:schemaLocation="http://www.blizzard.com/wow/ui/
..\FrameXML\UI.xsd">
	<Script file="ChannelButton.lua"/>

	<Button name="VoiceChatSpeakerTemplate" hidden="true" virtual="true">
		<Layers>
			<Layer level="BACKGROUND">
				<Texture parentKey="Icon" file="Interface\Common\VoiceChat-Speaker" setAllPoints="true"/>
				<Texture parentKey="Flash" file="Interface\Common\VoiceChat-On" setAllPoints="true" hidden="true"/>
			</Layer>
			<Layer level="OVERLAY">
				<Texture parentKey="Muted" file="Interface\Common\VoiceChat-Muted" setAllPoints="true" hidden="true"/>
			</Layer>
		</Layers>
	</Button>

	<Button name="ChannelButtonBaseTemplate" registerForClicks="LeftButtonUp,RightButtonUp" mixin="ChannelButtonBaseMixin" virtual="true">
		<Size x="175" y="27"/>
		<NormalTexture parentKey="NormalTexture" atlas="voicechat-channellist-row-background" alphaMode="ADD"/>
		<HighlightTexture parentKey="HighlightTexture" atlas="voicechat-channellist-row-highlight" alphaMode="ADD"/>
		<ButtonText parentKey="Text">
			<Size x="135" y="8"/>
			<Anchors>
				<Anchor point="LEFT" x="6" y="0"/>
				<Anchor point="RIGHT" x="-6" y="0"/>
			</Anchors>
		</ButtonText>
		<NormalFont style="GameFontNormalSmallLeft"/>
		<HighlightFont style="GameFontHighlightSmallLeft"/>
		<Scripts>
			<OnLoad method="OnLoad"/>
			<OnClick method="OnClick"/>
		</Scripts>
	</Button>

	<Button name="ChannelButtonHeaderTemplate" mixin="ChannelButtonHeaderMixin" inherits="ChannelButtonBaseTemplate" virtual="true">
		<Size x="173" y="20"/>
		<NormalTexture parentKey="NormalTexture" atlas="voicechat-channellist-category-background"/>
		<HighlightTexture parentKey="HighlightTexture" file="Interface\PaperDollInfoFrame\UI-Character-Tab-Highlight" alphaMode="ADD"/>
		<Layers>
			<Layer level="ARTWORK">
				<Texture parentKey="Collapsed" atlas="voicechat-channellist-category-minus" hidden="true" useatlassize="true">
					<Anchors>
						<Anchor point="TOPRIGHT" x="-8" y="-6"/>
					</Anchors>
				</Texture>
			</Layer>
		</Layers>
	</Button>

	<Button name="ChannelButtonTemplate" mixin="ChannelButtonMixin" inherits="ChannelButtonBaseTemplate" virtual="true">
		<Frames>
			<Frame parentKey="Speaker" inherits="VoiceChatHeadsetTemplate">
				<Size x="27" y="27"/>
				<Anchors>
					<Anchor point="RIGHT" x="-4"/>
				</Anchors>
			</Frame>
		</Frames>
	</Button>

	<Button name="ChannelButtonTextTemplate" mixin="ChannelButtonTextMixin" inherits="ChannelButtonTemplate" virtual="true"/>
	<Button name="ChannelButtonVoiceTemplate" mixin="ChannelButtonVoiceMixin" inherits="ChannelButtonTemplate" virtual="true"/>
	<Button name="ChannelButtonCommunityTemplate" mixin="ChannelButtonCommunityMixin" inherits="ChannelButtonTemplate" virtual="true"/>
</Ui>