<Ui xmlns="http://www.blizzard.com/wow/ui/" xmlns:xsi="http://www.w3.org/2001/XMLSchema-instance" xsi:schemaLocation="http://www.blizzard.com/wow/ui/
..\..\FrameXML\UI.xsd">
	<Script file="InspectTalentFrame.lua"/>
	
	<!-- Talent button template, taken from PlayerTalentButtonTemplate in Blizzard_TalentUI.xml -->
	<Button name="InspectTalentButtonTemplate" virtual="true">
		<Size x="26" y="26"/>
		<Layers>
			<Layer level="BACKGROUND">
				<Texture name="$parentIconTexture" parentKey="icon">
					<Size x="26" y="26"/>
					<Anchors>
						<Anchor point="CENTER" x="-1" y="2"/>
					</Anchors>
				</Texture>
			</Layer>
			<Layer level="ARTWORK" textureSubLevel="1">
				<Texture name="$parentSlot" inherits="Talent-SingleBorder" parentKey="Slot">
					<Size x="26" y="26"/>
					<Anchors>
						<Anchor point="CENTER" x="-1" y="2"/>
					</Anchors>
				</Texture>
			</Layer>
			<Layer level="OVERLAY">
				<Texture name="$parentBorder" parentKey="border" atlas="inspect-talent-selected" useAtlasSize="true">
					<Anchors>
						<Anchor point="CENTER" x="-1" y="2"/>
					</Anchors>
				</Texture>
			</Layer>
		</Layers>
		<Scripts>
			<OnEnter>
				InspectTalentFrameTalent_OnEnter(self);
			</OnEnter> 
			<OnLeave>
				GameTooltip_Hide();
			</OnLeave>
			<OnClick function="InspectTalentFrameTalent_OnClick" />
		</Scripts>
	</Button>
	
	<!-- Row of player talents, taken from PlayerTalentRowTemplate in Blizzard_TalentUI.xml -->
	<Frame name="InspectTalentRowTemplate" virtual="true">
		<Size x="110" y="26"/>
		<Frames>
			<Button name="$parentTalent1" inherits="InspectTalentButtonTemplate" parentKey="talent1">
				<Anchors>
					<Anchor point="LEFT" x="0" y="0"/>
				</Anchors>
			</Button>
			<Button name="$parentTalent2" inherits="InspectTalentButtonTemplate" parentKey="talent2">
				<Anchors>
					<Anchor point="LEFT" relativeTo="$parentTalent1" relativePoint="RIGHT" x="16"/>
				</Anchors>
			</Button>
			<Button name="$parentTalent3" inherits="InspectTalentButtonTemplate" parentKey="talent3">
				<Anchors>
					<Anchor point="LEFT" relativeTo="$parentTalent2" relativePoint="RIGHT" x="16"/>
				</Anchors>
			</Button>
		</Frames>
	</Frame>
	
	<Frame name="InspectTalentFrame" setAllPoints="true" useParentLevel="true" enableMouse="true" parent="InspectFrame" hidden="true" id="4">
		<Layers>
			<!-- Blue background behind spec ring -->
			<Layer level="BACKGROUND" textureSubLevel="-1">
				<Texture file="Interface\Common\bluemenu-main">
					<Size x="325" y="70"/>
					<Anchors>
						<Anchor point="TOPLEFT" x="6" y="-64" />
					</Anchors>
					<TexCoords left="0.00390625" right="0.82421875" top="0.18554688" bottom="0.58984375"/>
				</Texture>
			</Layer>
			<!-- Gold border bar separating blue and black areas-->
			<Layer level="BORDER">
				<Texture atlas="_Talent-Top-Tile" horizTile="true">
					<Size x="0" y="11"/>
					<Anchors>
						<Anchor point="TOPLEFT"  x="7" y="-130"/>
						<Anchor point="TOPRIGHT" x="-9" y="-130"/>
					</Anchors>
				</Texture>
			</Layer>
		</Layers>
		<Frames>
			<!-- Specialization -->
			<Frame name="Specialization" parentKey="InspectSpec">
				<Size x="300" y="100"/>
				<Anchors>
					<Anchor point="TOPLEFT" x="0" y="-45"/>
				</Anchors>
				<Layers>
					
					<Layer level="ARTWORK">
						<Texture name="$parentRing" atlas="Talent-RingWithDot" parentKey="ring">
							<Size x="101" y="101"/>
							<Anchors>
								<Anchor point="TOPLEFT" x="5" y="-3"/>
							</Anchors>
						</Texture>
						<FontString name="$parentSpecName" inherits="BossEmoteNormalHuge" justifyH="BOTTOM" parentKey="specName">
							<Anchors>
								<Anchor point="BOTTOMLEFT" relativeTo="$parentRing" relativePoint="RIGHT" x="-3" y="1"/>
							</Anchors>
							<Color r="0.984375" g="0.828125" b="0"/>
						</FontString>
						<Texture name="$parentRoleIcon" file="Interface\LFGFrame\UI-LFG-ICON-ROLES"	parentKey="roleIcon">
							<Size x="20" y="20"/>
							<Anchors>
								<Anchor point="TOPLEFT" relativeTo="$parentRing" relativePoint="RIGHT" x="-5" y="-3" />
							</Anchors>
						</Texture>
						<FontString inherits="GameFontHighlightMedium" parentKey="roleName">
							<Anchors>
								<Anchor point="LEFT" relativeTo="$parentRoleIcon" relativePoint="RIGHT" x="3" y="1" />
							</Anchors>
							<Color r="0.48828125" g="0.50390625" b="0.515625"/>
						</FontString>
						<FontString name="$parentDescription" inherits="GameFontWhite" justifyH="LEFT" parentKey="description">
							<Size x="370" y="0"/>
							<Anchors>
								<Anchor point="TOPLEFT" relativeTo="$parentRing" relativePoint="BOTTOMLEFT" x="15" y="-8"/>
							</Anchors>
						</FontString>
					</Layer>
					<Layer level="BORDER" textureSubLevel="3">
						<Texture name="$parentSpecIcon" parentKey="specIcon">
							<Size x="70" y="70"/>
							<Anchors>
								<Anchor point="CENTER" relativeTo="$parentRing" x="-1" y="1" />
							</Anchors>
						</Texture>
					</Layer>
				</Layers>
				<Scripts>
					<OnShow function="InspectTalentFrameSpec_OnShow"/>
					<OnEnter function="InspectTalentFrameSpec_OnEnter"/>
					<OnLeave function="InspectTalentFrameSpec_OnLeave"/>
				</Scripts>
			</Frame>
			
			<!-- Talents -->
			<Frame name="Talents" parentKey="InspectTalents">
				<Size x="300" y="300"/>
				<Anchors>
					<Anchor point="TOP" x="0" y="0"/>
				</Anchors>
				<Frames>
					<Frame name="$parentTalentRow1" inherits="InspectTalentRowTemplate" parentKey="tier1" id="1">
						<Anchors>
							<Anchor point="TOP" x="0" y="-152"/>
						</Anchors>				
					</Frame>
					<Frame name="$parentTalentRow2" inherits="InspectTalentRowTemplate" parentKey="tier2" id="2">
						<Anchors>
							<Anchor point="TOPLEFT" relativeTo="$parentTalentRow1" relativePoint="BOTTOMLEFT" x="0" y="-12"/>
						</Anchors>				
					</Frame>
					<Frame name="$parentTalentRow3" inherits="InspectTalentRowTemplate" parentKey="tier3" id="3">
						<Anchors>
							<Anchor point="TOPLEFT" relativeTo="$parentTalentRow2" relativePoint="BOTTOMLEFT" x="0" y="-12"/>
						</Anchors>				
					</Frame>
					<Frame name="$parentTalentRow4" inherits="InspectTalentRowTemplate" parentKey="tier4" id="4">
						<Anchors>
							<Anchor point="TOPLEFT" relativeTo="$parentTalentRow3" relativePoint="BOTTOMLEFT" x="0" y="-12"/>
						</Anchors>				
					</Frame>
					<Frame name="$parentTalentRow5" inherits="InspectTalentRowTemplate" parentKey="tier5" id="5">
						<Anchors>
							<Anchor point="TOPLEFT" relativeTo="$parentTalentRow4" relativePoint="BOTTOMLEFT" x="0" y="-12"/>
						</Anchors>				
					</Frame>
					<Frame name="$parentTalentRow6" inherits="InspectTalentRowTemplate" parentKey="tier6" id="6">
						<Anchors>
							<Anchor point="TOPLEFT" relativeTo="$parentTalentRow5" relativePoint="BOTTOMLEFT" x="0" y="-12"/>
						</Anchors>				
					</Frame>
					<Frame name="$parentTalentRow7" inherits="InspectTalentRowTemplate" parentKey="tier7" id="7">
						<Anchors>
							<Anchor point="TOPLEFT" relativeTo="$parentTalentRow6" relativePoint="BOTTOMLEFT" x="0" y="-12"/>
						</Anchors>
					</Frame>
				</Frames>
				<Scripts>
					<OnShow function="InspectTalentFrameTalents_OnShow"/>
					<OnLoad function="InspectTalentFrameTalents_OnLoad"/>
				</Scripts>
			</Frame>
			
		</Frames>
	<Scripts>
			<OnLoad function="InspectTalentFrame_OnLoad"/>
			<OnEvent function="InspectTalentFrame_OnEvent"/>
			<OnShow function="InspectTalentFrame_OnShow"/>
	</Scripts>
	</Frame>
</Ui>
