<Ui xmlns="http://www.blizzard.com/wow/ui/" xmlns:xsi="http://www.w3.org/2001/XMLSchema-instance" xsi:schemaLocation="http://www.blizzard.com/wow/ui/
..\FrameXML\UI.xsd">
	<Script file="Blizzard_GarrisonMissionTemplates.lua"/>

	<Button name="GarrisonMissionFrameTabTemplate" virtual="true">
		<Size x="115" y="42"/>
		<Layers>
			<Layer level="BACKGROUND">
				<Texture parentKey="LeftDisabled" file="Interface\AchievementFrame\UI-Achievement-Header">
					<Size x="21" y="59"/>
					<Anchors>
						<Anchor point="TOPLEFT" x="0" y="3"/>
					</Anchors>
					<TexCoords left="0.47265625" right="0.513671875" top="0.76953125" bottom="1.0"/>
				</Texture>
				<Texture parentKey="MiddleDisabled" file="Interface\AchievementFrame\UI-Achievement-Header">
					<Size x="88" y="59"/>
					<Anchors>
						<Anchor point="LEFT" relativeKey="$parent.LeftDisabled" relativePoint="RIGHT"/>
					</Anchors>
					<TexCoords left="0.513671875" right="0.685546875" top="0.76953125" bottom="1.0"/>
				</Texture>
				<Texture parentKey="RightDisabled" file="Interface\AchievementFrame\UI-Achievement-Header">
					<Size x="18" y="59"/>
					<Anchors>
						<Anchor point="LEFT" relativeKey="$parent.MiddleDisabled" relativePoint="RIGHT"/>
					</Anchors>
					<TexCoords left="0.685546875" right="0.720703125" top="0.76953125" bottom="1.0"/>
				</Texture>
				<Texture parentKey="Left" file="Interface\AchievementFrame\UI-Achievement-Header">
					<Size x="21" y="49"/>
					<Anchors>
						<Anchor point="TOPLEFT"/>
					</Anchors>
					<TexCoords left="0.47265625" right="0.513671875" top="0.76953125" bottom="1.0"/>
				</Texture>
				<Texture parentKey="Middle" file="Interface\AchievementFrame\UI-Achievement-Header">
					<Size x="88" y="49"/>
					<Anchors>
						<Anchor point="LEFT" relativeKey="$parent.Left" relativePoint="RIGHT"/>
					</Anchors>
					<TexCoords left="0.513671875" right="0.685546875" top="0.76953125" bottom="1.0"/>
				</Texture>
				<Texture parentKey="Right" file="Interface\AchievementFrame\UI-Achievement-Header">
					<Size x="18" y="49"/>
					<Anchors>
						<Anchor point="LEFT" relativeKey="$parent.Middle" relativePoint="RIGHT"/>
					</Anchors>
					<TexCoords left="0.685546875" right="0.720703125" top="0.76953125" bottom="1.0"/>
				</Texture>
				<Texture parentKey="LeftHighlight" file="Interface\AchievementFrame\UI-Achievement-Header" hidden="true" alphaMode="ADD">
					<Size x="32" y="49"/>
					<Anchors>
						<Anchor point="TOPLEFT" x="-3" y="-1"/>
					</Anchors>
					<TexCoords left="0.720703125" right="0.783203125" top="0.76953125" bottom="1.0"/>
				</Texture>
				<Texture parentKey="RightHighlight" file="Interface\AchievementFrame\UI-Achievement-Header" hidden="true" alphaMode="ADD">
					<Size x="18" y="49"/>
					<Anchors>
						<Anchor point="TOPRIGHT" x="-4" y="-1"/>
					</Anchors>
					<TexCoords left="0.923828125" right="0.986328125" top="0.76953125" bottom="1.0"/>
				</Texture>
				<Texture parentKey="MiddleHighlight" file="Interface\AchievementFrame\UI-Achievement-Header" hidden="true" alphaMode="ADD">
					<Size x="88" y="49"/>
					<Anchors>
						<Anchor point="LEFT" relativeKey="$parent.LeftHighlight" relativePoint="RIGHT"/>
						<Anchor point="RIGHT" relativeKey="$parent.RightHighlight" relativePoint="LEFT"/>
					</Anchors>
					<TexCoords left="0.783203125" right="0.923828125" top="0.76953125" bottom="1.0"/>
				</Texture>
			</Layer>
		</Layers>
		<Scripts>
			<OnLoad>
				self.Left:SetVertexColor(0.6, 0.6, 0.6);
				self.Middle:SetVertexColor(0.6, 0.6, 0.6);
				self.Right:SetVertexColor(0.6, 0.6, 0.6);
				self.deselectedTextY = 2;
				self.selectedTextY = 2;
			</OnLoad>
			<OnEnter function="GarrisonMissionFrameTab_OnEnter"/>
			<OnLeave function="GarrisonMissionFrameTab_OnLeave"/>
			<OnShow>
				PanelTemplates_TabResize(self, 10);
			</OnShow>
			<OnClick function="GarrisonMissionController_OnClickTab"/>
		</Scripts>
		<ButtonText name="$parentText" parentKey="Text">
			<Anchors>
				<Anchor point="CENTER" x="0" y="-3"/>
			</Anchors>
		</ButtonText>
		<NormalFont style="GameFontNormalSmall"/>
		<HighlightFont style="GameFontHighlightSmall"/>
		<DisabledFont style="GameFontHighlightSmall"/>
	</Button>

	<Frame name="GarrisonMissionRewardEffectsTemplate" parentArray="Rewards" virtual="true">
		<Size x="152" y="41"/>
		<Layers>
			<Layer level="BACKGROUND">
				<Texture parentKey="BG" atlas="GarrMission_ItemFrame" useAtlasSize="true">
					<Anchors>
						<Anchor point="RIGHT"/>
					</Anchors>
				</Texture>
				<Texture parentKey="Icon">
					<Size x="42" y="42"/>
					<Anchors>
						<Anchor point="LEFT" x="1"/>
					</Anchors>
				</Texture>
			</Layer>
			<Layer level="BORDER">
				<Texture parentKey="ItemBurst" hidden="false" alpha="0" alphaMode="ADD" atlas="BonusChest-Burst-Uncommon" useAtlasSize="true">
					<Anchors>
						<Anchor point="CENTER" relativeKey="$parent.Icon"/>
					</Anchors>
				</Texture>
				<Texture parentKey="IconBorder" file="Interface\Common\WhiteIconFrame">
					<Size x="42" y="42"/>
					<Anchors>
						<Anchor point="CENTER" relativeKey="$parent.Icon"/>
					</Anchors>
				</Texture>
			</Layer>
			<Layer level="ARTWORK">
				<FontString parentKey="Name" justifyH="LEFT" inherits="GameFontHighlight" maxlines="3">
					<Size x="95" y="0"/>
					<Anchors>
						<Anchor point="LEFT" relativeKey="$parent.BG" x="10"/>
					</Anchors>
				</FontString>
				<FontString parentKey="Quantity" justifyH="RIGHT" inherits="NumberFontNormal">
					<Anchors>
						<Anchor point="BOTTOMRIGHT" relativeKey="$parent.Icon"/>
					</Anchors>
				</FontString>
				<FontString parentKey="Chance" justifyH="CENTER" inherits="PVPInfoTextFont">
					<Anchors>
						<Anchor point="BOTTOM" relativeKey="$parent.Icon" y="-7" x="3"/>
					</Anchors>
					<Color r="0.1" g="1" b="0.1"/>
				</FontString>
			</Layer>
			<Layer level="OVERLAY">
				<Texture parentKey="ItemBorderGlow" hidden="false" alpha="0" alphaMode="ADD" atlas="BonusChest-ItemBorder-Uncommon" useAtlasSize="true">
					<Anchors>
						<Anchor point="CENTER" relativeKey="$parent.Icon"/>
					</Anchors>
				</Texture>
				<Texture parentKey="GlowSmokeBurst" hidden="false" alpha="0" alphaMode="ADD" atlas="BonusChest-Smoke-Uncommon" useAtlasSize="true">
					<Anchors>
						<Anchor point="CENTER" relativeKey="$parent.Icon"/>
					</Anchors>
				</Texture>
			</Layer>
			<Layer level="OVERLAY" textureSubLevel="1">
				<Texture parentKey="IconOverlay" hidden="true">
					<Size x="42" y="42"/>
					<Anchors>
						<Anchor point="CENTER" relativeKey="$parent.Icon"/>
					</Anchors>
				</Texture>
			</Layer>
		</Layers>
		<Animations>
			<AnimationGroup parentKey="Anim" setToFinalAlpha="true">
				<Alpha childKey="Icon" duration="0.1" order="1" fromAlpha="0" toAlpha="1"/>
				<Alpha childKey="IconBorder" duration="0.15" order="1" fromAlpha="0" toAlpha="1"/>
				<Alpha childKey="IconOverlay" duration="0.15" order="1" fromAlpha="0" toAlpha="1"/>
				<Alpha childKey="ItemBurst" duration="0.15" order="1" fromAlpha="0" toAlpha="1"/>
				<Scale childKey="ItemBurst" duration="0.2" order="1" fromScaleX="0.5" fromScaleY="0.5" toScaleX="0.9" toScaleY="0.9"/>
				<Alpha childKey="ItemBurst" startDelay="0.2" duration="0.5" order="1" fromAlpha="1" toAlpha="0"/>
				<Alpha childKey="ItemBorderGlow" duration="0.15" order="1" fromAlpha="0" toAlpha="1"/>
				<Alpha childKey="ItemBorderGlow" startDelay="0.3" duration="0.75" order="1" fromAlpha="1" toAlpha="0"/>
				<Alpha childKey="GlowSmokeBurst" duration="0.5" order="1" fromAlpha="0" toAlpha="1"/>
				<Rotation childKey="GlowSmokeBurst" duration="1" order="1" degrees="15"/>
				<Scale childKey="GlowSmokeBurst" duration="1" order="1" fromScaleX="1" fromScaleY="1" toScaleX="1.8" toScaleY="1.8"/>
				<Alpha childKey="GlowSmokeBurst" startDelay="0.4" duration="0.5" order="1" fromAlpha="1" toAlpha="0"/>
			</AnimationGroup>
		</Animations>
		<Scripts>
			<OnEnter function="GarrisonMissionPage_RewardOnEnter"/>
			<OnLeave function="GarrisonMissionPage_RewardOnLeave"/>
		</Scripts>
	</Frame>

	<Frame name="GarrisonMissionPageOvermaxRewardTemplate" virtual="true">
		<Size x="24" y="24"/>
		<Layers>
			<Layer level="BACKGROUND">
				<Texture parentKey="BG" atlas="GarrMission_ItemFrame" useAtlasSize="true" hidden="true">
					<Anchors>
						<Anchor point="RIGHT"/>
					</Anchors>
				</Texture>
				<Texture parentKey="Icon" setAllPoints="true"/>
			</Layer>
			<Layer level="BORDER">
				<Texture parentKey="IconBorder" file="Interface\Common\WhiteIconFrame" setAllPoints="true"/>
			</Layer>
			<Layer level="OVERLAY" textureSubLevel="1">
				<Texture parentKey="IconOverlay" hidden="true" setAllPoints="true"/>
			</Layer>
			<Layer level="ARTWORK">
				<FontString parentKey="Name" justifyH="LEFT" inherits="GameFontHighlight" hidden="true">
					<Size x="95" y="0"/>
					<Anchors>
						<Anchor point="LEFT" relativeKey="$parent.BG" x="10"/>
					</Anchors>
				</FontString>
				<FontString parentKey="Quantity" justifyH="RIGHT" inherits="NumberFontNormal">
					<Anchors>
						<Anchor point="BOTTOMRIGHT" relativeKey="$parent.Icon"/>
					</Anchors>
				</FontString>
			</Layer>
		</Layers>
		<Scripts>
			<OnEnter function="GarrisonMissionPage_RewardOnEnter"/>
			<OnLeave function="GarrisonMissionPage_RewardOnLeave"/>
		</Scripts>
	</Frame>

	<Frame name="GarrisonMissionPageRewardTemplate" virtual="true">
		<Size x="454" y="98"/>
		<Anchors>
			<Anchor point="BOTTOM" x="28" y="48"/>
		</Anchors>
		<Layers>
			<Layer level="BORDER">
				<Texture atlas="GarrMission_RewardsBox_Shadow">
					<Size x="485" y="50"/>
					<Anchors>
						<Anchor point="BOTTOM" relativePoint="TOP" x="0" y="2"/>
					</Anchors>
				</Texture>
			</Layer>
			<Layer level="ARTWORK">
				<Texture parentKey="Chest" atlas="GarrMission-AllianceChest" useAtlasSize="true">
					<Anchors>
						<Anchor point="LEFT" x="-75" y="7"/>
					</Anchors>
				</Texture>
			</Layer>
			<Layer level="OVERLAY">
				<FontString parentKey="MissionXP" inherits="SystemFont_Huge1">
					<Anchors>
						<Anchor point="BOTTOM" relativePoint="TOP" x="0" y="12"/>
					</Anchors>
				</FontString>
				<FontString parentKey="Chance" inherits="ZoneTextFont">
					<Anchors>
						<Anchor point="CENTER" relativeKey="$parent.Chest" x="-9" y="-6"/>
					</Anchors>
					<Color r="0" g="1" b="0"/>
				</FontString>
				<FontString parentKey="ChanceLabel" inherits="SystemFont_Huge1_Outline" text="GARRISON_MISSION_CHANCE">
					<Anchors>
						<Anchor point="TOP" relativeKey="$parent.Chance" relativePoint="BOTTOM" x="0" y="4"/>
					</Anchors>
					<Color r="0" g="1" b="0"/>
				</FontString>
				<Texture parentKey="Glow" hidden="false" alpha="0" alphaMode="ADD" atlas="Garr_MissionFX-Glow">
					<Size x="100" y="100"/>
					<Anchors>
						<Anchor point="CENTER" relativeKey="$parent.Chance" x="15" y="-40"/>
					</Anchors>
				</Texture>
			</Layer>
		</Layers>
		<Frames>
			<Frame parentKey="OvermaxItem" inherits="GarrisonMissionPageOvermaxRewardTemplate">
				<Anchors>
					<Anchor point="LEFT" relativePoint="RIGHT" relativeKey="$parent.MissionXP" x="4"/>
				</Anchors>
			</Frame>
			<Frame parentKey="Reward1" inherits="GarrisonMissionRewardEffectsTemplate">
				<Anchors>
					<Anchor point="LEFT"/>
				</Anchors>
			</Frame>
			<Frame parentKey="Reward2" inherits="GarrisonMissionRewardEffectsTemplate">
				<Anchors>
					<Anchor point="LEFT" relativeKey="$parent.Reward1" relativePoint="RIGHT" x="6" y="0"/>
				</Anchors>
			</Frame>
			<Frame parentKey="MissionXPTooltipHitBox">
				<Anchors>
					<Anchor point="TOPLEFT" relativeKey="$parent.MissionXP"/>
					<Anchor point="BOTTOMRIGHT" relativeKey="$parent.MissionXP"/>
				</Anchors>
				<Scripts>
					<OnEnter function="GarrisonMissionPageRewardTemplate_MissionXPTooltipHitBox_OnEnter"/>
					<OnLeave function="GameTooltip_Hide"/>
				</Scripts>
			</Frame>
			<Frame parentKey="TooltipHitBox">
				<Anchors>
					<Anchor point="TOPLEFT" relativeKey="$parent.Chance"/>
					<Anchor point="BOTTOMRIGHT" relativeKey="$parent.ChanceLabel"/>
				</Anchors>
				<Scripts>
					<OnEnter function="GarrisonMissionPageRewardTemplate_TooltipHitBox_OnEnter"/>
					<OnLeave function="GameTooltip_Hide"/>
				</Scripts>
			</Frame>
		</Frames>
		<Animations>
			<AnimationGroup parentKey="ChanceGlowAnim" setToFinalAlpha="true">
				<Alpha childKey="Glow" duration="0.25" order="1" fromAlpha="0" toAlpha="1"/>
				<Alpha childKey="Glow" startDelay="0.5" duration="0.5" order="1" fromAlpha="1" toAlpha="0"/>
				<Scale childKey="Glow" duration="0.25" order="1" fromScaleX="1" fromScaleY="1" toScaleX="1.5" toScaleY="1.75">
					<Origin point="BOTTOM">
						<Offset x="0" y="0"/>
					</Origin>
				</Scale>
				<Translation childKey="Glow" duration="0.5" order="1" offsetX="0" offsetY="25"/>
			</AnimationGroup>
		</Animations>
		<Scripts>
			<OnLoad>
				self:SetFrameLevel(self:GetParent():GetFrameLevel() + 3);
			</OnLoad>
		</Scripts>
	</Frame>

	<Frame name="GarrisonAbilityLargeCounterTemplate" virtual="true">
		<Size x="28" y="28"/>
		<Layers>
			<Layer level="ARTWORK" textureSubLevel="-1">
				<Texture parentKey="Icon">
					<Size x="28" y="28"/>
					<Anchors>
						<Anchor point="CENTER"/>
					</Anchors>
				</Texture>
			</Layer>
			<Layer level="ARTWORK">
				<Texture parentKey="Border" atlas="GarrMission_EncounterAbilityBorder-Lg" useAtlasSize="true">
					<Anchors>
						<Anchor point="CENTER"/>
					</Anchors>
				</Texture>
			</Layer>
		</Layers>
	</Frame>

	<Frame name="GarrisonMissionLargeMechanicTemplate" inherits="GarrisonAbilityLargeCounterTemplate" virtual="true">
		<Scripts>
			<OnEnter function="GarrisonMissionMechanic_OnEnter"/>
			<OnLeave function="GarrisonMissionMechanic_OnLeave"/>
		</Scripts>
	</Frame>

	<Frame name="GarrisonMissionCheckTemplate" virtual="true">
		<Layers>
			<Layer level="ARTWORK">
				<Texture parentKey="CheckGlow" hidden="false" alpha="0" alphaMode="ADD" atlas="GarrMission_CheckGlow" useAtlasSize="true">
					<Anchors>
						<Anchor point="CENTER"/>
					</Anchors>
				</Texture>
			</Layer>
			<Layer level="OVERLAY">
				<Texture parentKey="CheckBurst" hidden="false" alpha="0" alphaMode="ADD" atlas="GarrMission_CounterCheck" useAtlasSize="true">
					<Anchors>
						<Anchor point="TOPLEFT" relativeKey="$parent.CheckGlow" x="10" y="-10"/>
					</Anchors>
				</Texture>
				<Texture parentKey="Check" atlas="GarrMission_CounterCheck" useAtlasSize="true" hidden="true">
					<Anchors>
						<Anchor point="TOPLEFT" relativeKey="$parent.CheckGlow" x="10" y="-10"/>
					</Anchors>
				</Texture>
			</Layer>
		</Layers>
		<Animations>
			<AnimationGroup parentKey="Anim" setToFinalAlpha="true">
				<Alpha childKey="CheckBurst" duration="0.25" order="1" fromAlpha="0" toAlpha="1"/>
				<Scale childKey="CheckBurst" duration="0.25" order="1" fromScaleX="4" fromScaleY="4" toScaleX="1" toScaleY="1"/>
				<Alpha childKey="CheckBurst" duration="1" order="2" fromAlpha="1" toAlpha="0"/>
				<Alpha childKey="Check" duration="0.25" order="2" fromAlpha="0" toAlpha="1"/>
				<Alpha childKey="CheckGlow" duration="0.25" order="2" fromAlpha="0" toAlpha="1"/>
				<Alpha childKey="CheckGlow" duration="0.5" order="2" fromAlpha="1" toAlpha="0"/>
				<Scale childKey="CheckGlow" duration="0.5" order="2" fromScaleX="1" fromScaleY="1" toScaleX="2" toScaleY="2"/>
			</AnimationGroup>
		</Animations>
	</Frame>

	<Frame name="GarrisonMissionMechanicTemplate" inherits="GarrisonAbilityCounterTemplate" virtual="true">
		<Scripts>
			<OnEnter function="GarrisonMissionMechanic_OnEnter"/>
			<OnLeave>
				GarrisonMissionMechanicTooltip:Hide();
			</OnLeave>
		</Scripts>
	</Frame>

	<Frame name="GarrisonMissionEnemyMechanicTemplate" inherits="GarrisonMissionMechanicTemplate, GarrisonMissionCheckTemplate" virtual="true"/>

	<Button name="GarrisonMissionEnemyLargeMechanicTemplate" inherits="GarrisonMissionLargeMechanicTemplate, GarrisonMissionCheckTemplate" virtual="true" enableMouse="true">
		<Scripts>
			<OnLoad>
				self.Check:SetPoint("TOPLEFT", self.CheckGlow, "TOPLEFT", 14, -14);
			</OnLoad>
			<OnMouseDown>
				self.Icon:SetPoint("CENTER", 1, -1);
				self.Border:SetPoint("CENTER", 1, -1);
			</OnMouseDown>
			<OnMouseUp>
				self.Icon:SetPoint("CENTER", 0, 0);
				self.Border:SetPoint("CENTER", 0, 0);
			</OnMouseUp>
			<OnClick>
				PlaySound(SOUNDKIT.IG_MAINMENU_OPTION_CHECKBOX_ON);
				self.mainFrame.FollowerList.SearchBox:SetText(self.info.name);
			</OnClick>
		</Scripts>
	</Button>

	<Frame name="GarrisonMissionStageTemplate" virtual="true" useParentLevel="true">
		<Size x="556" y="230"/>
		<Layers>
			<Layer level="ARTWORK">
				<Texture parentKey="LocBack" atlas="_GarrMissionLocation-TannanJungle-Back">
					<Anchors>
						<Anchor point="TOPLEFT"  x="5"/>
						<Anchor point="BOTTOMRIGHT" x="-5"/>
					</Anchors>
				</Texture>
			</Layer>
			<Layer level="ARTWORK" textureSubLevel="1">
				<Texture parentKey="LocMid" atlas="_GarrMissionLocation-TannanJungle-Mid">
					<Anchors>
						<Anchor point="TOPLEFT" relativeKey="$parent.LocBack" />
						<Anchor point="BOTTOMRIGHT" relativeKey="$parent.LocBack" />
					</Anchors>
				</Texture>
			</Layer>
			<Layer level="ARTWORK" textureSubLevel="2">
				<Texture parentKey="LocFore" atlas="_GarrMissionLocation-TannanJungle-Fore">
					<Anchors>
						<Anchor point="TOPLEFT" relativeKey="$parent.LocBack" />
						<Anchor point="BOTTOMRIGHT" relativeKey="$parent.LocBack" />
					</Anchors>
				</Texture>
			</Layer>
			<Layer level="ARTWORK" textureSubLevel="3">
				<Texture atlas="GarrMission_MissionParchment" vertTile="true" horizTile="true" useAtlasSize="true" alpha="0.5">
					<Anchors>
						<Anchor point="TOPLEFT" relativeKey="$parent.LocBack"/>
						<Anchor point="BOTTOMRIGHT" relativeKey="$parent.LocBack"/>
					</Anchors>
				</Texture>
			</Layer>
		</Layers>
		<Scripts>
			<OnLoad function="GarrisonMissionStage_OnLoad"/>
		</Scripts>
	</Frame>

	<Frame name="GarrisonMissionPartyBuffsFrameTemplate" virtual="true">
		<Size x="256" y="33"/>
		<Layers>
			<Layer level="ARTWORK">
				<Texture parentKey="BuffsBG" atlas="GarrMission_PartyBuffsBG" setAllPoints="true"/>
				<FontString parentKey="BuffsTitle" inherits="GameFontNormal" justifyH="LEFT" text="GARRISON_MISSION_PARTY_BUFFS">
					<Anchors>
						<Anchor point="LEFT" relativeKey="$parent.BuffsBG"  x="15" y="1"/>
					</Anchors>
					<Color r="0.792" g="0.690" b="0.529" a="1"/>
				</FontString>
			</Layer>
		</Layers>
		<Frames>
			<Frame inherits="GarrisonMissionPartyBuffTemplate">
				<Anchors>
					<Anchor point="LEFT" relativeKey="$parent.BuffsTitle" relativePoint="RIGHT" x="5" y="-1"/>
				</Anchors>
			</Frame>
		</Frames>
	</Frame>

	<Button name="StartMissionButtonTemplate" parentKey="StartMissionButton" inherits="UIPanelButtonTemplate" text="GARRISON_START_MISSION" motionScriptsWhileDisabled="true" virtual="true">
		<Size x="130" y="20"/>
		<Layers>
			<Layer level="OVERLAY">
				<Texture parentKey="Flash" file="Interface\Buttons\UI-Panel-Button-Glow" alphaMode="ADD">
					<Size x="212" y="60"/>
					<Anchors>
						<Anchor point="TOPLEFT" x="-14" y="7"/>
					</Anchors>
				</Texture>
			</Layer>
		</Layers>
		<Animations>
			<AnimationGroup parentKey="FlashAnim" looping="BOUNCE">
				<Alpha childKey="Flash" change="-0.75" duration="1.0" smoothing="IN_OUT" order="1" fromAlpha="0.75" toAlpha="0"/>
			</AnimationGroup>
		</Animations>
		<Scripts>
			<OnClick function="GarrisonMissionController_OnClickMissionStartButton"/>
			<OnEnter function="GarrisonMissionController_OnEnterMissionStartButton"/>
			<OnLeave function="GameTooltip_Hide"/>
		</Scripts>
	</Button>

	<Frame name="GarrisonMissionPageCostFrameTemplate" virtual="true">
		<Size x="140" y="38"/>
		<Layers>
			<Layer level="ARTWORK">
				<FontString parentKey="CostLabel" inherits="GameFontNormalLarge2" justifyH="LEFT" text="COSTS_LABEL">
					<Anchors>
						<Anchor point="LEFT" y="1"/>
					</Anchors>
				</FontString>
				<Texture parentKey="CostIcon" atlas="GarrMission_CurrencyIcon-Material">
					<Size x="38" y="38"/>
					<Anchors>
						<Anchor point="CENTER" relativePoint="RIGHT" x="-16" y="2"/>
					</Anchors>
				</Texture>
				<FontString parentKey="Cost" inherits="GameFontHighlightLarge2" justifyH="RIGHT">
					<Anchors>
						<Anchor point="RIGHT" relativeKey="$parent.CostIcon" relativePoint="LEFT" x="0" y="-1"/>
					</Anchors>
				</FontString>
			</Layer>
		</Layers>
	</Frame>

	<Frame name="GarrisonMissionPageStageTemplate" inherits="GarrisonMissionStageTemplate" virtual="true">
		<Size x="556" y="230"/>
		<Anchors>
			<Anchor point="TOP"/>
		</Anchors>
		<Layers>
			<Layer level="OVERLAY" textureSubLevel="3">
				<Texture parentKey="Header">
					<Anchors>
						<Anchor point="TOPLEFT" x="0" y="0"/>
						<Anchor point="BOTTOMRIGHT" relativePoint="TOPRIGHT" x="0" y="-66"/>
					</Anchors>
					<Color r="0" g="0" b="0" a=".35"/>
				</Texture>
			</Layer>
			<Layer level="OVERLAY" textureSubLevel="5">
				<FontString parentKey="Level" inherits="Game24Font">
					<Anchors>
						<Anchor point="CENTER" relativePoint="TOPLEFT" x="30" y="-36"/>
					</Anchors>
					<Color r="0.84" g="0.72" b="0.57"/>
				</FontString>
				<FontString parentKey="ItemLevel" inherits="GameFontNormalLarge" hidden="true">
					<Anchors>
						<Anchor point="TOP" relativeKey="$parent.Level" relativePoint="BOTTOM" x="0" y="2"/>
					</Anchors>
					<Color r="0.84" g="0.72" b="0.57"/>
				</FontString>
				<FontString parentKey="Title" inherits="QuestFont_Super_Huge" justifyH="LEFT" maxLines="1">
					<Size x="410" y="0"/>
					<Shadow>
						<Offset x="1" y="-1"/>
					</Shadow>
					<Anchors>
						<Anchor point="LEFT" relativeKey="$parent.Header" x="125" y="10"/>
					</Anchors>
					<Color r="1" g="1" b="1"/>
				</FontString>
				<FontString parentKey="Location" inherits="QuestFont_Huge">
					<Shadow>
						<Offset x="1" y="-1"/>
					</Shadow>
					<Anchors>
						<Anchor point="TOPLEFT" relativeKey="$parent.Title" relativePoint="BOTTOMLEFT" y="-6"/>
					</Anchors>
					<Color r="1" g="1" b="1"/>
				</FontString>
				<FontString parentKey="MissionDescription" inherits="GameFontHighlight" justifyH="LEFT">
					<Size x="260" y="0"/>
					<Anchors>
						<Anchor point="TOPRIGHT" relativeKey="$parent.Header" relativePoint="BOTTOMRIGHT" x="-15" y="-7"/>
					</Anchors>
				</FontString>
			</Layer>
		</Layers>
		<Frames>
			<Frame parentKey="MissionInfo" inherits="VerticalLayoutFrame">
				<Anchors>
					<Anchor point="TOPLEFT" relativeKey="$parent.Header" relativePoint="BOTTOMLEFT" x="7" y="-7"/>
				</Anchors>
				<KeyValues>
					<KeyValue key="spacing" value="3" type="number"/>
				</KeyValues>
				<Layers>
					<Layer level="OVERLAY" textureSubLevel="5">
						<FontString parentKey="XP" inherits="GameFontNormalMed2" justifyH="LEFT" text="GARRISON_MISSION_EXHAUSTING" hidden="true">
							<KeyValues>
								<KeyValue key="layoutIndex" value="1" type="number"/>
							</KeyValues>
							<Color r="1" g="1" b="1"/>
						</FontString>
						<FontString parentKey="ExhaustingLabel" inherits="GameFontNormalMed2" justifyH="LEFT" text="GARRISON_MISSION_EXHAUSTING" hidden="true">
							<KeyValues>
								<KeyValue key="layoutIndex" value="2" type="number"/>
							</KeyValues>
							<Color r="1" g="0.573" b="0.075"/>
						</FontString>
						<FontString parentKey="MissionTime" inherits="GameFontNormalMed2" justifyH="LEFT">
							<Size x="300" y="0"/>
							<KeyValues>
								<KeyValue key="layoutIndex" value="3" type="number"/>
							</KeyValues>
							<Color r="1" g="1" b="1"/>
						</FontString>
						<FontString parentKey="MissionEnv" inherits="GameFontNormalMed2" justifyH="LEFT">
							<KeyValues>
								<KeyValue key="layoutIndex" value="4" type="number"/>
							</KeyValues>
							<Color r="1" g="1" b="1"/>
						</FontString>
					</Layer>
				</Layers>
			</Frame>
			<Frame parentKey="MissionEnvIcon" inherits="GarrisonMissionCheckTemplate">
				<Size x="16" y="16"/>
				<Anchors>
					<Anchor point="LEFT" relativeKey="$parent.MissionInfo.MissionEnv" relativePoint="RIGHT" x="4" y="0"/>
				</Anchors>
				<Layers>
					<Layer level="BACKGROUND">
						<Texture parentKey="Highlight" hidden="true" alpha="0" alphaMode="ADD" atlas="groupfinder-eye-highlight" useAtlasSize="true">
							<Anchors>
								<Anchor point="CENTER" x="0" y="1"/>
							</Anchors>
						</Texture>
						<Texture parentKey="Texture" setAllPoints="true"/>
					</Layer>
					<Layer level="OVERLAY" textureSubLevel="1">
						<Texture parentKey="CrossLeft" hidden="true" alpha="1" atlas="GarrMission_EncounterBar-Xleft">
							<Size x="48" y="48"/>
							<Anchors>
								<Anchor point="CENTER"/>
							</Anchors>
						</Texture>
						<Texture parentKey="CrossRight" hidden="true" alpha="1" atlas="GarrMission_EncounterBar-Xright">
							<Size x="48" y="48"/>
							<Anchors>
								<Anchor point="CENTER"/>
							</Anchors>
						</Texture>
					</Layer>
				</Layers>
				<Animations>
					<AnimationGroup parentKey="Countered" setToFinalAlpha="true">
						<Scale childKey="CrossLeft" duration="0.15" order="1" fromScaleX="5" fromScaleY="5" toScaleX="1" toScaleY="1"/>
						<Alpha childKey="CrossLeft" duration="0.1" order="1" fromAlpha="0" toAlpha="1"/>
						<Scale childKey="CrossRight" startDelay="0.1" duration="0.15" order="1" fromScaleX="5" fromScaleY="5" toScaleX="1" toScaleY="1"/>
						<Alpha childKey="CrossRight" startDelay="0.1" duration="0.1" order="1" fromAlpha="0" toAlpha="1"/>
					</AnimationGroup>
					<AnimationGroup parentKey="EnvironmentHighlight" setToFinalAlpha="true" looping="REPEAT">
						<Scale childKey="Highlight" startDelay="0.1" endDelay="2.9" smoothing="NONE" duration="1.0" order="1" fromScaleX="0.39" fromScaleY="0.39" toScaleX=".6" toScaleY=".6"/>
						<Alpha childKey="Highlight" startDelay="0.1" endDelay="2.9" smoothing="NONE" duration="1.0" order="1" fromAlpha=".6" toAlpha="0"/>
					</AnimationGroup>
				</Animations>
				<Scripts>
					<OnEnter function="GarrisonMissionPageEnvironment_OnEnter"/>
					<OnLeave function="GameTooltip_Hide"/>
				</Scripts>
			</Frame>
		</Frames>
		<Scripts>
			<OnUpdate function="GarrisonMissionController_OnStageUpdate"/>
		</Scripts>
	</Frame>

	<Button name="GarrisonMissionPageCloseButtonTemplate" inherits="UIPanelCloseButtonNoScripts" virtual="true">
		<Size>
			<AbsDimension x="40" y="40"/>
		</Size>
		<Scripts>
			<OnClick>
				PlaySound(SOUNDKIT.UI_GARRISON_COMMAND_TABLE_MISSION_CLOSE);
				GarrisonMissionController_CloseMission(self);
			</OnClick>
		</Scripts>
	</Button>

	<Frame name="GarrisonMissionPageItemLevelHitboxFrame" enableMouse="true" hidden="true" virtual="true">
		<Size x="49" y="41"/>
		<Scripts>
			<OnEnter>
				GameTooltip:SetOwner(self, "ANCHOR_BOTTOMRIGHT");
				local itemLevel = self:GetParent().missionInfo.iLevel;
				GameTooltip:SetText(string.format(GARRISON_MISSION_EXPECTED_ILVL, itemLevel), 1, 1, 1);
				GameTooltip:AddLine(GARRISON_MISSION_EXPECTED_ILVL_TOOLTIP, nil, nil, nil, 1);
				GameTooltip:Show();
			</OnEnter>
			<OnLeave function="GameTooltip_Hide"/>
		</Scripts>
	</Frame>

	<Button name="MissionPageTemplate" hidden="true" virtual="true">
		<Size x="556" y="580"/>
		<Anchors>
			<Anchor point="TOPRIGHT" x="-55" y="-34"/>
		</Anchors>
		<Layers>
			<Layer level="ARTWORK">
				<FontString parentKey="EmptyString" inherits="GameFontNormalMed3" justifyH="CENTER">
					<Anchors>
						<Anchor point="TOP" x="0" y="-255"/>
					</Anchors>
					<Color r="0.910" g="0.835" b="0.706"/>
				</FontString>
			</Layer>
		</Layers>
		<Frames>
			<Button parentKey="CloseButton" inherits="GarrisonMissionPageCloseButtonTemplate">
				<Anchors>
					<Anchor point="TOPRIGHT" x="4" y="6"/>
				</Anchors>
			</Button>
			<Frame parentKey="Stage" inherits="GarrisonMissionPageStageTemplate"/>
			<Frame parentKey="ItemLevelHitboxFrame" inherits="GarrisonMissionPageItemLevelHitboxFrame">
				<Anchors>
					<Anchor point="TOP" relativeKey="$parent.Stage.Level" x="0" y="3"/>
				</Anchors>
			</Frame>
			<Frame parentKey="BuffsFrameAnchor" hidden="true">
				<Size x="1" y="1"/>
				<Anchors>
					<Anchor point="BOTTOM" x="0" y="198"/>
				</Anchors>
			</Frame>
			<Frame parentKey="BuffsFrame" inherits="GarrisonMissionPartyBuffsFrameTemplate" hidden="true">
				<Anchors>
					<Anchor point="BOTTOM" relativeKey="$parent.BuffsFrameAnchor" x="0" y="0"/>
				</Anchors>
			</Frame>
			<Button inherits="StartMissionButtonTemplate">
				<Anchors>
					<Anchor point="RIGHT" relativeKey="$parent.ButtonFrame" x="-50" y="1"/>
				</Anchors>
			</Button>
			<Frame parentKey="CostFrame" inherits="GarrisonMissionPageCostFrameTemplate">
				<Anchors>
					<Anchor point="LEFT" relativeKey="$parent.ButtonFrame" x="50"/>
					<Anchor point="RIGHT" relativeKey="$parent.ButtonFrame" relativePoint="CENTER" />
				</Anchors>
			</Frame>
		</Frames>
	</Button>

	<Frame name="GarrisonMissionFrameTemplate" parent="UIParent" enableMouse="true" toplevel="true" hidden="true" virtual="true">
		<Size x="962" y="662"/>
		<Anchors>
			<Anchor point="CENTER"/>
		</Anchors>
		<Scripts>
			<OnLoad method="OnLoadMainFrame"/>
			<OnShow method="OnShowMainFrame"/>
			<OnHide method="OnHideMainFrame"/>
			<OnEvent method="OnEventMainFrame"/>
		</Scripts>
	</Frame>

	<Frame name="GarrisonMissionCompleteDialogTemplate" virtual="true">
		<Size x="690" y="333"/>
		<Anchors>
			<Anchor point="CENTER"/>
		</Anchors>
		<Frames>
			<Frame parentKey="Stage" inherits="GarrisonMissionStageTemplate">
				<Size x="686" y="327"/>
				<Anchors>
					<Anchor point="TOP" x="0" y="-3"/>
				</Anchors>
				<Layers>
					<Layer level="OVERLAY">
						<Texture atlas="GarrMission_LocationCover-Side" useAtlasSize="true">
							<Anchors>
								<Anchor point="TOPLEFT"/>
								<Anchor point="BOTTOMLEFT" />
							</Anchors>
						</Texture>
						<Texture atlas="GarrMission_LocationCover-Side" useAtlasSize="true">
							<Anchors>
								<Anchor point="TOPRIGHT"/>
								<Anchor point="BOTTOMRIGHT"/>
							</Anchors>
							<TexCoords left="1.0" right="0.0" top="0.0" bottom="1.0"/>
						</Texture>
					</Layer>
				</Layers>
			</Frame>
			<Button parentKey="ViewButton" inherits="UIPanelButtonTemplate" text="GARRISON_VIEW_COMPLETED_MISSIONS">
				<Size x="132" y="24"/>
				<Anchors>
					<Anchor point="BOTTOM" x="137" y="88"/>
				</Anchors>
				<Scripts>
					<OnLoad>
						local textWidth = self:GetFontString():GetWidth();
						self:SetWidth(textWidth + 64);
					</OnLoad>
					<OnClick function="GarrisonMissionController_OnClickViewCompletedMissionsButton"/>
				</Scripts>
			</Button>
			<CinematicModel parentKey="Model" inherits="GarrisonCinematicModelBaseTemplate">
				<Size x="600" y="483"/>
				<Anchors>
					<Anchor point="BOTTOMLEFT" x="-133" y="3"/>
				</Anchors>
				<Layers>
					<Layer level="BACKGROUND">
						<Texture setAllPoints="true">
							<Color r="1" g="1" b="1" a="0"/>
						</Texture>
					</Layer>
					<Layer level="OVERLAY">
						<FontString parentKey="Title" inherits="DestinyFontHuge" justifyH="CENTER" text="GARRISON_MISSION_REPORT" spacing="8">
							<Anchors>
								<Anchor point="BOTTOM" relativeKey="$parent.$parent.ViewButton" relativePoint="TOP" x="0" y="60"/>
							</Anchors>
							<Shadow>
								<Offset x="1" y="-1"/>
							</Shadow>
							<Color r="1" g="0.82" b="0"/>
						</FontString>
						<FontString parentKey="Summary" inherits="GameFontHighlightLarge2" justifyH="CENTER">
							<Anchors>
								<Anchor point="TOP" relativeKey="$parent.Title" relativePoint="BOTTOM" y="-6"/>
							</Anchors>
							<Color r="0.8" g="0.8" b="0.8"/>
						</FontString>
						<FontString parentKey="SkipAnimationLabel" inherits="GameFontHighlight" text="GARRISON_SKIP_ANIMATION_LABEL">
							<Anchors>
								<Anchor point="TOP" relativeKey="$parent.$parent.ViewButton" relativePoint="BOTTOM" x="0" y="-55"/>
							</Anchors>
							<Color r="0.8" g="0.8" b="0.8"/>
						</FontString>
					</Layer>
				</Layers>
			</CinematicModel>
			<Frame parentKey="LoadingFrame" inherits="LoadingSpinnerTemplate" hidden="true">
				<Layers>
					<Layer level="ARTWORK">
						<FontString parentKey="Label" inherits="GameFontHighlight" text="LFG_LIST_LOADING">
							<Anchors>
								<Anchor point="LEFT" relativePoint="RIGHT"/>
							</Anchors>
						</FontString>
					</Layer>
				</Layers>
				<Scripts>
					<OnLoad>
						self.Anim:Play();
						self:SetPoint("TOP", self:GetParent().ViewButton, "BOTTOM", -self.Label:GetWidth()/2, 0);
					</OnLoad>
				</Scripts>
			</Frame>
		</Frames>
		<Scripts>
			<OnKeyDown>
				if ( key == "SPACE" ) then
					self:SetPropagateKeyboardInput(false);
					self.ViewButton:Click();
				else
					self:SetPropagateKeyboardInput(true);
				end
			</OnKeyDown>
		</Scripts>
	</Frame>

	<CinematicModel name="GarrisonMissionCompleteModelTemplate" virtual="true" inherits="GarrisonCinematicModelBaseTemplate">
		<Size x="540" y="285"/>
		<Animations>
			<AnimationGroup parentKey="FadeIn" setToFinalAlpha="true">
				<Alpha fromAlpha="0" toAlpha="1" duration=".5" order="1"/>
			</AnimationGroup>
		</Animations>
		<Scripts>
			<OnShow function="GarrisonMission_SetFollowerModelItems"/>
			<OnModelLoaded function="GarrisonMissionComplete_OnModelLoaded"/>
		</Scripts>
	</CinematicModel>

	<CinematicModel name="GarrisonFollowerTabModelClusterModel" inherits="ModelTemplate" hidden="true" virtual="true" enableMouse="false">
		<Size x="305" y="370"/>
		<Scripts>
			<OnModelLoaded>
				self:SetAlpha(1);
				self:SetFacing(self.facing or -0.2);
			</OnModelLoaded>
			<OnShow>
				self:SetTargetDistance(0);
				GarrisonMission_SetFollowerModelItems(self);
			</OnShow>
		</Scripts>
	</CinematicModel>

	<Frame name="GarrisonMissionCompleteModelCluster" mixin="GarrisonMissionCompleteModelClusterMixin" virtual="true">
		<Size x="540" y="285"/>
		<Frames>
			<CinematicModel parentArray="Model" parentKey="Model1" inherits="GarrisonMissionCompleteModelTemplate" frameLevel="15" setAllPoints="true"/>
			<CinematicModel parentArray="Model" parentKey="Model2" inherits="GarrisonMissionCompleteModelTemplate" frameLevel="14" setAllPoints="true"/>
			<CinematicModel parentArray="Model" parentKey="Model3" inherits="GarrisonMissionCompleteModelTemplate" frameLevel="13" setAllPoints="true"/>
			<CinematicModel parentArray="Model" parentKey="Model4" inherits="GarrisonMissionCompleteModelTemplate" frameLevel="12" setAllPoints="true"/>
			<CinematicModel parentArray="Model" parentKey="Model5" inherits="GarrisonMissionCompleteModelTemplate" frameLevel="11" setAllPoints="true"/>
		</Frames>
		<Animations>
			<AnimationGroup parentKey="FadeOut" setToFinalAlpha="true">
				<Alpha fromAlpha="1" toAlpha="0" duration="1" order="1"/>
			</AnimationGroup>
		</Animations>
	</Frame>
	<ScrollFrame name="GarrisonFollowerTabModelCluster" virtual="true">
		<ScrollChild>
			<Frame parentKey="Child">
				<Size x="580" y="565"/>
				<Anchors>
					<Anchor point="TOPLEFT" x="0" y="0"/>
				</Anchors>
				<Frames>
					<CinematicModel parentArray="Model" parentKey="Model1" inherits="GarrisonFollowerTabModelClusterModel" frameLevel="15"/>
					<CinematicModel parentArray="Model" parentKey="Model2" inherits="GarrisonFollowerTabModelClusterModel" frameLevel="14"/>
					<CinematicModel parentArray="Model" parentKey="Model3" inherits="GarrisonFollowerTabModelClusterModel" frameLevel="13"/>
					<CinematicModel parentArray="Model" parentKey="Model4" inherits="GarrisonFollowerTabModelClusterModel" frameLevel="12"/>
					<CinematicModel parentArray="Model" parentKey="Model5" inherits="GarrisonFollowerTabModelClusterModel" frameLevel="11"/>
					<Frame frameLevel="10" parentKey="Shadows">
						<Layers>
							<Layer level="BACKGROUND">
								<Texture parentArray="Shadow" atlas="GarrFollower-Shadow" useAtlasSize="true">
									<Anchors>
										<Anchor point="BOTTOM" x="0" y="-35" relativeKey="$parent.$parent.Model1"/>
									</Anchors>
								</Texture>
								<Texture parentArray="Shadow" atlas="GarrFollower-Shadow" useAtlasSize="true">
									<Anchors>
										<Anchor point="BOTTOM" x="0" y="-35" relativeKey="$parent.$parent.Model2"/>
									</Anchors>
								</Texture>
								<Texture parentArray="Shadow" atlas="GarrFollower-Shadow" useAtlasSize="true">
									<Anchors>
										<Anchor point="BOTTOM" x="0" y="-35" relativeKey="$parent.$parent.Model3"/>
									</Anchors>
								</Texture>
								<Texture parentArray="Shadow" atlas="GarrFollower-Shadow" useAtlasSize="true">
									<Anchors>
										<Anchor point="BOTTOM" x="0" y="-35" relativeKey="$parent.$parent.Model4"/>
									</Anchors>
								</Texture>
								<Texture parentArray="Shadow" atlas="GarrFollower-Shadow" useAtlasSize="true">
									<Anchors>
										<Anchor point="BOTTOM" x="0" y="-35" relativeKey="$parent.$parent.Model5"/>
									</Anchors>
								</Texture>
							</Layer>
						</Layers>
					</Frame>
				</Frames>
			</Frame>
		</ScrollChild>
		<Frames>
			<Frame parentKey="UpgradeFrame" inherits="GarrisonFollowerModelUpgradeTemplate">
				<Anchors>
					<Anchor point="BOTTOM" x="164" y="-423" relativePoint="TOPLEFT"/>
				</Anchors>
			</Frame>
		</Frames>
	</ScrollFrame>

	<Frame name="GarrisonMissionChanceFrameTemplate" virtual="true">
		<Size x="100" y="100"/>
		<Layers>
			<Layer level="BORDER">
				<Texture parentKey="ChanceBG" atlas="GarrMission_MissionCompleteChanceBg" useAtlasSize="true">
					<Anchors>
						<Anchor point="BOTTOM" x="0" y="-2"/>
					</Anchors>
				</Texture>
				<Texture parentKey="ChanceGlow" atlas="GarrMission_TabGlow" useAtlasSize="true" alphaMode="ADD" hidden="true">
					<Anchors>
						<Anchor point="BOTTOM" x="0" y="38"/>
					</Anchors>
				</Texture>
				<Texture parentKey="Banner" atlas="GarrMission_LevelUpBanner" alpha="0">
					<Size x="200" y="90"/>
					<Anchors>
						<Anchor point="BOTTOM" x="0" y="1"/>
					</Anchors>
				</Texture>
			</Layer>
			<Layer level="ARTWORK">
				<FontString parentKey="ChanceText" inherits="Game24Font">
					<Anchors>
						<Anchor point="CENTER" relativeKey="$parent.ChanceBG" x="0" y="2"/>
					</Anchors>
					<Color r="0.1" g="1" b="0.1"/>
				</FontString>
				<FontString parentKey="ResultText" inherits="QuestFont_Super_Huge">
					<Anchors>
						<Anchor point="CENTER" relativeKey="$parent.Banner" x="0" y="2"/>
					</Anchors>
				</FontString>
			</Layer>
			<Layer level="OVERLAY">
				<Texture parentKey="SuccessGlow" hidden="false" alpha="0" alphaMode="ADD" atlas="BonusChest-OrangeGlow-Wide" useAtlasSize="true">
					<Anchors>
						<Anchor point="CENTER" relativeKey="$parent.Banner"/>
					</Anchors>
				</Texture>
				<Texture parentKey="GreenGlow" hidden="false" alpha="0" alphaMode="ADD" atlas="BonusChest-GreenGlow-Wide">
					<Size x="244" y="44"/>
					<Anchors>
						<Anchor point="CENTER" x="0" relativeKey="$parent.ChanceText"/>
					</Anchors>
				</Texture>
			</Layer>
		</Layers>
		<Animations>
			<AnimationGroup parentKey="ResultAnim" setToFinalAlpha="true">
				<Alpha childKey="ChanceText" startDelay="0.2" duration="0.15" order="1" fromAlpha="1" toAlpha="0"/>
				<Alpha childKey="ChanceGlow" startDelay="0.25" duration="0.15" order="1" fromAlpha="1" toAlpha="0"/>
				<Alpha childKey="Banner" duration="0.15" order="1" fromAlpha="0" toAlpha="1"/>
				<Scale childKey="Banner" duration="0.2" order="1" fromScaleX="0.5" fromScaleY="1" toScaleX="1.5" toScaleY="1"/>
				<Alpha childKey="ResultText" duration="0.15" order="1" fromAlpha="0" toAlpha="1"/>
				<Alpha childKey="SuccessGlow" startDelay="0.2" duration="0.25" order="1" fromAlpha="0" toAlpha="0.75"/>
				<Scale childKey="SuccessGlow" startDelay="0.2" duration="0.25" order="1" fromScaleX="0.5" fromScaleY="0.75" toScaleX="1.25" toScaleY="0.75"/>
				<Alpha childKey="SuccessGlow" startDelay="0.51" duration="0.75" order="1" fromAlpha="0.75" toAlpha="0"/>
				<Scripts>
					<OnFinished>
						self:GetParent().Banner:SetWidth(GARRISON_MISSION_COMPLETE_BANNER_WIDTH);
					</OnFinished>
				</Scripts>
			</AnimationGroup>
			<AnimationGroup parentKey="SuccessChanceInAnim" setToFinalAlpha="true">
				<Alpha childKey="GreenGlow" duration="0.15" order="1" fromAlpha="0" toAlpha="0.75"/>
				<Scale childKey="GreenGlow" duration="0.15" order="1" fromScaleX="0.1" fromScaleY="1" toScaleX="1.5" toScaleY="1"/>
				<Scale childKey="GreenGlow" duration="0.8" order="2" fromScaleX="1" fromScaleY="1" toScaleX="1.5" toScaleY="1"/>
				<Alpha childKey="GreenGlow" startDelay="0.26" duration="0.5" order="2" fromAlpha="0.75" toAlpha="0"/>
			</AnimationGroup>
		</Animations>
	</Frame>

	<Frame name="GarrisonMissionBonusRewardsTemplate" virtual="true">
		<Size x="512" y="133"/>
		<Layers>
			<Layer level="BORDER" textureSubLevel="2">
				<Texture parentKey="Banner" atlas="GarrMission_RewardsBanner-Desaturate" useAtlasSize="true">
					<Anchors>
						<Anchor point="CENTER" relativePoint="TOP" x="0" y="-5"/>
					</Anchors>
				</Texture>
			</Layer>
			<Layer level="ARTWORK">
				<FontString inherits="QuestFont_Huge" text="REWARDS">
					<Anchors>
						<Anchor point="CENTER" relativeKey="$parent.Banner" x="0" y="7"/>
					</Anchors>
					<Color r="0" g="0" b="0"/>
				</FontString>
			</Layer>
		</Layers>
		<Frames>
			<CinematicModel parentKey="ChestModel" useParentLevel="true" inherits="GarrisonCinematicModelBaseTemplate">
				<Size x="180" y="180"/>
				<Anchors>
					<Anchor point="CENTER" x="0" y="-12"/>
				</Anchors>
				<Layers>
					<Layer level="OVERLAY">
						<Texture parentKey="Lock" atlas="BonusChest-Lock" useAtlasSize="true">
							<Anchors>
								<Anchor point="CENTER" x="-6" y="6"/>
							</Anchors>
						</Texture>
						<Texture parentKey="LockGlow" hidden="false" alpha="0" alphaMode="ADD" atlas="BonusChest-Lock" useAtlasSize="true">
							<Anchors>
								<Anchor point="CENTER" relativeKey="$parent.Lock"/>
							</Anchors>
						</Texture>
					</Layer>
					<Layer level="OVERLAY" textureSubLevel="1">
						<Texture parentKey="KeyholeGlow" hidden="false" alpha="0" atlas="BonusChest-KeyholeGlow" useAtlasSize="true">
							<Anchors>
								<Anchor point="CENTER" relativeKey="$parent.Lock" x="0" y="-16"/>
							</Anchors>
						</Texture>
						<Texture parentKey="KeyBurst" hidden="false" alpha="0" alphaMode="ADD" atlas="BonusChest-KeyholeBurst">
							<Size x="59" y="64"/>
							<Anchors>
								<Anchor point="CENTER" relativeKey="$parent.KeyholeGlow"/>
							</Anchors>
						</Texture>
					</Layer>
					<Layer level="OVERLAY" textureSubLevel="2">
						<Texture parentKey="OrangeGlow" hidden="false" alpha="0" alphaMode="ADD" atlas="BonusChest-OrangeGlow-Wide" useAtlasSize="true">
							<Anchors>
								<Anchor point="CENTER" x="0" y="11"/>
							</Anchors>
						</Texture>
						<Texture parentKey="OrangeSmoke" hidden="false" alpha="0" atlas="BonusChest-OrangeSmoke-Wide" useAtlasSize="true">
							<Anchors>
								<Anchor point="CENTER" x="0" y="11"/>
							</Anchors>
						</Texture>
					</Layer>
				</Layers>
				<Animations>
					<AnimationGroup parentKey="LockBurstAnim" setToFinalAlpha="true">
						<Alpha childKey="Lock" startDelay="0.5" duration="0.5" order="1" fromAlpha="1" toAlpha="0"/>
						<Alpha childKey="KeyholeGlow" smoothing="IN" duration="0.3" order="1" fromAlpha="0" toAlpha="1"/>
						<Alpha childKey="KeyholeGlow" startDelay="0.5" smoothing="IN_OUT" duration="0.5" order="1" fromAlpha="1" toAlpha="0"/>
						<Alpha childKey="KeyBurst" startDelay="0.3" smoothing="IN_OUT" duration="0.2" order="1" fromAlpha="0" toAlpha="1"/>
						<Scale childKey="KeyBurst" startDelay="0.3" smoothing="IN" duration="0.2" order="1" scaleX="2.5" scaleY="2.5"/>
						<Alpha childKey="KeyBurst" startDelay="0.5" smoothing="IN_OUT" duration="0.75" order="1" fromAlpha="1" toAlpha="0"/>
						<Alpha childKey="LockGlow" startDelay="0.3" smoothing="IN_OUT" duration="0.2" order="1" fromAlpha="0" toAlpha="1"/>
						<Alpha childKey="LockGlow" startDelay="0.5" smoothing="IN_OUT" duration="0.75" order="1" fromAlpha="1" toAlpha="0"/>
						<Scripts>
							<OnFinished>
								local missionCompleteFrame = self:GetParent():GetParent():GetParent();
								if ( C_Garrison.CanOpenMissionChest(missionCompleteFrame.currentMission.missionID) ) then
									local chest = self:GetParent();
									chest.Lock:Hide();
								else
									self:GetParent().Lock:Show();
									self:GetParent().Lock:SetAlpha(1);
									missionCompleteFrame.NextMissionButton:SetEnabled(true);
								end
							</OnFinished>
						</Scripts>
					</AnimationGroup>
					<AnimationGroup parentKey="OpenAnim" setToFinalAlpha="true">
						<Alpha childKey="OrangeGlow" startDelay="0.75" duration="0.25" order="1" fromAlpha="0" toAlpha="1"/>
						<Scale childKey="OrangeGlow" startDelay="0.75" duration="0.25" order="1" fromScaleX="0.5" fromScaleY="0.5" toScaleX="2" toScaleY="1.25"/>
						<Alpha childKey="OrangeGlow" startDelay="1" duration="0.75" order="1" fromAlpha="1" toAlpha="0"/>
						<Alpha childKey="OrangeSmoke" startDelay="0.9" duration="0.25" order="1" fromAlpha="0" toAlpha="1"/>
						<Scale childKey="OrangeSmoke" startDelay="0.9" duration="1.5" order="1" fromScaleX="2" fromScaleY="1" toScaleX="3" toScaleY="1.5"/>
						<Alpha childKey="OrangeSmoke" startDelay="1.5" duration="0.75" order="1" fromAlpha="1" toAlpha="0"/>
						<Alpha startDelay="1.6" duration="0.25" order="1" fromAlpha="1" toAlpha="0"/>
					</AnimationGroup>
				</Animations>
				<Frames>
					<Frame parentKey="ClickFrame" hidden="true">
						<Size x="100" y="96"/>
						<Anchors>
							<Anchor point="TOP" x="0" y="-34"/>
						</Anchors>
						<Scripts>
							<OnMouseDown function="GarrisonMissionCompleteChest_OnMouseDown"/>
							<OnEnter function="GarrisonMissionCompleteChest_OnEnter"/>
							<OnLeave function="GarrisonMissionCompleteChest_OnLeave"/>
						</Scripts>
					</Frame>
				</Frames>
				<Scripts>
					<OnLoad inherit="prepend">
						self:SetDisplayInfo(54912);
						self:SetTargetDistance(0);
						self:SetHeightFactor(.25);
						self:SetFacing(-.4);
						self:InitializeCamera(.8);
					</OnLoad>
				</Scripts>
			</CinematicModel>
			<Frame parentKey="Saturated" useParentLevel="true" setAllPoints="true" hidden="true">
				<Animations>
					<AnimationGroup parentKey="FadeIn" setToFinalAlpha="true">
						<Alpha fromAlpha="0" toAlpha="1" duration=".5" order="1"/>
					</AnimationGroup>
				</Animations>
				<Layers>
					<Layer level="BACKGROUND"  textureSubLevel="1">
						<Texture atlas="GarrMission_RewardsBG">
							<Anchors>
								<Anchor point="TOPLEFT"/>
								<Anchor point="BOTTOMRIGHT"/>
							</Anchors>
						</Texture>
					</Layer>
					<Layer level="BORDER" textureSubLevel="4">
						<Texture parentKey="TL" atlas="GarrMission_RewardsBorder-Corner" useAtlasSize="true">
							<Anchors>
								<Anchor point="TOPLEFT" x="-10" y="11"/>
							</Anchors>
						</Texture>
						<Texture parentKey="TR" atlas="GarrMission_RewardsBorder-Corner" useAtlasSize="true">
							<Anchors>
								<Anchor point="TOPRIGHT" x="10" y="11"/>
							</Anchors>
							<TexCoords left="1.0" right="0.0" top="0.0" bottom="1.0"/>
						</Texture>
						<Texture parentKey="BL" atlas="GarrMission_RewardsBorder-Corner" useAtlasSize="true">
							<Anchors>
								<Anchor point="BOTTOMLEFT" x="-10" y="-11"/>
							</Anchors>
							<TexCoords left="0.0" right="1.0" top="1.0" bottom="0.0"/>
						</Texture>
						<Texture parentKey="BR" atlas="GarrMission_RewardsBorder-Corner" useAtlasSize="true">
							<Anchors>
								<Anchor point="BOTTOMRIGHT" x="10" y="-11"/>
							</Anchors>
							<TexCoords left="1.0" right="0.0" top="1.0" bottom="0.0"/>
						</Texture>
					</Layer>
					<Layer level="BORDER"  textureSubLevel="3">
						<Texture atlas="!GarrMission_RewardsBorder-Left" vertTile="true" useAtlasSize="true">
							<Anchors>
								<Anchor point="TOPLEFT" relativeKey="$parent.TL" relativePoint="BOTTOMLEFT"/>
								<Anchor point="BOTTOMLEFT" relativeKey="$parent.BL" relativePoint="TOPLEFT"/>
							</Anchors>
						</Texture>
						<Texture atlas="!GarrMission_RewardsBorder-Left" vertTile="true" useAtlasSize="true">
							<Anchors>
								<Anchor point="TOPRIGHT" relativeKey="$parent.TR" relativePoint="BOTTOMRIGHT"/>
								<Anchor point="BOTTOMRIGHT" relativeKey="$parent.BR" relativePoint="TOPRIGHT"/>
							</Anchors>
							<TexCoords left="1.0" right="0.0" top="0.0" bottom="1.0"/>
						</Texture>
						<Texture atlas="_GarrMission_RewardsBorder-Top" horizTile="true" useAtlasSize="true">
							<Anchors>
								<Anchor point="TOPLEFT" relativeKey="$parent.TL" relativePoint="TOPRIGHT"/>
								<Anchor point="TOPRIGHT" relativeKey="$parent.TR" relativePoint="TOPLEFT"/>
							</Anchors>
						</Texture>
						<Texture atlas="_GarrMission_RewardsBorder-Top" horizTile="true" useAtlasSize="true">
							<Anchors>
								<Anchor point="BOTTOMLEFT" relativeKey="$parent.BL" relativePoint="BOTTOMRIGHT"/>
								<Anchor point="BOTTOMRIGHT" relativeKey="$parent.BR" relativePoint="BOTTOMLEFT"/>
							</Anchors>
							<TexCoords left="0.0" right="1.0" top="1.0" bottom="0.0"/>
						</Texture>
					</Layer>
					<Layer level="BORDER" textureSubLevel="5">
						<Texture parentKey="Banner" atlas="GarrMission_RewardsBanner" useAtlasSize="true">
							<Anchors>
								<Anchor point="CENTER" relativePoint="TOP" x="0" y="-5"/>
							</Anchors>
						</Texture>
					</Layer>
				</Layers>
			</Frame>
		</Frames>
		<Scripts>
			<OnEvent function="GarrisonMissionComplete_OnRewardEvent"/>
		</Scripts>
	</Frame>

	<Frame name="GarrisonMissionCompleteStageTemplate" virtual="true">
		<Size x="556" y="285"/>
		<Frames>
			<Frame parentArray="ModelCluster" parentKey="ModelLeft" inherits="GarrisonMissionCompleteModelCluster">
				<Anchors>
					<Anchor point="TOP"/>
				</Anchors>
			</Frame>
			<Frame parentArray="ModelCluster" parentKey="ModelRight" inherits="GarrisonMissionCompleteModelCluster">
				<Anchors>
					<Anchor point="TOP"/>
				</Anchors>
			</Frame>
			<Frame parentArray="ModelCluster" parentKey="ModelMiddle" hidden="true" inherits="GarrisonMissionCompleteModelCluster">
				<Anchors>
					<Anchor point="TOP"/>
				</Anchors>
			</Frame>
			<Frame parentKey="Miss" frameStrata="HIGH">
				<Anchors>
					<Anchor point="TOPLEFT" relativeKey="$parent.ModelRight"/>
					<Anchor point="BOTTOMRIGHT" relativeKey="$parent.ModelRight"/>
				</Anchors>
				<Layers>
					<Layer level="ARTWORK">
						<FontString parentKey="MissText" inherits="Game32Font" alpha="0" text="MISS">
							<Anchors>
								<Anchor point="CENTER" x="150" y="0"/>
							</Anchors>
							<Shadow>
								<Offset x="1" y="-1"/>
								<Color r="0" g="0" b="0"/>
							</Shadow>
						</FontString>
					</Layer>
				</Layers>
				<Animations>
					<AnimationGroup parentKey="Anim" setToFinalAlpha="true">
						<Alpha parentKey="WaitAlpha" childKey="MissText" duration="0.1" order="1" fromAlpha="0" toAlpha="0"/>
						<Alpha childKey="MissText" duration="0.1" order="2" fromAlpha="0" toAlpha="1"/>
						<Translation childKey="MissText" duration="1.5" order="2" offsetX="0" offsetY="50"/>
						<Alpha childKey="MissText" startDelay="1" duration="0.25" order="2" fromAlpha="1" toAlpha="0"/>
					</AnimationGroup>
				</Animations>
			</Frame>
		</Frames>
		<Scripts>
			<OnUpdate function="GarrisonMissionController_OnStageUpdate"/>
		</Scripts>
	</Frame>

	<Frame name="GarrisonMissionCompleteTemplate" frameStrata="HIGH" hidden="true" virtual="true" mixin="GarrisonMissionComplete">
		<Anchors>
			<Anchor point="CENTER"/>
		</Anchors>
		<Layers>
			<Layer level="ARTWORK">
				<Texture parentKey="ButtonFrameLeft" atlas="GarrMission_MissionCostStartButtonBg">
					<Size x="120" y="51"/>
					<Anchors>
						<Anchor point="BOTTOM" x="-60" y="-22"/>
					</Anchors>
					<TexCoords left="0" right="0.31915" top="0" bottom="1"/>
				</Texture>
				<Texture parentKey="ButtonFrameRight" atlas="GarrMission_MissionCostStartButtonBg">
					<Size x="120" y="51"/>
					<Anchors>
						<Anchor point="BOTTOM" x="60" y="-22"/>
					</Anchors>
					<TexCoords left="0.68085" right="1" top="0" bottom="1"/>
				</Texture>
			</Layer>
		</Layers>
		<Frames>
			<Button parentKey="NextMissionButton" inherits="UIPanelButtonTemplate" text="NEXT">
				<Size x="150" y="26"/>
				<Anchors>
					<Anchor point="BOTTOM" y="-8"/>
				</Anchors>
				<Scripts>
					<OnClick>
						PlaySound(SOUNDKIT.UI_GARRISON_COMMAND_TABLE_NAV_NEXT);
						self:GetParent():GetParent():NextMission();
					</OnClick>
				</Scripts>
			</Button>
			<Frame parentKey="LoadingFrame" inherits="LoadingSpinnerTemplate" hidden="true">
				<Layers>
					<Layer level="ARTWORK">
						<FontString parentKey="Label" inherits="GameFontHighlight" text="LFG_LIST_LOADING">
							<Anchors>
								<Anchor point="LEFT" relativePoint="RIGHT"/>
							</Anchors>
						</FontString>
					</Layer>
				</Layers>
				<Scripts>
					<OnLoad>
						self.Anim:Play();
						self:SetPoint("TOP", self:GetParent().NextMissionButton, "BOTTOM", -self.Label:GetWidth()/2, 4);
					</OnLoad>
				</Scripts>
			</Frame>
		</Frames>
		<Scripts>
			<OnLoad method="OnLoad"/>
			<OnEvent method="OnEvent"/>
			<OnKeyDown method="OnSkipKeyPressed"/>
		</Scripts>
	</Frame>

	<StatusBar name="GarrisonFollowerXPBarTemplate" virtual="true">
		<Layers>
			<Layer level="BACKGROUND">
				<Texture>
					<Anchors>
						<Anchor point="BOTTOMLEFT" x="0" y="0"/>
						<Anchor point="TOPRIGHT" x="0" y="0"/>
					</Anchors>
					<Color r="0" g="0" b="0" a=".9"/>
				</Texture>
			</Layer>
			<Layer level="OVERLAY">
				<Texture parentKey="XPLeft" atlas="GarrMission_XPBarBig-End" useAtlasSize="true">
					<Anchors>
						<Anchor point="LEFT" x="-3"/>
					</Anchors>
					<TexCoords left="1.0" right="0.0" top="0.0" bottom="1.0"/>
				</Texture>
				<Texture parentKey="XPRight" atlas="GarrMission_XPBarBig-End" useAtlasSize="true">
					<Anchors>
						<Anchor point="RIGHT" x="3"/>
					</Anchors>
				</Texture>
				<Texture atlas="GarrMission_XPBarBig-Mid" useAtlasSize="true">
					<Anchors>
						<Anchor point="LEFT" relativeKey="$parent.XPLeft" relativePoint="RIGHT"/>
						<Anchor point="RIGHT" relativeKey="$parent.XPRight" relativePoint="LEFT"/>
					</Anchors>
				</Texture>
			</Layer>
		</Layers>
		<BarTexture file="Interface\TargetingFrame\UI-StatusBar"/>
		<BarColor r="0.482" g="0.098" b="0.706"/>
		<Scripts>
			<OnLoad>
				self.length = self:GetWidth();
			</OnLoad>
		</Scripts>
	</StatusBar>

	<Frame name="GarrisonFollowerXPGainTemplate" virtual="true">
		<Size x="100" y="20"/>
		<Animations>
			<AnimationGroup parentKey="FadeIn" setToFinalAlpha="true">
				<Alpha fromAlpha="0" toAlpha="1" duration=".25" order="1"/>
				<Translation duration="1" offsetY="20" order="2"/>
				<Alpha startDelay="0.5" fromAlpha="1" toAlpha="0" duration=".5" order="2"/>
				<Scripts>
					<OnStop function="GarrisonMissionComplete_AnimXPGainOnStop"/>
					<OnFinished function="GarrisonMissionComplete_AnimXPGainOnFinish"/>
				</Scripts>
			</AnimationGroup>
		</Animations>
		<Layers>
			<Layer level="OVERLAY">
				<FontString parentKey="Text" inherits="GameFontHighlightLarge">
					<Anchors>
						<Anchor point="CENTER"/>
					</Anchors>
				</FontString>
			</Layer>
		</Layers>
		<Scripts>
			<OnShow>
				self:SetAlpha(0);
			</OnShow>
			<OnHide>
				self:SetAlpha(0);
			</OnHide>
		</Scripts>
	</Frame>

	<Frame name="GarrisonFollowerLevelUpTemplate" virtual="true">
		<Size x="128" y="128"/>
		<Layers>
			<Layer level="BORDER">
				<Texture parentKey="LevelupLines1" hidden="false" alpha="0" alphaMode="ADD" atlas="Garr_MissionFX-Lines" useAtlasSize="true">
					<Anchors>
						<Anchor point="CENTER" x="0" y="10"/>
					</Anchors>
				</Texture>
				<Texture parentKey="LevelupLines2" hidden="false" alpha="0" alphaMode="ADD" atlas="Garr_MissionFX-Lines" useAtlasSize="true">
					<Anchors>
						<Anchor point="CENTER" relativeKey="$parent.LevelupLines1" x="-25" y="10"/>
					</Anchors>
				</Texture>
				<Texture parentKey="LevelupLines3" hidden="false" alpha="0" alphaMode="ADD" atlas="Garr_MissionFX-Lines" useAtlasSize="true">
					<Anchors>
						<Anchor point="CENTER" relativeKey="$parent.LevelupLines1" x="20" y="10"/>
					</Anchors>
				</Texture>
			</Layer>
			<Layer level="ARTWORK">
				<Texture parentKey="Banner" hidden="false" alpha="0" atlas="GarrMission_LevelUpBanner" useAtlasSize="true">
					<Anchors>
						<Anchor point="CENTER"/>
					</Anchors>
				</Texture>
				<Texture parentKey="BannerGlow" hidden="false" alpha="0" alphaMode="ADD" atlas="GarrMission_LevelUpBanner" useAtlasSize="true">
					<Anchors>
						<Anchor point="CENTER" relativeKey="$parent.Banner"/>
					</Anchors>
				</Texture>
				<Texture parentKey="LevelupGlow" hidden="false" alpha="0" alphaMode="ADD" atlas="Garr_MissionFX-Glow" useAtlasSize="true">
					<Anchors>
						<Anchor point="CENTER"/>
					</Anchors>
				</Texture>
			</Layer>
			<Layer level="OVERLAY">
				<FontString parentKey="Text" inherits="QuestFont_Shadow_Huge" text="GARRISON_FOLLOWER_LEVEL_UP">
					<Anchors>
						<Anchor point="CENTER"/>
					</Anchors>
				</FontString>
			</Layer>
		</Layers>
		<Animations>
			<AnimationGroup parentKey="Anim" setToFinalAlpha="true">
				<Alpha childKey="Banner" duration="0.15" order="1" fromAlpha="0" toAlpha="1"/>
				<Scale childKey="Banner" duration="0.15" order="1" fromScaleX="0.25" fromScaleY="1" toScaleX="1" toScaleY="1"/>
				<Alpha childKey="BannerGlow" duration="0.25" order="1" fromAlpha="0" toAlpha="1"/>
				<Scale childKey="BannerGlow" duration="0.25" order="1" fromScaleX="0.5" fromScaleY="1" toScaleX="1.5" toScaleY="1"/>
				<Alpha childKey="BannerGlow" startDelay="0.25" duration="0.5" order="1" fromAlpha="1" toAlpha="0"/>
				<Alpha childKey="LevelupLines1" duration="0.25" order="1" fromAlpha="0" toAlpha="1"/>
				<Alpha childKey="LevelupLines1" startDelay="0.5" duration="0.25" order="1" fromAlpha="1" toAlpha="0"/>
				<Scale childKey="LevelupLines1" duration="0.5" order="1" fromScaleX="1" fromScaleY="0.25" toScaleX="1" toScaleY="1"/>
				<Translation childKey="LevelupLines1" duration="0.5" order="1" offsetX="0" offsetY="25"/>
				<Alpha childKey="LevelupLines2" startDelay="0.15" duration="0.25" order="1" fromAlpha="0" toAlpha="1"/>
				<Alpha childKey="LevelupLines2" startDelay="0.65" duration="0.25" order="1" fromAlpha="1" toAlpha="0"/>
				<Scale childKey="LevelupLines2" startDelay="0.15" duration="0.5" order="1" fromScaleX="1" fromScaleY="0.25" toScaleX="1" toScaleY="1"/>
				<Translation childKey="LevelupLines2" startDelay="0.15" duration="0.5" order="1" offsetX="0" offsetY="25"/>
				<Alpha childKey="LevelupLines3" startDelay="0.3" duration="0.25" order="1" fromAlpha="0" toAlpha="1"/>
				<Alpha childKey="LevelupLines3" startDelay="0.8" duration="0.25" order="1" fromAlpha="1" toAlpha="0"/>
				<Scale childKey="LevelupLines3" startDelay="0.3" duration="0.5" order="1" fromScaleX="1" fromScaleY="0.25" toScaleX="1" toScaleY="1"/>
				<Translation childKey="LevelupLines3" startDelay="0.3" duration="0.5" order="1" offsetX="0" offsetY="25"/>
				<Alpha childKey="LevelupGlow" duration="0.5" order="1" fromAlpha="0" toAlpha="1"/>
				<Alpha childKey="LevelupGlow" startDelay="0.75" duration="0.5" order="1" fromAlpha="1" toAlpha="0"/>
				<Scale childKey="LevelupGlow" duration="0.75" order="1" fromScaleX="2.5" fromScaleY="0.25" toScaleX="2.5" toScaleY="2"/>
				<Translation childKey="LevelupGlow" duration="0.75" order="1" offsetX="0" offsetY="30"/>
				<Alpha duration="0.5" order="2" fromAlpha="1" toAlpha="0"/>
				<Scripts>
					<OnStop>
						self:GetParent():Hide();
					</OnStop>
					<OnFinished>
						self:GetParent():Hide();
					</OnFinished>
				</Scripts>
			</AnimationGroup>
		</Animations>
	</Frame>

	<Button name="GarrisonFollowerPlacerFrame" parent="UIParent" frameStrata="HIGH" setAllPoints="true" hidden="true">
		<Scripts>
			<OnLoad>
				self:RegisterForClicks("LeftButtonUp", "RightButtonUp");
			</OnLoad>
			<OnClick function="GarrisonFollowerPlacerFrame_OnClick"/>
		</Scripts>
	</Button>

	<GameTooltip name="GarrisonMissionMechanicTooltip" inherits="GameTooltipTemplate" frameStrata="TOOLTIP">
		<Size x="280" y="200"/>
		<Anchors>
			<Anchor point="CENTER"/>
		</Anchors>
		<Layers>
			<Layer level="ARTWORK" textureSubLevel="-1">
				<Texture parentKey="Icon">
					<Size x="20" y="20"/>
					<Anchors>
						<Anchor point="TOPLEFT" x="15" y="-12"/>
					</Anchors>
				</Texture>
			</Layer>
			<Layer level="ARTWORK">
				<Texture parentKey="Border" atlas="GarrMission_EncounterAbilityBorder" useAtlasSize="true">
					<Anchors>
						<Anchor point="CENTER" relativeKey="$parent.Icon"/>
					</Anchors>
				</Texture>
				<FontString parentKey="Name" inherits="GameFontHighlightMedium" justifyH="LEFT">
					<Anchors>
						<Anchor point="BOTTOMLEFT" relativeKey="$parent.Icon" relativePoint="BOTTOMRIGHT" x="4" y="4"/>
					</Anchors>
				</FontString>
				<FontString parentKey="Description" inherits="GameFontNormal" justifyH="LEFT">
					<Size x="260" y="0"/>
					<Anchors>
						<Anchor point="TOPLEFT" relativeKey="$parent.Icon" relativePoint="BOTTOMLEFT" y="-6"/>
					</Anchors>
				</FontString>
			</Layer>
		</Layers>
	</GameTooltip>

	<GameTooltip name="GarrisonMissionMechanicFollowerCounterTooltip" inherits="GameTooltipTemplate" parent="UIParent" frameStrata="TOOLTIP">
		<Size x="280" y="250"/>
		<Anchors>
			<Anchor point="CENTER"/>
		</Anchors>
		<Layers>
			<Layer level="ARTWORK" textureSubLevel="-1">
				<Texture parentKey="Icon">
					<Size x="20" y="20"/>
					<Anchors>
						<Anchor point="TOPLEFT" x="15" y="-43" relativeKey="$parent.Subtitle"/>
					</Anchors>
				</Texture>
			</Layer>
			<Layer level="ARTWORK">
				<FontString parentKey="Title" inherits="GameFontHighlightMedium" justifyH="LEFT" text="GARRISON_THREAT_COUNTER">
					<Anchors>
						<Anchor point="TOPLEFT" x="15" y="-10"/>
					</Anchors>
				</FontString>
				<FontString parentKey="Subtitle" inherits="GameFontNormal" justifyH="LEFT" text="GARRISON_FOLLOWER_CAN_COUNTER">
					<Anchors>
						<Anchor point="TOPLEFT" y="-15" relativeKey="$parent.Title"/>
					</Anchors>
				</FontString>
				<Texture parentKey="Border" atlas="GarrMission_EncounterAbilityBorder" useAtlasSize="true">
					<Anchors>
						<Anchor point="CENTER" relativeKey="$parent.Icon"/>
					</Anchors>
				</Texture>
				<FontString parentKey="Name" inherits="GameFontHighlightMedium" justifyH="LEFT">
					<Anchors>
						<Anchor point="BOTTOMLEFT" relativeKey="$parent.Icon" relativePoint="BOTTOMRIGHT" x="4" y="4"/>
					</Anchors>
				</FontString>
				<FontString parentKey="CounterFrom" inherits="GameFontNormal" justifyH="LEFT" text="GARRISON_MISSION_COUNTER_FROM">
					<Size x="260" y="0"/>
					<Anchors>
						<Anchor point="TOPLEFT" relativeKey="$parent.Icon" relativePoint="BOTTOMLEFT" y="-15"/>
					</Anchors>
					<Color r="0.4" g="0.73" b="1.0"/>
				</FontString>
				<Texture parentKey="CounterIcon">
					<Size x="20" y="20"/>
					<Anchors>
						<Anchor point="TOPLEFT" relativeKey="$parent.CounterFrom" relativePoint="BOTTOMLEFT" y="-5"/>
					</Anchors>
				</Texture>
				<FontString parentKey="CounterName" inherits="GameFontHighlight" justifyH="LEFT">
					<Anchors>
						<Anchor point="BOTTOMLEFT" relativeKey="$parent.CounterIcon" relativePoint="BOTTOMRIGHT" x="4" y="4"/>
					</Anchors>
				</FontString>
			</Layer>
		</Layers>
	</GameTooltip>

</Ui>
