<Ui xmlns="http://www.blizzard.com/wow/ui/" xmlns:xsi="http://www.w3.org/2001/XMLSchema-instance" xsi:schemaLocation="http://www.blizzard.com/wow/ui/
..\FrameXML\UI.xsd">
	<Script file="Blizzard_GarrisonSharedTemplates.lua"/>

	<Frame name="GarrisonUITemplate" inherits="BaseBasicFrameTemplate" virtual="true">
		<Layers>
			<Layer level="BACKGROUND" textureSubLevel="-1">
				<Texture parentKey="BackgroundTile" atlas="Garr_WoodFrame-BackgroundTile" horizTile="true" vertTile="true">
					<Anchors>
						<Anchor point="TOPLEFT"/>
						<Anchor point="BOTTOMRIGHT"/>
					</Anchors>
				</Texture>
			</Layer>
			<Layer level="BACKGROUND" textureSubLevel="1">
				<Texture parentKey="Top" atlas="_Garr_WoodFrameTile-Top" horizTile="true" useAtlasSize="true">
					<Anchors>
						<Anchor point="TOPLEFT" x="2"/>
						<Anchor point="TOPRIGHT" x="-4"/>
					</Anchors>
				</Texture>
				<Texture parentKey="Bottom" atlas="_Garr_WoodFrameTile-Bottom" horizTile="true" useAtlasSize="true">
					<Anchors>
						<Anchor point="BOTTOMLEFT" />
						<Anchor point="BOTTOMRIGHT" x="-4"/>
					</Anchors>
				</Texture>
				<Texture parentKey="Left" atlas="!Garr_WoodFrameTile-Left" vertTile="true" useAtlasSize="true">
					<Anchors>
						<Anchor point="TOPLEFT"  y="-22"/>
						<Anchor point="BOTTOMLEFT" />
					</Anchors>
				</Texture>
				<Texture parentKey="Right" atlas="!Garr_WoodFrameTile-Left" vertTile="true" useAtlasSize="true">
					<Anchors>
						<Anchor point="TOPRIGHT"  y="-22"/>
						<Anchor point="BOTTOMRIGHT" />
					</Anchors>
					<TexCoords left="1.0" right="0.0" top="0.0" bottom="1.0"/>
				</Texture>
			</Layer>
		</Layers>
		<Frames>
			<!-- This frame is used to position the corner texutures above other frames (for example the scroll frame of the adventure map.)
				The above textures can be put into this frame as well, but they have anchors via their parentKey, so don't want to move them here.-->
			<Frame parentKey="GarrCorners" setAllPoints="true" frameLevel="3">
				<Layers>
					<Layer level="BACKGROUND" textureSubLevel="2">
						<Texture parentKey="TopLeftGarrCorner" atlas="Garr_WoodFrameCorner" useAtlasSize="true">
							<Anchors>
								<Anchor point="TOPLEFT" x="2" y="-22"/>
							</Anchors>
						</Texture>
						<Texture parentKey="TopRightGarrCorner" atlas="Garr_WoodFrameCorner" useAtlasSize="true">
							<Anchors>
								<Anchor point="TOPRIGHT" x="-4" y="-22"/>
							</Anchors>
							<TexCoords left="1.0" right="0.0" top="0.0" bottom="1.0"/>
						</Texture>
						<Texture parentKey="BottomLeftGarrCorner" atlas="Garr_WoodFrameCorner" useAtlasSize="true">
							<Anchors>
								<Anchor point="BOTTOMLEFT" x="2" y="2"/>
							</Anchors>
							<TexCoords left="0.0" right="1.0" top="1.0" bottom="0.0"/>
						</Texture>
						<Texture parentKey="BottomRightGarrCorner" atlas="Garr_WoodFrameCorner" useAtlasSize="true">
							<Anchors>
								<Anchor point="BOTTOMRIGHT" x="-4" y="2"/>
							</Anchors>
							<TexCoords left="1.0" right="0.0" top="1.0" bottom="0.0"/>
						</Texture>
					</Layer>
				</Layers>
			</Frame>
		</Frames>
	</Frame>

	<Frame name="GarrisonMissionBaseFrameTemplate" virtual="true">
		<Layers>
			<Layer level="BORDER">
				<Texture parentKey="BaseFrameBackground" atlas="Garr_InfoBoxMission-BackgroundTile" horizTile="true" vertTile="true">
					<Anchors>
						<Anchor point="TOPLEFT"/>
						<Anchor point="BOTTOMRIGHT"/>
					</Anchors>
				</Texture>
			</Layer>
			<Layer level="BORDER" textureSubLevel="1">
				<Texture parentKey="BaseFrameTop" atlas="_Garr_InfoBoxMission-Top" horizTile="true" useAtlasSize="true">
					<Anchors>
						<Anchor point="TOPLEFT" x="1" y="7"/>
						<Anchor point="TOPRIGHT" x="-1" y="7"/>
					</Anchors>
				</Texture>
				<Texture parentKey="BaseFrameBottom" atlas="_Garr_InfoBoxMission-Top" horizTile="true" useAtlasSize="true">
					<Anchors>
						<Anchor point="BOTTOMLEFT" y="-7"/>
						<Anchor point="BOTTOMRIGHT" y="-7"/>
					</Anchors>
					<TexCoords left="0.0" right="1.0" top="1.0" bottom="0.0"/>
				</Texture>
				<Texture parentKey="BaseFrameLeft" atlas="!Garr_InfoBoxMission-Left" vertTile="true" useAtlasSize="true">
					<Anchors>
						<Anchor point="TOPLEFT" x="-7"/>
						<Anchor point="BOTTOMLEFT" x="-7"/>
					</Anchors>
				</Texture>
				<Texture parentKey="BaseFrameRight" atlas="!Garr_InfoBoxMission-Left" vertTile="true" useAtlasSize="true">
					<Anchors>
						<Anchor point="TOPRIGHT" x="7"/>
						<Anchor point="BOTTOMRIGHT" x="7"/>
					</Anchors>
					<TexCoords left="1.0" right="0.0" top="0.0" bottom="1.0"/>
				</Texture>
			</Layer>
			<Layer level="BORDER" textureSubLevel="2">
				<Texture parentKey="BaseFrameTopLeft" atlas="Garr_InfoBoxMission-Corner" useAtlasSize="true">
					<Anchors>
						<Anchor point="TOPLEFT" x="-6" y="7"/>
					</Anchors>
				</Texture>
				<Texture parentKey="BaseFrameTopRight" atlas="Garr_InfoBoxMission-Corner" useAtlasSize="true">
					<Anchors>
						<Anchor point="TOPRIGHT" x="6" y="7"/>
					</Anchors>
					<TexCoords left="1.0" right="0.0" top="0.0" bottom="1.0"/>
				</Texture>
				<Texture parentKey="BaseFrameBottomLeft" atlas="Garr_InfoBoxMission-Corner" useAtlasSize="true">
					<Anchors>
						<Anchor point="BOTTOMLEFT" x="-7" y="-7"/>
					</Anchors>
					<TexCoords left="0.0" right="1.0" top="1.0" bottom="0.0"/>
				</Texture>
				<Texture parentKey="BaseFrameBottomRight" atlas="Garr_InfoBoxMission-Corner" useAtlasSize="true">
					<Anchors>
						<Anchor point="BOTTOMRIGHT" x="7" y="-7"/>
					</Anchors>
					<TexCoords left="1.0" right="0.0" top="1.0" bottom="0.0"/>
				</Texture>
			</Layer>
			<Layer level="BORDER" textureSubLevel="4">
				<Texture atlas="_Garr_InfoBoxBorderMission-Top" horizTile="true" useAtlasSize="true">
					<Anchors>
						<Anchor point="TOPLEFT"/>
						<Anchor point="TOPRIGHT"/>
					</Anchors>
				</Texture>
				<Texture atlas="_Garr_InfoBoxBorderMission-Top" horizTile="true" useAtlasSize="true">
					<Anchors>
						<Anchor point="BOTTOMLEFT"/>
						<Anchor point="BOTTOMRIGHT"/>
					</Anchors>
					<TexCoords left="0.0" right="1.0" top="1.0" bottom="0.0"/>
				</Texture>
				<Texture atlas="!Garr_InfoBoxBorderMission-Left" vertTile="true" useAtlasSize="true">
					<Anchors>
						<Anchor point="TOPLEFT"/>
						<Anchor point="BOTTOMLEFT"/>
					</Anchors>
				</Texture>
				<Texture atlas="!Garr_InfoBoxBorderMission-Left" vertTile="true" useAtlasSize="true">
					<Anchors>
						<Anchor point="TOPRIGHT"/>
						<Anchor point="BOTTOMRIGHT"/>
					</Anchors>
					<TexCoords left="1.0" right="0.0" top="0.0" bottom="1.0"/>
				</Texture>
			</Layer>
			<Layer level="BORDER" textureSubLevel="5">
				<Texture atlas="Garr_InfoBoxBorderMission-Corner" useAtlasSize="true">
					<Anchors>
						<Anchor point="TOPLEFT"/>
					</Anchors>
				</Texture>
				<Texture atlas="Garr_InfoBoxBorderMission-Corner" useAtlasSize="true">
					<Anchors>
						<Anchor point="TOPRIGHT"/>
					</Anchors>
					<TexCoords left="1.0" right="0.0" top="0.0" bottom="1.0"/>
				</Texture>
				<Texture atlas="Garr_InfoBoxBorderMission-Corner" useAtlasSize="true">
					<Anchors>
						<Anchor point="BOTTOMLEFT"/>
					</Anchors>
					<TexCoords left="0.0" right="1.0" top="1.0" bottom="0.0"/>
				</Texture>
				<Texture atlas="Garr_InfoBoxBorderMission-Corner" useAtlasSize="true">
					<Anchors>
						<Anchor point="BOTTOMRIGHT"/>
					</Anchors>
					<TexCoords left="1.0" right="0.0" top="1.0" bottom="0.0"/>
				</Texture>
			</Layer>
		</Layers>
	</Frame>

	<Frame name="GarrisonListTemplate" inherits="GarrisonMissionBaseFrameTemplate" virtual="true">
		<Size x="300" y="575"/>
		<Frames>
			<ScrollFrame name="$parentListScrollFrame" parentKey="listScroll" inherits="HybridScrollFrameTemplate">
				<Anchors>
					<Anchor point="TOPLEFT" x="5" y="-6"/>
					<Anchor point="BOTTOMRIGHT" x="-3" y="8"/>
				</Anchors>
				<Frames>
					<Slider name="$parentScrollBar" inherits="HybridScrollBarTrimTemplate" parentKey="scrollBar">
						<Anchors>
							<Anchor point="TOPLEFT" relativePoint="TOPRIGHT" x="-20" y="-12"/>
							<Anchor point="BOTTOMLEFT" relativePoint="BOTTOMRIGHT" x="-20" y="12"/>
						</Anchors>
						<Scripts>
							<OnLoad>
								self.trackBG:Show();
								self.trackBG:SetVertexColor(0, 0, 0, 0.75);
								self.doNotHide = true;
							</OnLoad>
						</Scripts>
					</Slider>
				</Frames>
			</ScrollFrame>
		</Frames>
	</Frame>

	<Frame name="GarrisonListTemplateHeader" inherits="GarrisonListTemplate" virtual="true">
		<Size x="300" y="575"/>
		<Layers>
			<Layer level="BORDER" textureSubLevel="7">
				<Texture parentKey="HeaderLeft" atlas="GarrMission_ParchmentHeader-End" useAtlasSize="true">
					<Anchors>
						<Anchor point="BOTTOMLEFT" relativePoint="TOPLEFT" x="12" y="-8"/>
					</Anchors>
				</Texture>
				<Texture parentKey="HeaderRight" atlas="GarrMission_ParchmentHeader-End" useAtlasSize="true">
					<Anchors>
						<Anchor point="BOTTOMRIGHT" relativePoint="TOPRIGHT" x="-28" y="-8"/>
					</Anchors>
					<TexCoords left="1.0" right="0.0" top="0.0" bottom="1.0"/>
				</Texture>
			</Layer>
			<Layer level="BORDER" textureSubLevel="6">
				<Texture parentKey="HeaderMid" atlas="_GarrMission_ParchmentHeader-Mid" useAtlasSize="true" horizTile="true">
					<Anchors>
						<Anchor point="LEFT" relativeKey="$parent.HeaderLeft" relativePoint="RIGHT" x="-35"/>
						<Anchor point="RIGHT" relativeKey="$parent.HeaderRight" relativePoint="LEFT" x="35"/>
					</Anchors>
				</Texture>
			</Layer>
		</Layers>
	</Frame>

	<Button name="GarrisonFollowerButtonTemplate" virtual="true">
		<Size x="260" y="56"/>
		<Anchors>
			<Anchor point="TOPLEFT" x="12" y="-12"/>
		</Anchors>
		<Layers>
			<Layer level="BACKGROUND">
				<Texture parentKey="BG" atlas="GarrMission_FollowerListButton" useAtlasSize="true">
					<Anchors>
						<Anchor point="TOPRIGHT"/>
					</Anchors>
				</Texture>
			</Layer>
			<Layer level="BACKGROUND" textureSubLevel="1">
				<Texture parentKey="Selected" atlas="GarrMission_FollowerListButton-Select" useAtlasSize="true" hidden="true">
					<Anchors>
						<Anchor point="TOPRIGHT"/>
					</Anchors>
				</Texture>
			</Layer>
			<Layer level="BACKGROUND" textureSubLevel="2">
				<Texture parentKey="Class" atlas="GarrMission_ClassIcon-DeathKnight" useAtlasSize="true">
					<Anchors>
						<Anchor point="TOPRIGHT"/>
					</Anchors>
					<Color r="1" g="1" b="1" a=".2"/>
				</Texture>
			</Layer>
			<Layer level="ARTWORK">
				<FontString parentKey="Name" inherits="GameFontNormal" justifyH="LEFT" text="Goblin Freeman">
					<Size x="140" y="0"/>
					<Anchors>
						<!-- This is re-anchored to PortraitFrame in the Lua code -->
						<Anchor point="LEFT" relativeKey="$parent.PortraitFrame" relativePoint="LEFT" x="66" y="0"/>
					</Anchors>
				</FontString>
				<FontString parentKey="ILevel" inherits="GameFontHighlightSmall" justifyH="LEFT">
					<Anchors>
						<Anchor point="TOPLEFT" relativeKey="$parent.Name" relativePoint="BOTTOMLEFT" y="-4"/>
					</Anchors>
					<Color r="0.745" g="0.745" b="0.745" a="1"/>
				</FontString>
				<Texture parentKey="XPBar">
					<Size x="205" y="4"/>
					<Anchors>
						<Anchor point="TOPLEFT" relativeKey="$parent.BG" relativePoint="BOTTOMLEFT" x="24" y="6"/>
					</Anchors>
					<Color r="0.212" g="0" b="0.337" a="1"/>
				</Texture>
				<FontString parentKey="Status" inherits="GameFontHighlightSmall" justifyH="LEFT">
					<Size x="0" y="14"/>
					<Anchors>
						<Anchor point="TOPLEFT" relativeKey="$parent.ILevel" relativePoint="TOPRIGHT" x="4" y="0"/>
					</Anchors>
					<Color r="0.698" g="0.941" b="1" a="1"/>
				</FontString>
			</Layer>
			<Layer level="OVERLAY">
				<Texture parentKey="Selection" atlas="GarrMission_FollowerListButton-Select" useAtlasSize="true" hidden="true">
					<Anchors>
						<Anchor point="TOP" x="14" y="-1"/>
					</Anchors>
				</Texture>
			</Layer>
		</Layers>
		<Frames>
			<Frame parentKey="PortraitFrame" inherits="GarrisonFollowerPortraitTemplate">
				<Anchors>
					<Anchor point="TOPLEFT" x="4" y="2"/>
				</Anchors>
				<Scripts>
					<OnLoad>
						self:SetFrameLevel(self:GetParent():GetFrameLevel() + 2);
					</OnLoad>
				</Scripts>
			</Frame>
		</Frames>
		<HighlightTexture parentKey="Highlight" atlas="GarrMission_FollowerListButton-Highlight" useAtlasSize="true">
			<Anchors>
				<Anchor point="TOPRIGHT"/>
			</Anchors>
		</HighlightTexture>
	</Button>

	<Button name="GarrisonFollowerCombatAllySpellTemplate" virtual="true" mixin="GarrisonFollowerCombatAllySpellMixin">
		<Size>
			<AbsDimension x="37" y="37"/>
		</Size>
		<Layers>
			<Layer level="ARTWORK">
				<Texture parentKey="iconTexture" setAllPoints="true"/>
			</Layer>
		</Layers>
		<Scripts>
			<OnEnter method="OnEnter"/>
			<OnLeave method="OnLeave"/>
		</Scripts>
	</Button>

	<Button name="GarrisonFollowerEquipmentTemplate" parentArray="Equipment" inherits="GarrisonEquipmentTemplate" virtual="true" mixin="GarrisonFollowerEquipmentMixin">
		<Layers>
			<Layer level="BACKGROUND">
				<Texture parentKey="BG" atlas="ClassHall_Follower-EquipmentBG" useAtlasSize="true">
					<Anchors>
						<Anchor point="TOPLEFT"/>
					</Anchors>
				</Texture>
			</Layer>
			<Layer level="BORDER" textureSubLevel="1">
				<Texture parentKey="Border" atlas="ClassHall_Follower-EquipmentFrame" useAtlasSize="true">
					<Anchors>
						<Anchor point="TOPLEFT"/>
					</Anchors>
				</Texture>
			</Layer>
			<Layer level="OVERLAY" textureSubLevel="1">
				<Texture parentKey="Lock" atlas="legionmission-lock" useAtlasSize="true">
					<Anchors>
						<Anchor point="CENTER"/>
					</Anchors>
				</Texture>
			</Layer>
		</Layers>
		<Scripts>
			<OnEnter method="OnEnter"/>
			<OnLeave method="OnLeave"/>
			<OnClick method="OnClick"/>
			<OnReceiveDrag method="OnReceiveDrag"/>
		</Scripts>
	</Button>

	<Texture name="GarrisonMissionFollowerButtonDurabilityTemplate" parentArray="durability" atlas="GarrisonTroops-Health" virtual="true">
		<Size x="13" y="11"/>
	</Texture>
	<Frame name="GarrisonMissionFollowerDurabilityFrameTemplate" mixin="GarrisonMissionFollowerDurabilityMixin" virtual="true">
		<Size x="100" y="11"/>
	</Frame>

	<Frame name="GarrisonAbilityCounterTemplate" virtual="true">
		<Size x="20" y="20"/>
		<Layers>
			<Layer level="ARTWORK" textureSubLevel="-1">
				<Texture parentKey="Icon">
					<Size x="20" y="20"/>
					<Anchors>
						<Anchor point="CENTER"/>
					</Anchors>
				</Texture>
			</Layer>
			<Layer level="ARTWORK">
				<Texture parentKey="Border" atlas="GarrMission_EncounterAbilityBorder" useAtlasSize="true">
					<Anchors>
						<Anchor point="CENTER"/>
					</Anchors>
				</Texture>
			</Layer>
		</Layers>
	</Frame>

	<Frame name="GarrisonMissionAbilityCounterTemplate" inherits="GarrisonAbilityCounterTemplate" virtual="true">
		<Layers>
			<Layer level="ARTWORK">
				<Texture parentKey="AbilityFeedbackGlow" hidden="false" alpha="0.01" alphaMode="ADD" atlas="GarrMission-AbilityHighlight">
					<Size x="30" y="30"/>
					<Anchors>
						<Anchor point="CENTER"/>
					</Anchors>
				</Texture>
			</Layer>
		</Layers>
		<Animations>
			<AnimationGroup parentKey="AbilityFeedbackGlowAnim" setToFinalAlpha="true">
				<Alpha childKey="AbilityFeedbackGlow" smoothing="IN" duration="0.25" order="1" fromAlpha="0" toAlpha="1"/>
				<Scale childKey="AbilityFeedbackGlow" duration="0.25" order="1" fromScaleX="0.8" fromScaleY="0.8" toScaleX="1.4" toScaleY="1.4"/>
				<Alpha childKey="AbilityFeedbackGlow" startDelay="0.2" duration="0.5" order="1" fromAlpha="1" toAlpha="0"/>
			</AnimationGroup>
		</Animations>

		<Scripts>
			<OnEnter function="GarrisonMissionMechanicFollowerCounter_OnEnter"/>
			<OnLeave function="GarrisonMissionMechanicFollowerCounter_OnLeave"/>
		</Scripts>
	</Frame>

	<Frame name="GarrisonFollowerListButtonAbilityTemplate" virtual="true">
		<Size x="234" y="20"/>
		<KeyValues>
			<KeyValue key="followerTypeID" value="1" type="number"/>
		</KeyValues>
		<Layers>
			<Layer level="ARTWORK">
				<Texture parentKey="Icon">
					<Size x="20" y="20"/>
					<Anchors>
						<Anchor point="LEFT" x="2"/>
					</Anchors>
				</Texture>
				<FontString parentKey="Name" inherits="GameFontHighlight" justifyH="LEFT">
					<Anchors>
						<Anchor point="TOPLEFT" relativeKey="$parent.Icon" relativePoint="TOPRIGHT" x="2"/>
						<Anchor point="BOTTOMRIGHT" x="-10"/>
					</Anchors>
				</FontString>
			</Layer>
		</Layers>
		<Scripts>
			<OnEnter>
				ShowGarrisonFollowerAbilityTooltip(self, self.abilityID, self.followerTypeID);
			</OnEnter>
			<OnLeave>
				HideGarrisonFollowerAbilityTooltip(self.followerTypeID);
			</OnLeave>
		</Scripts>
	</Frame>

	<Button name="GarrisonMissionFollowerButtonTemplate" inherits="GarrisonFollowerButtonTemplate" virtual="true">
		<Layers>
			<Layer level="BACKGROUND" textureSubLevel="-1">
				<Texture parentKey="AbilitiesBG" atlas="GarrMission_FollowerListButton" hidden="true">
					<Size x="232" y="0"/>
					<Anchors>
						<Anchor point="TOPRIGHT" relativeKey="$parent.BG" relativePoint="BOTTOMRIGHT" y="5"/>
					</Anchors>
				</Texture>
			</Layer>
			<Layer level="ARTWORK">
				<Texture parentKey="UpArrow" file="Interface\Buttons\SquareButtonTextures" hidden="true">
					<Size x="13" y="13"/>
					<Anchors>
						<Anchor point="TOPRIGHT" x="-10" y="-38"/>
					</Anchors>
					<TexCoords left="0.45312500" right="0.64062500" bottom="0.20312500" top="0.01562500"/>
				</Texture>
			</Layer>
			<Layer level="HIGHLIGHT">
				<Texture parentKey="DownArrow" file="Interface\Buttons\SquareButtonTextures">
					<Size x="13" y="13"/>
					<Anchors>
						<Anchor point="TOPRIGHT" x="-10" y="-38"/>
					</Anchors>
					<TexCoords left="0.45312500" right="0.64062500" bottom="0.01562500" top="0.20312500"/>
				</Texture>
			</Layer>
		</Layers>
		<Frames>
			<Frame parentKey="DurabilityFrame" inherits="GarrisonMissionFollowerDurabilityFrameTemplate" hidden="true">
				<Anchors>
					<Anchor point="TOPLEFT" relativeKey="$parent.ILevel" relativePoint="TOPRIGHT" x="0" y="0"/>
				</Anchors>
			</Frame>
			<Frame parentArray="Counters" inherits="GarrisonMissionAbilityCounterTemplate" hidden="true">
				<Anchors>
					<Anchor point="TOPRIGHT" x="-8" y="-4"/>
				</Anchors>
			</Frame>
			<Frame parentArray="Abilities" inherits="GarrisonFollowerListButtonAbilityTemplate" hidden="true">
				<Anchors>
					<Anchor point="TOPLEFT" relativeKey="$parent.AbilitiesBG" x="2" y="-9"/>
				</Anchors>
				<Scripts>
					<OnShow>
						local followerList = self:GetParent():GetFollowerList();
						self.followerTypeID = followerList.followerType;
					</OnShow>
				</Scripts>
			</Frame>
			<Frame parentKey="BusyFrame" hidden="true">
				<Anchors>
					<Anchor point="TOPLEFT" x="28" y="1"/>
					<Anchor point="BOTTOMRIGHT" x="0" y="1"/>
				</Anchors>
				<Layers>
					<Layer level="ARTWORK">
						<Texture parentKey="Texture" setAllPoints="true">
							<Color r="0" g="0.06" b="0.22" a="0.44"/>
						</Texture>
					</Layer>
				</Layers>
			</Frame>
		</Frames>
		<Scripts>
			<OnLoad>
				self:RegisterForClicks("LeftButtonUp", "RightButtonUp");
				self:RegisterForDrag("LeftButton");
				self.PortraitFrame:SetFrameLevel(self.BusyFrame:GetFrameLevel() + 1);
			</OnLoad>
			<OnClick>
				if ( IsModifiedClick() ) then
					GarrisonFollowerListButton_OnModifiedClick(self, button);
				else
					GarrisonFollowerListButton_OnClick(self, button);
				end
			</OnClick>
			<OnDragStart function="GarrisonFollowerListButton_OnDragStart"/>
			<OnDragStop function="GarrisonFollowerListButton_OnDragStop"/>
		</Scripts>
	</Button>

	<Frame name="GarrisonMissionFollowerOrCategoryListButtonTemplate" virtual="true">
		<Size x="260" y="20"/>
		<Layers>
			<Layer level="ARTWORK">
				<FontString parentKey="Category" inherits="GameFontNormal" justifyH="LEFT" setAllPoints="true"/>
			</Layer>
		</Layers>
		<Frames>
			<Button parentKey="Follower" inherits="GarrisonMissionFollowerButtonTemplate" mixin="GarrisonMissionFollowerOrCategoryListButtonMixin">
				<Anchors>
					<Anchor point="TOPLEFT"/>
				</Anchors>
			</Button>
		</Frames>
	</Frame>

	<Frame name="MaterialFrameTemplate" virtual="true">
		<KeyValues>
			<KeyValue key="currencyType" value="824" type="number"/>
		</KeyValues>
		<Layers>
			<Layer level="BACKGROUND">
				<Texture atlas="Garr_Mission_MaterialFrame" useAtlasSize="true" setAllPoints="true"/>
			</Layer>
			<Layer level="ARTWORK">
				<FontString inherits="GameFontNormal" justifyH="LEFT" text="GARRISON_YOUR_MATERIAL">
					<Anchors>
						<Anchor point="LEFT" x="15"/>
					</Anchors>
				</FontString>
				<FontString parentKey="Materials" inherits="GameFontHighlightLarge" justifyH="RIGHT">
					<Size x="120" y="0"/>
					<Anchors>
						<Anchor point="RIGHT" x="-37"/>
					</Anchors>
				</FontString>
				<Texture parentKey="Icon" atlas="GarrMission_CurrencyIcon-Material">
					<Size x="30" y="30"/>
					<Anchors>
						<Anchor point="RIGHT" x="-8" y="0"/>
					</Anchors>
				</Texture>
			</Layer>
		</Layers>
		<Scripts>
			<OnEnter>
				GameTooltip:SetOwner(self, "ANCHOR_RIGHT");
				GameTooltip:SetCurrencyTokenByID(self.currencyType);
				GameTooltip:Show();
			</OnEnter>
			<OnLeave function="GameTooltip_Hide"/>
		</Scripts>
	</Frame>

	<Frame name="GarrisonFollowerModelUpgradeTemplate" hidden="true" virtual="true">
		<Size x="10" y="10"/>
		<Layers>
			<Layer level="ARTWORK">
				<FontString parentKey="Text" inherits="GameFontNormal" text="GARRISON_FOLLOWER_CLICK_UPGRADE_PROMPT">
					<Anchors>
						<Anchor point="BOTTOM"/>
					</Anchors>
					<Color r="0.1" g="1" b="0.1"/>
				</FontString>
				<FontString parentKey="TextInvalid" inherits="GameFontNormal" textwrap="true" text="GARRISON_FOLLOWER_UPGRADE_REQUIRES_MAX_LEVEL">
					<Size x="200" y="0"/>
					<Anchors>
						<Anchor point="BOTTOM"/>
					</Anchors>
					<Color r="1" g="0.1" b="0.1"/>
				</FontString>
				<Texture parentKey="Icon" file="Interface\PetBattles\BattleBar-AbilityBadge-Strong">
					<Anchors>
						<Anchor point="RIGHT" relativeKey="$parent.Text" relativePoint="LEFT" x="-4" y="0"/>
					</Anchors>
				</Texture>
			</Layer>
		</Layers>
		<Scripts>
			<OnLoad function="GarrisonFollowerPageModelUpgrade_OnLoad"/>
			<OnEvent function="GarrisonFollowerPageModelUpgrade_OnEvent"/>
		</Scripts>
	</Frame>

	<Frame name="GarrisonTruncationFrame">
		<Scripts>
			<OnEnter function="GarrisonTruncationFrame_OnEnter"/>
			<OnLeave function="GarrisonTruncationFrame_OnLeave"/>
		</Scripts>
	</Frame>

	<Frame name="GarrisonAbilityCounterWithCheckTemplate" inherits="GarrisonAbilityCounterTemplate" virtual="true">
		<Layers>
			<Layer level="OVERLAY">
				<Texture parentKey="Check" atlas="GarrMission_CounterCheck" useAtlasSize="true">
					<Anchors>
						<Anchor point="BOTTOM" x="8" y="-6"/>
					</Anchors>
				</Texture>
				<Texture parentKey="Away" atlas="GarrMission_MissionTooltipAway" useAtlasSize="true">
					<Anchors>
						<Anchor point="BOTTOM" x="5" y="-3"/>
					</Anchors>
				</Texture>
				<FontString parentKey="TimeLeft" inherits="GameFontHighlightSmall">
					<Anchors>
						<Anchor point="BOTTOM" relativeKey="$parent" x="0" y="-17"/>
					</Anchors>
					<Color r="0.27" g="0.6" b="0.83"/>
				</FontString>
				<Texture parentKey="Working" atlas="GarrMission_MissionTooltipWorking" useAtlasSize="true">
					<Anchors>
						<Anchor point="BOTTOM" x="5" y="-3"/>
					</Anchors>
				</Texture>
			</Layer>
		</Layers>
	</Frame>

	<Button name="GarrisonThreatCounterTemplate" inherits="GarrisonAbilityCounterTemplate" virtual="true" enableMouse="true">
		<Layers>
			<Layer level="OVERLAY">
				<FontString parentKey="Count" inherits="GameFontHighlightSmall">
					<Anchors>
						<Anchor point="BOTTOM" x="1" y="-15" relativeKey="$parent"/>
					</Anchors>
				</FontString>
			</Layer>
		</Layers>
		<HighlightTexture alphaMode="ADD" file="Interface\Buttons\ButtonHilight-Square"/>
		<Scripts>
			<OnMouseDown>
				self.Icon:SetPoint("CENTER", 1, -1);
				self.Border:SetPoint("CENTER", 1, -1);
			</OnMouseDown>
			<OnMouseUp>
				self.Icon:SetPoint("CENTER", 0, 0);
				self.Border:SetPoint("CENTER", 0, 0);
			</OnMouseUp>
			<OnClick>
				PlaySound(SOUNDKIT.IG_MAINMENU_OPTION_CHECKBOX_ON);
				local frame = self:GetParent();
				local searchBox = frame:GetParent():GetParent()[frame.listName].SearchBox;
				local searchString = searchBox:GetText();
				if (searchString == self.name) then
					searchBox:SetText("");
				else
					searchBox:SetText(self.name);
				end
			</OnClick>
			<OnEnter function="GarrisonThreatCounter_OnEnter"/>
			<OnLeave function="GameTooltip_Hide"/>
		</Scripts>
	</Button>

	<Frame name="GarrisonThreatCountersFrameTemplate" virtual="true">
		<Size x="10" y="10"/>
		<KeyValues>
			<KeyValue key="listName" value="FollowerList" type="string"/>
		</KeyValues>
		<Frames>
			<Button parentArray="ThreatsList" inherits="GarrisonThreatCounterTemplate">
				<Anchors>
					<Anchor point="TOPRIGHT" x="0" y="7"/>
				</Anchors>
			</Button>
		</Frames>
		<Scripts>
			<OnLoad function="GarrisonThreatCountersFrame_OnLoad"/>
			<OnEvent function="GarrisonThreatCountersFrame_OnEvent"/>
			<OnShow function="GarrisonThreatCountersFrame_Update"/>
		</Scripts>
	</Frame>

	<Frame name="GarrisonThreatCountersFrame" inherits="GarrisonThreatCountersFrameTemplate" hidden="true"/>

	<Frame name="GarrisonConfirmFollowerAbilityUpgradeFrame" hidden="true">
		<Size x="200" y="40"/>
		<Layers>
			<Layer level="ARTWORK">
				<FontString parentKey="Name" inherits="GameFontHighlight">
					<Anchors>
						<Anchor point="CENTER" x="12" y="0"/>
					</Anchors>
				</FontString>
				<Texture parentKey="Icon">
					<Size x="20" y="20"/>
					<Anchors>
						<Anchor point="RIGHT" relativeKey="$parent.Name" relativePoint="LEFT" x="-4" y="0"/>
					</Anchors>
				</Texture>
			</Layer>
		</Layers>
	</Frame>

	<Button name="GarrisonEquipmentTemplate" virtual="true">
		<Size x="78" y="78"/>
		<!--
		<KeyValues>
			 <KeyValue key="quality" value="rare" type="string"/>
		</KeyValues>
		-->
		<Layers>
			<Layer level="BORDER" textureSubLevel="0">
				<Texture parentKey="Icon">
					<Size x="64" y="64"/>
					<Anchors>
						<Anchor point="CENTER"/>
					</Anchors>
				</Texture>
			</Layer>
			<Layer level="ARTWORK">
				<Texture parentKey="EquipGlow" hidden="false" alpha="0.01" alphaMode="ADD" atlas="GarrMission-AbilityHighlight" useAtlasSize="false">
					<Size x="90" y="90"/>
					<Anchors>
						<Anchor point="CENTER" relativeKey="$parent.Icon"/>
					</Anchors>
				</Texture>
			</Layer>
			<Layer level="OVERLAY">
				<Texture parentKey="ValidSpellHighlight" atlas="GarrMission-AbilityHighlight" useAtlasSize="false" hidden="true">
					<Size x="90" y="90"/>
					<Anchors>
						<Anchor point="CENTER"/>
					</Anchors>
				</Texture>
			</Layer>
		</Layers>
		<Animations>
			<AnimationGroup parentKey="EquipAnim" setToFinalAlpha="true">
				<Alpha childKey="EquipGlow" smoothing="IN" duration="0.25" order="1" fromAlpha="0" toAlpha="1"/>
				<Scale childKey="EquipGlow" duration="0.25" order="1" fromScaleX="0.8" fromScaleY="0.8" toScaleX="1.4" toScaleY="1.4"/>
				<Alpha childKey="EquipGlow" startDelay="0.2" duration="0.5" order="1" fromAlpha="1" toAlpha="0"/>
				<Scripts>
					<OnFinished>
						self:GetParent():GetParent():GetParent().lastUpdate = GetTime();
					</OnFinished>
				</Scripts>
			</AnimationGroup>
		</Animations>
		<Frames>
			<Frame parentKey="Counter" inherits="GarrisonMissionLargeMechanicTemplate" hidden="true">
				<Anchors>
					<Anchor point="TOP" relativeKey="$parent.Border" relativePoint="BOTTOM" x="0" y="-5"/>
				</Anchors>
			</Frame>
		</Frames>
	</Button>

</Ui>
