<Ui xmlns="http://www.blizzard.com/wow/ui/" xmlns:xsi="http://www.w3.org/2001/XMLSchema-instance" xsi:schemaLocation="http://www.blizzard.com/wow/ui/
..\FrameXML\UI.xsd">
	<Script file="Blizzard_MapCanvasDetailLayer.lua"/>
	<Script file="MapCanvas_ScrollContainerMixin.lua"/>
	<Script file="Blizzard_MapCanvas.lua"/>

	<Frame name="MapCanvasDetailLayerTemplate" useParentLevel="true" virtual="true" mixin="MapCanvasDetailLayerMixin">
		<Scripts>
			<OnLoad method="OnLoad" />
			<OnUpdate method="OnUpdate" />
		</Scripts>
	</Frame>

	<Texture name="MapCanvasDetailTileTemplate" virtual="true">
		<Size x="256" y="256" />
	</Texture>

	<Texture name="MapCanvasDebugTriggerAreaTemplate" virtual="true" alphaMode="ADD" />

	<!-- You need one of these as a child of your outter frame -->
	<ScrollFrame name="MapCanvasFrameScrollContainerTemplate" parentKey="ScrollContainer" enableMouse="true" mixin="MapCanvasScrollControllerMixin" virtual="true">
		<Anchors>
			<Anchor point="TOPLEFT" x="1" y="-20"/>
			<Anchor point="BOTTOMRIGHT" x="-1" y="1"/>
		</Anchors>
		<ScrollChild>
			<Frame parentKey="Child" >
				<Anchors>
					<Anchor point="TOPLEFT"/>
				</Anchors>
				<Layers>
					<Layer level="BACKGROUND" textureSubLevel="-8">
						<Texture parentKey="TiledBackground" atlas="AdventureMap_TileBg" horizTile="true" vertTile="true">
							<Anchors>
								<Anchor point="CENTER"/>
							</Anchors>
						</Texture>
					</Layer>
				</Layers>
			</Frame>
		</ScrollChild>
		<Scripts>
			<OnLoad method="OnLoad"/>
			<OnHide method="OnHide"/>
			<OnMouseUp method="OnMouseUp"/>
			<OnMouseDown method="OnMouseDown"/>
			<OnMouseWheel method="OnMouseWheel"/>
			<OnUpdate method="OnUpdate"/>
		</Scripts>
	</ScrollFrame>

	<Frame name="MapCanvasFrameTemplate" toplevel="true" enableMouse="true" parent="UIParent" hidden="true" frameStrata="MEDIUM" mixin="MapCanvasMixin" virtual="true">
		<Size x="1004" y="689"/>
		<Scripts>
			<OnLoad method="OnLoad"/>
			<OnUpdate method="OnUpdate"/>
			<OnShow method="OnShow"/>
			<OnEvent method="OnEvent"/>
			<OnHide method="OnHide"/>
		</Scripts>
	</Frame>
</Ui>