<Ui xmlns="http://www.blizzard.com/wow/ui/" xmlns:xsi="http://www.w3.org/2001/XMLSchema-instance" xsi:schemaLocation="http://www.blizzard.com/wow/ui/
..\..\FrameXML\UI.xsd">
  <Script file="Blizzard_ClassNameplateBar.lua"/>

	<Frame name="ClassNameplateBarFrame" parentKey="NameplateBar" hidden="true" virtual="true">
		<KeyValues>
			<KeyValue key="scale" value=".75"/>
		</KeyValues>
		<Scripts>
			<OnLoad method="OnLoad"/>
			<OnEvent method="OnEvent"/>
			<OnShow method="OnShow"/>
		</Scripts>
	</Frame>

	<StatusBar name="ClassNameplateManaBarFrame" mixin="ClassNameplateBar, ClassNameplateManaBar">
		<KeyValues>
			<KeyValue key="scale" value="1"/>
		</KeyValues>
		<Size x="86" y="4"/>
		<Layers>
			<Layer level="BACKGROUND">
				<Texture parentKey="background">
					<Color r=".2" g=".2" b=".2" a=".85"/>
				</Texture>
			</Layer>
			<Layer level="ARTWORK">
				<Texture parentKey="ManaCostPredictionBar" inherits="MyManaCostPredictionBarTemplate"/>
			</Layer>
		</Layers>
		<Frames>
			<Frame parentKey="Border" inherits="NamePlateSecondaryBarBorderTemplate" />
			<Frame parentKey="FeedbackFrame" setAllPoints="true" useParentLevel="true" inherits="BuilderSpenderFrame" />
			<Frame parentKey="FullPowerFrame" inherits="FullResourcePulseFrame">
				<Size x="86" y="6"/>
				<Anchors>
					<Anchor point="RIGHT"/>
				</Anchors>
			</Frame>
		</Frames>
		<BarTexture parentKey="Texture" file="Interface\TargetingFrame\UI-TargetingFrame-BarFill"/>
		<BarColor r="0" g="0" b="1"/>
		<Scripts>
			<OnLoad method="OnLoad"/>
			<OnEvent method="OnEvent"/>
		</Scripts>
	</StatusBar>
</Ui>


