<Ui xmlns="http://www.blizzard.com/wow/ui/" xmlns:xsi="http://www.w3.org/2001/XMLSchema-instance" xsi:schemaLocation="http://www.blizzard.com/wow/ui/
..\..\FrameXML\UI.xsd">
	<Script file="Blizzard_ArtifactPowerButton.lua"/>

	<Button name="ArtifactPowerButtonTemplate" mixin="ArtifactPowerButtonMixin" frameLevel="1500" virtual="true">
		<Size x="37" y="37" />
		<Layers>
			<Layer level="OVERLAY" textureSubLevel="2">
				<Texture parentKey="Icon">
					<Anchors>
						<Anchor point="CENTER"/>
					</Anchors>
				</Texture>
			</Layer>
			<Layer level="OVERLAY" textureSubLevel="1">
				<Texture parentKey="IconDesaturated" desaturated="true">
					<Anchors>
						<Anchor point="TOPLEFT" relativeKey="$parent.Icon" />
						<Anchor point="BOTTOMRIGHT" relativeKey="$parent.Icon" />
					</Anchors>
				</Texture>

				<MaskTexture parentKey="CircleMask" file="Interface\CharacterFrame\TempPortraitAlphaMask" hWrapMode="CLAMPTOBLACKADDITIVE" vWrapMode="CLAMPTOBLACKADDITIVE">
					<Anchors>
						<Anchor point="CENTER"/>
					</Anchors>
					<MaskedTextures>
						<MaskedTexture childKey="Icon"/>
						<MaskedTexture childKey="IconDesaturated"/>
					</MaskedTextures>
				</MaskTexture>
			</Layer>
			<Layer level="OVERLAY" textureSubLevel="4">
				<Texture parentKey="IconBorder">
					<Anchors>
						<Anchor point="CENTER"/>
					</Anchors>
				</Texture>
			</Layer>
			<Layer level="OVERLAY" textureSubLevel="3">
				<Texture parentKey="IconBorderDesaturated" desaturated="true">
					<Anchors>
						<Anchor point="CENTER"/>
					</Anchors>
				</Texture>
			</Layer>
			<Layer level="OVERLAY" textureSubLevel="6">
				<Texture parentKey="RankBorder" atlas="Artifacts-PointsBoxGreen" useAtlasSize="true">
					<Anchors>
						<Anchor point="CENTER" relativeKey="$parent.Icon" relativePoint="BOTTOM"/>
					</Anchors>
				</Texture>
				<Texture parentKey="RankBorderFinal" alpha="0" atlas="Artifacts-PointsBox" useAtlasSize="true">
					<Anchors>
						<Anchor point="CENTER" relativeKey="$parent.Icon" relativePoint="BOTTOM"/>
					</Anchors>
				</Texture>
				<FontString parentKey="Rank" inherits="GameFontNormal">
					<Anchors>
						<Anchor point="CENTER" relativeKey="$parent.RankBorder"/>
					</Anchors>
				</FontString>
			</Layer>

			<Layer level="OVERLAY" textureSubLevel="-2">
				<Texture parentKey="RelicTraitBG">
					<Anchors>
						<Anchor point="CENTER" relativeKey="$parent.Icon" />
					</Anchors>
				</Texture>
				<Texture parentKey="LightRune" alpha="0" hidden="true">
					<Anchors>
						<Anchor point="CENTER"/>
					</Anchors>
				</Texture>
			</Layer>
			<Layer level="OVERLAY" textureSubLevel="-1">
				<Texture parentKey="RelicTraitGlow" alphaMode="ADD">
					<Anchors>
						<Anchor point="CENTER" relativeKey="$parent.Icon" />
					</Anchors>
				</Texture>
			</Layer>
			<Layer level="OVERLAY" textureSubLevel="5">
				<Texture parentKey="RelicTraitGlowRing" alphaMode="ADD">
					<Anchors>
						<Anchor point="CENTER" relativeKey="$parent.Icon" />
					</Anchors>
				</Texture>
			</Layer>

			<!-- Animation Textures -->
			<Layer level="BACKGROUND">
				<Texture parentKey="CrestSparks" hidden="false" alpha="0" alphaMode="ADD" atlas="Artifacts-Anim-Sparks" useAtlasSize="true">
					<Anchors>
						<Anchor point="CENTER"/>
					</Anchors>
				</Texture>
				<Texture parentKey="CrestSparks2" hidden="false" alpha="0" alphaMode="ADD" atlas="Artifacts-Anim-Sparks" useAtlasSize="true">
					<Anchors>
						<Anchor point="CENTER"/>
					</Anchors>
				</Texture>
				<Texture parentKey="CrestGlowies" hidden="false" alpha="0" alphaMode="ADD" atlas="Artifacts-Anim-Glowies" useAtlasSize="true">
					<Anchors>
						<Anchor point="CENTER"/>
					</Anchors>
				</Texture>
				<Texture parentKey="CrestGlowies2" hidden="false" alpha="0" alphaMode="ADD" atlas="Artifacts-Anim-Glowies" useAtlasSize="true">
					<Anchors>
						<Anchor point="CENTER"/>
					</Anchors>
				</Texture>
				<Texture parentKey="CrestGlowies3" hidden="false" alpha="0" alphaMode="ADD" atlas="Artifacts-Anim-Glowies" useAtlasSize="true">
					<Anchors>
						<Anchor point="CENTER"/>
					</Anchors>
				</Texture>
				<Texture parentKey="CrestGlowies4" hidden="false" alpha="0" alphaMode="ADD" atlas="Artifacts-Anim-Glowies" useAtlasSize="true">
					<Anchors>
						<Anchor point="CENTER"/>
					</Anchors>
				</Texture>
				<Texture parentKey="CrestGlowies5" hidden="false" alpha="0" alphaMode="ADD" atlas="Artifacts-Anim-Glowies" useAtlasSize="true">
					<Anchors>
						<Anchor point="CENTER"/>
					</Anchors>
				</Texture>
				<Texture parentKey="CrestGlowies6" hidden="false" alpha="0" alphaMode="ADD" atlas="Artifacts-Anim-Glowies" useAtlasSize="true">
					<Anchors>
						<Anchor point="CENTER"/>
					</Anchors>
				</Texture>
			</Layer>
			<Layer level="OVERLAY" textureSubLevel="4">
				<Texture parentKey="Whirls" alpha="0" atlas="ArtifactsFX-Whirls" useAtlasSize="true">
					<Anchors>
						<Anchor point="CENTER"/>
					</Anchors>
				</Texture>
				<Texture parentKey="BigWhirls" alpha="0" alphaMode="ADD" atlas="ArtifactsFX-Whirls" useAtlasSize="true">
					<Anchors>
						<Anchor point="CENTER"/>
					</Anchors>
					<Color r="1" g="0.83921568627451" b="0.45098039215686"/>
				</Texture>
				<Texture parentKey="SpinningGlows" alpha="0" alphaMode="ADD" atlas="ArtifactsFX-SpinningGlowys" useAtlasSize="true">
					<Anchors>
						<Anchor point="CENTER"/>
					</Anchors>
				</Texture>
				<Texture parentKey="SpinningGlows2" alpha="0" alphaMode="ADD" atlas="ArtifactsFX-SpinningGlowys" useAtlasSize="true">
					<Anchors>
						<Anchor point="CENTER"/>
					</Anchors>
				</Texture>
				<Texture parentKey="RingGlow" alpha="0" alphaMode="ADD" atlas="ArtifactsFX-YellowRing" useAtlasSize="true">
					<Anchors>
						<Anchor point="CENTER" />
					</Anchors>
				</Texture>
				<Texture parentKey="RingBurst" alpha="0" alphaMode="ADD" atlas="ArtifactsFX-YellowRing" useAtlasSize="true">
					<Anchors>
						<Anchor point="CENTER"/>
					</Anchors>
				</Texture>
				<Texture parentKey="BigGlow" alpha="0" alphaMode="ADD" atlas="Artifacts-PerkRing-MainProc-Glow" useAtlasSize="true">
					<Anchors>
						<Anchor point="CENTER"/>
					</Anchors>
				</Texture>
				<Texture parentKey="DragonShake" alpha="0" alphaMode="ADD" atlas="Artifacts-PerkRing-GoldMedal" useAtlasSize="true">
					<Anchors>
						<Anchor point="CENTER"/>
					</Anchors>
				</Texture>
				<Texture parentKey="RelicRingBurstGlow" alpha="0" alphaMode="ADD">
					<Anchors>
						<Anchor point="CENTER" relativeKey="$parent.Icon" />
					</Anchors>
				</Texture>
			</Layer>
			<Layer level="OVERLAY" textureSubLevel="6">
				<Texture parentKey="StarBurst" alpha="0" alphaMode="ADD" atlas="ArtifactsFX-StarBurst" useAtlasSize="true">
					<Anchors>
						<Anchor point="CENTER"/>
					</Anchors>
				</Texture>
				<Texture parentKey="WhiteStarBurst" alpha="0" alphaMode="ADD" atlas="AftLevelup-WhiteStarBurst" useAtlasSize="true">
					<Anchors>
						<Anchor point="CENTER"/>
					</Anchors>
				</Texture>
				<Texture parentKey="PointBurstLeft" alpha="0" alphaMode="ADD" atlas="ArtifactsFX-PointSideBurstLeft" useAtlasSize="true">
					<Anchors>
						<Anchor point="RIGHT" relativeKey="$parent.RankBorder" relativePoint="LEFT" x="14" y="0"/>
					</Anchors>
				</Texture>
				<Texture parentKey="PointBurstRight" alpha="0" alphaMode="ADD" atlas="ArtifactsFX-PointSideBurstRight" useAtlasSize="true">
					<Anchors>
						<Anchor point="LEFT" relativeKey="$parent.RankBorder" relativePoint="RIGHT" x="-14" y="0"/>
					</Anchors>
				</Texture>
				<Texture parentKey="RelicTraitBurst" alpha="0" alphaMode="ADD">
					<Anchors>
						<Anchor point="CENTER" relativeKey="$parent.Icon" />
					</Anchors>
				</Texture>
				<Texture parentKey="TraitGlow" alpha="0" alphaMode="ADD" atlas="Artifacts-PerkRing-WhiteGlow" useAtlasSize="true">
					<Anchors>
						<Anchor point="CENTER"/>
					</Anchors>
				</Texture>
				<Texture parentKey="YellowRing" alpha="0" atlas="ArtifactsFX-YellowRing" useAtlasSize="true">
					<Anchors>
						<Anchor point="CENTER"/>
					</Anchors>
				</Texture>
				<Texture parentKey="YellowRingStationary" alpha="0" atlas="ArtifactsFX-YellowRing" useAtlasSize="true">
					<Anchors>
						<Anchor point="CENTER"/>
					</Anchors>
				</Texture>
			</Layer>
			<Layer level="OVERLAY" textureSubLevel="8">
				<Texture parentKey="Tier2AnimatedBorder1" alpha="0" alphaMode="ADD" atlas="Artifacts-PerkRing-Final" useAtlasSize="true">
					<Anchors>
						<Anchor point="CENTER"/>
					</Anchors>
				</Texture>
				<Texture parentKey="Tier2AnimatedBorder2" alpha="0" alphaMode="ADD" atlas="Artifacts-PerkRing-Final" useAtlasSize="true">
					<Anchors>
						<Anchor point="CENTER"/>
					</Anchors>
				</Texture>
				<Texture parentKey="Tier2AnimatedBorder3" alpha="0" alphaMode="ADD" atlas="Artifacts-PerkRing-Final" useAtlasSize="true">
					<Anchors>
						<Anchor point="CENTER"/>
					</Anchors>
				</Texture>
				<Texture parentKey="Tier2AnimatedBorder4" alpha="0" alphaMode="ADD" atlas="Artifacts-PerkRing-Final" useAtlasSize="true">
					<Anchors>
						<Anchor point="CENTER"/>
					</Anchors>
				</Texture>
				<Texture parentKey="Tier2AnimatedBorder5" alpha="0" alphaMode="ADD" atlas="Artifacts-PerkRing-Final" useAtlasSize="true">
					<Anchors>
						<Anchor point="CENTER"/>
					</Anchors>
				</Texture>
			</Layer>
			<Layer level="OVERLAY" textureSubLevel="10">
				<Texture file="Interface\AchievementFrame\UI-Achievement-Alert-Glow" alpha="0" alphaMode="ADD" parentKey="Shine">
					<Size x="67" y="1"/>
					<Anchors>
						<Anchor point="TOPLEFT" x="-50" y="30"/>
						<Anchor point="BOTTOMLEFT" x="-50" y="-30"/>
					</Anchors>
					<TexCoords left="0.78125" right="0.912109375" top="0" bottom="0.28125"/>
				</Texture>
				<MaskTexture parentKey="ShineMask" file="Interface\Artifacts\Artifacts-PerkRing-Final-Mask.png" hWrapMode="CLAMPTOBLACKADDITIVE" vWrapMode="CLAMPTOBLACKADDITIVE">
					<Anchors>
						<Anchor point="CENTER"/>
					</Anchors>
					<MaskedTextures>
						<MaskedTexture childKey="Shine"/>
					</MaskedTextures>
				</MaskTexture>
			</Layer>
			<!-- Animation Textures -->
		</Layers>
		<Animations>
			<AnimationGroup parentKey="FirstPointWaitingAnimation" setToFinalAlpha="true" looping="repeat">
				<Alpha childKey="RingGlow" duration=".8" order="1" smoothing="IN_OUT" fromAlpha="0" toAlpha="1"/>
				<Alpha childKey="RingGlow" startDelay=".8" smoothing="IN_OUT" duration=".8" order="1" fromAlpha="1" toAlpha="0"/>

				<Alpha childKey="WhiteStarBurst" duration=".8" order="1" smoothing="IN_OUT" fromAlpha="0" toAlpha=".2"/>
				<Alpha childKey="WhiteStarBurst" startDelay=".8" smoothing="IN_OUT" duration=".8" order="1" fromAlpha=".2" toAlpha="0"/>

				<Alpha childKey="RankBorderFinal" duration=".8" order="1" smoothing="IN_OUT" fromAlpha="0" toAlpha="1"/>
				<Alpha childKey="RankBorderFinal" startDelay=".8" smoothing="IN_OUT" duration=".8" order="1" fromAlpha="1" toAlpha="0"/>
			</AnimationGroup>

			<AnimationGroup parentKey="PointSpentAnim" setToFinalAlpha="true">
				<Alpha childKey="SpinningGlows2" duration="0.25" order="1" fromAlpha="0" toAlpha="1"/>
				<Scale childKey="SpinningGlows2" duration="0.75" order="1" fromScaleX="0.9" fromScaleY="0.9" toScaleX="0.6" toScaleY="0.6"/>
				<Rotation childKey="SpinningGlows2" smoothing="OUT" duration="0.75" order="1" degrees="-200"/>
				<Alpha childKey="SpinningGlows2" startDelay="0.25" duration="0.5" order="1" fromAlpha="1" toAlpha="0"/>
				<Alpha childKey="RingGlow" smoothing="OUT" duration="0.5" order="1" fromAlpha="0" toAlpha="1"/>
				<Alpha childKey="RingGlow" startDelay="0.75" smoothing="NONE" duration="0.5" order="1" fromAlpha="1" toAlpha="0"/>
				<Alpha childKey="PointBurstLeft" duration="0.25" order="1" fromAlpha="0" toAlpha="1"/>
				<Scale childKey="PointBurstLeft" smoothing="IN_OUT" duration="0.4" order="1" fromScaleX="0.25" fromScaleY="0.75" toScaleX="1.5" toScaleY="1.0">
					<Origin point="RIGHT">
						<Offset x="-4" y="0"/>
					</Origin>
				</Scale>
				<Alpha childKey="PointBurstLeft" startDelay="0.3" duration="0.5" order="1" fromAlpha="1" toAlpha="0"/>
				<Alpha childKey="PointBurstRight" duration="0.25" order="1" fromAlpha="0" toAlpha="1"/>
				<Scale childKey="PointBurstRight" smoothing="IN_OUT" duration="0.4" order="1" fromScaleX="0.25" fromScaleY="0.75" toScaleX="1.5" toScaleY="1.0">
					<Origin point="LEFT">
						<Offset x="4" y="0"/>
					</Origin>
				</Scale>
				<Alpha childKey="PointBurstRight" startDelay="0.3" duration="0.5" order="1" fromAlpha="1" toAlpha="0"/>
			</AnimationGroup>

			<AnimationGroup parentKey="FinalPointSpentAnim" setToFinalAlpha="true">
				<Alpha childKey="RankBorderFinal" duration="0.25" order="1" fromAlpha="0" toAlpha="1"/>
				<Alpha childKey="BigWhirls" startDelay="0.25" duration="0.25" order="1" fromAlpha="0" toAlpha="1"/>
				<Scale childKey="BigWhirls" startDelay="0.25" duration="0.75" order="1" fromScaleX="0.5" fromScaleY="0.5" toScaleX="1.25" toScaleY="1.25"/>
				<Rotation childKey="BigWhirls" startDelay="0.25" smoothing="OUT" duration="0.75" order="1" degrees="-90"/>
				<Alpha childKey="BigWhirls" startDelay="0.5" duration="0.5" order="1" fromAlpha="1" toAlpha="0"/>
				<Alpha childKey="SpinningGlows" duration="0.25" order="1" fromAlpha="0" toAlpha="1"/>
				<Scale childKey="SpinningGlows" duration="0.75" order="1" fromScaleX="1" fromScaleY="1" toScaleX="0.75" toScaleY="0.75"/>
				<Rotation childKey="SpinningGlows" smoothing="OUT" duration="0.75" order="1" degrees="-180"/>
				<Alpha childKey="SpinningGlows" startDelay="0.25" duration="0.5" order="1" fromAlpha="1" toAlpha="0"/>
				<Alpha childKey="SpinningGlows2" duration="0.25" order="1" fromAlpha="0" toAlpha="1"/>
				<Scale childKey="SpinningGlows2" duration="0.75" order="1" fromScaleX="0.9" fromScaleY="0.9" toScaleX="0.6" toScaleY="0.6"/>
				<Rotation childKey="SpinningGlows2" smoothing="OUT" duration="0.75" order="1" degrees="-200"/>
				<Alpha childKey="SpinningGlows2" startDelay="0.25" duration="0.5" order="1" fromAlpha="1" toAlpha="0"/>
				<Alpha childKey="StarBurst" smoothing="IN" duration="0.25" order="1" fromAlpha="0" toAlpha="1"/>
				<Scale childKey="StarBurst" smoothing="IN" duration="0.5" order="1" fromScaleX="0.1" fromScaleY="0.1" toScaleX="1.5" toScaleY="1.5"/>
				<Alpha childKey="StarBurst" startDelay="0.5" duration="0.5" order="1" fromAlpha="1" toAlpha="0"/>
				<Alpha childKey="RingGlow" smoothing="OUT" duration="0.5" order="1" fromAlpha="0" toAlpha="1"/>
				<Alpha childKey="RingGlow" startDelay="1" smoothing="NONE" duration="0.75" order="1" fromAlpha="1" toAlpha="0"/>
				<Alpha childKey="RingBurst" smoothing="OUT" duration="0.5" order="1" fromAlpha="0" toAlpha="1"/>
				<Alpha childKey="RingBurst" startDelay="0.5" smoothing="NONE" duration="0.5" order="1" fromAlpha="1" toAlpha="0"/>
				<Scale childKey="RingBurst" startDelay="0.25" duration="0.5" order="1" fromScaleX="1" fromScaleY="1" toScaleX="1.5" toScaleY="1.5"/>
				<Alpha childKey="PointBurstLeft" duration="0.25" order="1" fromAlpha="0" toAlpha="1"/>
				<Scale childKey="PointBurstLeft" smoothing="IN_OUT" duration="0.4" order="1" fromScaleX="0.25" fromScaleY="0.75" toScaleX="1.5" toScaleY="1.0">
					<Origin point="RIGHT">
						<Offset x="-4" y="0"/>
					</Origin>
				</Scale>
				<Alpha childKey="PointBurstLeft" startDelay="0.3" duration="0.5" order="1" fromAlpha="1" toAlpha="0"/>
				<Alpha childKey="PointBurstRight" duration="0.25" order="1" fromAlpha="0" toAlpha="1"/>
				<Scale childKey="PointBurstRight" smoothing="IN_OUT" duration="0.4" order="1" fromScaleX="0.25" fromScaleY="0.75" toScaleX="1.5" toScaleY="1.0">
					<Origin point="LEFT">
						<Offset x="4" y="0"/>
					</Origin>
				</Scale>
				<Alpha childKey="PointBurstRight" startDelay="0.3" duration="0.5" order="1" fromAlpha="1" toAlpha="0"/>
				<Alpha childKey="RankBorderFinal" startDelay="4" duration="1" order="4" fromAlpha="1" toAlpha="0"/>
			</AnimationGroup>

			<AnimationGroup parentKey="GoldPointSpentAnim" setToFinalAlpha="true">
				<Alpha childKey="RankBorderFinal" duration="0.25" order="1" fromAlpha="0" toAlpha="1"/>
				<Alpha childKey="BigWhirls" startDelay="0.25" duration="0.25" order="1" fromAlpha="0" toAlpha="1"/>
				<Scale childKey="BigWhirls" startDelay="0.25" duration="0.75" order="1" fromScaleX="0.5" fromScaleY="0.5" toScaleX="1.75" toScaleY="1.75"/>
				<Rotation childKey="BigWhirls" startDelay="0.25" smoothing="OUT" duration="0.75" order="1" degrees="-90"/>
				<Alpha childKey="BigWhirls" startDelay="0.5" duration="0.5" order="1" fromAlpha="1" toAlpha="0"/>
				<Alpha childKey="SpinningGlows" duration="0.25" order="1" fromAlpha="0" toAlpha="1"/>
				<Scale childKey="SpinningGlows" duration="0.75" order="1" fromScaleX="1.1" fromScaleY="1.1" toScaleX="0.85" toScaleY="0.85"/>
				<Rotation childKey="SpinningGlows" smoothing="OUT" duration="0.75" order="1" degrees="-180"/>
				<Alpha childKey="SpinningGlows" startDelay="0.25" duration="0.5" order="1" fromAlpha="1" toAlpha="0"/>
				<Alpha childKey="SpinningGlows2" duration="0.25" order="1" fromAlpha="0" toAlpha="1"/>
				<Scale childKey="SpinningGlows2" duration="0.75" order="1" fromScaleX="1" fromScaleY="1" toScaleX="0.7" toScaleY="0.7"/>
				<Rotation childKey="SpinningGlows2" smoothing="OUT" duration="0.75" order="1" degrees="-200"/>
				<Alpha childKey="SpinningGlows2" startDelay="0.25" duration="0.5" order="1" fromAlpha="1" toAlpha="0"/>
				<Alpha childKey="StarBurst" smoothing="IN" duration="0.25" order="1" fromAlpha="0" toAlpha="1"/>
				<Scale childKey="StarBurst" smoothing="IN" duration="0.5" order="1" fromScaleX="0.1" fromScaleY="0.1" toScaleX="2" toScaleY="2"/>
				<Alpha childKey="StarBurst" startDelay="0.5" duration="0.5" order="1" fromAlpha="1" toAlpha="0"/>
				<Alpha childKey="RingGlow" smoothing="OUT" duration="0.5" order="1" fromAlpha="0" toAlpha="1"/>
				<Alpha childKey="RingGlow" startDelay="1" smoothing="NONE" duration="0.75" order="1" fromAlpha="1" toAlpha="0"/>
				<Alpha childKey="RingBurst" smoothing="OUT" duration="0.5" order="1" fromAlpha="0" toAlpha="1"/>
				<Alpha childKey="RingBurst" startDelay="0.5" smoothing="NONE" duration="0.5" order="1" fromAlpha="1" toAlpha="0"/>
				<Scale childKey="RingBurst" startDelay="0.25" duration="0.5" order="1" fromScaleX="1" fromScaleY="1" toScaleX="2" toScaleY="2"/>
				<Alpha childKey="BigGlow" smoothing="OUT" duration="0.25" order="1" fromAlpha="0" toAlpha="1"/>
				<Scale childKey="BigGlow" duration="0.75" order="1" fromScaleX="1" fromScaleY="1" toScaleX="1.25" toScaleY="1.25"/>
				<Alpha childKey="BigGlow" startDelay="1" duration="1.5" order="1" fromAlpha="1" toAlpha="0"/>
				<Alpha childKey="PointBurstLeft" duration="0.25" order="1" fromAlpha="0" toAlpha="1"/>
				<Scale childKey="PointBurstLeft" smoothing="IN_OUT" duration="0.4" order="1" fromScaleX="0.25" fromScaleY="0.75" toScaleX="1.5" toScaleY="1.0">
					<Origin point="RIGHT">
						<Offset x="-4" y="0"/>
					</Origin>
				</Scale>
				<Alpha childKey="PointBurstLeft" startDelay="0.3" duration="0.5" order="1" fromAlpha="1" toAlpha="0"/>
				<Alpha childKey="PointBurstRight" duration="0.25" order="1" fromAlpha="0" toAlpha="1"/>
				<Scale childKey="PointBurstRight" smoothing="IN_OUT" duration="0.4" order="1" fromScaleX="0.25" fromScaleY="0.75" toScaleX="1.5" toScaleY="1.0">
					<Origin point="LEFT">
						<Offset x="4" y="0"/>
					</Origin>
				</Scale>
				<Alpha childKey="PointBurstRight" startDelay="0.3" duration="0.5" order="1" fromAlpha="1" toAlpha="0"/>
				<Alpha childKey="DragonShake" duration="0.25" order="1" fromAlpha="0" toAlpha="1"/>
				<Alpha childKey="DragonShake" startDelay="1" duration="1.5" order="1" fromAlpha="1" toAlpha="0"/>
				<Alpha childKey="RankBorderFinal" startDelay="4" duration="1" order="4" fromAlpha="1" toAlpha="0"/>
			</AnimationGroup>
			<AnimationGroup parentKey="PowerUnlockedAnim" setToFinalAlpha="true">
				<Alpha childKey="Icon" duration="0.5" order="1" fromAlpha="0" toAlpha="1"/>
				<Alpha childKey="RankBorder" duration="0.25" order="1" fromAlpha="0" toAlpha="1"/>
				<Alpha childKey="RingGlow" smoothing="OUT" duration="0.5" order="1" fromAlpha="0" toAlpha="1"/>
				<Alpha childKey="RingGlow" startDelay="0.5" smoothing="NONE" duration="0.5" order="1" fromAlpha="1" toAlpha="0"/>
				<Alpha childKey="RingBurst" smoothing="OUT" duration="0.25" order="1" fromAlpha="0" toAlpha="1"/>
				<Scale childKey="RingBurst" smoothing="OUT" duration="0.5" order="1" fromScaleX="1" fromScaleY="1" toScaleX="1.4" toScaleY="1.4"/>
				<Alpha childKey="RingBurst" startDelay="0.25" smoothing="NONE" duration="0.5" order="1" fromAlpha="1" toAlpha="0"/>
			</AnimationGroup>
			<AnimationGroup parentKey="FinalPowerShownAnim" setToFinalAlpha="true">
				<Alpha duration="0.25" order="1" fromAlpha="0" toAlpha="1"/>
				<Alpha childKey="BigWhirls" startDelay="0.25" duration=".75" order="1" fromAlpha="0" toAlpha="1"/>
				<Scale childKey="BigWhirls" startDelay="0.25" duration="1.75" order="1" fromScaleX="0.5" fromScaleY="0.5" toScaleX="1.5" toScaleY="1.5"/>
				<Rotation childKey="BigWhirls" startDelay="0.25" smoothing="OUT" duration="1.75" order="1" degrees="180"/>
				<Alpha childKey="BigWhirls" startDelay="1" duration="1" order="1" fromAlpha="1" toAlpha="0"/>
				<Alpha childKey="SpinningGlows" duration="0.25" order="1" fromAlpha="0" toAlpha="1"/>
				<Scale childKey="SpinningGlows" duration="0.75" order="1" fromScaleX="1" fromScaleY="1" toScaleX="0.75" toScaleY="0.75"/>
				<Rotation childKey="SpinningGlows" smoothing="OUT" duration="1.75" order="1" degrees="-180"/>
				<Alpha childKey="SpinningGlows" startDelay="0.25" duration="0.5" order="1" fromAlpha="1" toAlpha="0"/>
				<Alpha childKey="SpinningGlows2" duration="0.25" order="1" fromAlpha="0" toAlpha="1"/>
				<Scale childKey="SpinningGlows2" duration="0.75" order="1" fromScaleX="0.9" fromScaleY="0.9" toScaleX="0.6" toScaleY="0.6"/>
				<Rotation childKey="SpinningGlows2" smoothing="OUT" duration="0.75" order="1" degrees="200"/>
				<Alpha childKey="SpinningGlows2" startDelay="0.25" duration="0.5" order="1" fromAlpha="1" toAlpha="0"/>
				<Alpha childKey="StarBurst" smoothing="IN" duration="0.25" order="1" fromAlpha="0" toAlpha="1"/>
				<Scale childKey="StarBurst" smoothing="IN" duration="0.5" order="1" fromScaleX="0.1" fromScaleY="0.1" toScaleX="2.5" toScaleY="2.5"/>
				<Alpha childKey="StarBurst" startDelay="0.5" duration="0.5" order="1" fromAlpha="1" toAlpha="0"/>
				<Alpha childKey="RingBurst" smoothing="OUT" duration="0.5" order="1" fromAlpha="0" toAlpha="1"/>
				<Alpha childKey="RingBurst" startDelay="0.5" smoothing="NONE" duration="0.5" order="1" fromAlpha="1" toAlpha="0"/>
				<Scale childKey="RingBurst" startDelay="0.25" duration="0.5" order="1" fromScaleX="1" fromScaleY="1" toScaleX="1.5" toScaleY="1.5"/>
				<Alpha childKey="PointBurstLeft" duration="0.25" order="1" fromAlpha="0" toAlpha="1"/>
				<Scale childKey="PointBurstLeft" smoothing="IN_OUT" duration="0.4" order="1" fromScaleX="0.25" fromScaleY="0.75" toScaleX="1.5" toScaleY="1.0">
					<Origin point="RIGHT">
						<Offset x="-4" y="0"/>
					</Origin>
				</Scale>
				<Alpha childKey="PointBurstLeft" startDelay="0.3" duration="0.5" order="1" fromAlpha="1" toAlpha="0"/>
				<Alpha childKey="PointBurstRight" duration="0.25" order="1" fromAlpha="0" toAlpha="1"/>
				<Scale childKey="PointBurstRight" smoothing="IN_OUT" duration="0.4" order="1" fromScaleX="0.25" fromScaleY="0.75" toScaleX="1.5" toScaleY="1.0">
					<Origin point="LEFT">
						<Offset x="4" y="0"/>
					</Origin>
				</Scale>
				<Alpha childKey="PointBurstRight" startDelay="0.3" duration="0.5" order="1" fromAlpha="1" toAlpha="0"/>
			</AnimationGroup>
			<AnimationGroup parentKey="FinalPowerUnlockedAnim" setToFinalAlpha="true">
				<Alpha duration="0.25" order="1" fromAlpha="0" toAlpha="1"/>
				<Alpha childKey="RankBorderFinal" duration="0.25" order="1" fromAlpha="0" toAlpha="1"/>
				<Alpha childKey="BigWhirls" startDelay="0.25" duration=".75" order="1" fromAlpha="0" toAlpha="1"/>
				<Scale childKey="BigWhirls" startDelay="0.25" duration="1.75" order="1" fromScaleX="0.5" fromScaleY="0.5" toScaleX="1.5" toScaleY="1.5"/>
				<Rotation childKey="BigWhirls" startDelay="0.25" smoothing="OUT" duration="1.75" order="1" degrees="180"/>
				<Alpha childKey="BigWhirls" startDelay="1" duration="1" order="1" fromAlpha="1" toAlpha="0"/>
				<Alpha childKey="SpinningGlows" duration="0.25" order="1" fromAlpha="0" toAlpha="1"/>
				<Scale childKey="SpinningGlows" duration="0.75" order="1" fromScaleX="1" fromScaleY="1" toScaleX="0.75" toScaleY="0.75"/>
				<Rotation childKey="SpinningGlows" smoothing="OUT" duration="1.75" order="1" degrees="-180"/>
				<Alpha childKey="SpinningGlows" startDelay="0.25" duration="0.5" order="1" fromAlpha="1" toAlpha="0"/>
				<Alpha childKey="SpinningGlows2" duration="0.25" order="1" fromAlpha="0" toAlpha="1"/>
				<Scale childKey="SpinningGlows2" duration="0.75" order="1" fromScaleX="0.9" fromScaleY="0.9" toScaleX="0.6" toScaleY="0.6"/>
				<Rotation childKey="SpinningGlows2" smoothing="OUT" duration="0.75" order="1" degrees="200"/>
				<Alpha childKey="SpinningGlows2" startDelay="0.25" duration="0.5" order="1" fromAlpha="1" toAlpha="0"/>
				<Alpha childKey="StarBurst" smoothing="IN" duration="0.25" order="1" fromAlpha="0" toAlpha="1"/>
				<Scale childKey="StarBurst" smoothing="IN" duration="0.5" order="1" fromScaleX="0.1" fromScaleY="0.1" toScaleX="2.5" toScaleY="2.5"/>
				<Alpha childKey="StarBurst" startDelay="0.5" duration="0.5" order="1" fromAlpha="1" toAlpha="0"/>
				<Alpha childKey="RingGlow" smoothing="OUT" duration="0.5" order="1" fromAlpha="0" toAlpha="1"/>
				<Alpha childKey="RingGlow" startDelay="1" smoothing="NONE" duration="0.75" order="1" fromAlpha="1" toAlpha="0"/>
				<Alpha childKey="RingBurst" smoothing="OUT" duration="0.5" order="1" fromAlpha="0" toAlpha="1"/>
				<Alpha childKey="RingBurst" startDelay="0.5" smoothing="NONE" duration="0.5" order="1" fromAlpha="1" toAlpha="0"/>
				<Scale childKey="RingBurst" startDelay="0.25" duration="0.5" order="1" fromScaleX="1" fromScaleY="1" toScaleX="1.5" toScaleY="1.5"/>
				<Alpha childKey="PointBurstLeft" duration="0.25" order="1" fromAlpha="0" toAlpha="1"/>
				<Scale childKey="PointBurstLeft" smoothing="IN_OUT" duration="0.4" order="1" fromScaleX="0.25" fromScaleY="0.75" toScaleX="1.5" toScaleY="1.0">
					<Origin point="RIGHT">
						<Offset x="-4" y="0"/>
					</Origin>
				</Scale>
				<Alpha childKey="PointBurstLeft" startDelay="0.3" duration="0.5" order="1" fromAlpha="1" toAlpha="0"/>
				<Alpha childKey="PointBurstRight" duration="0.25" order="1" fromAlpha="0" toAlpha="1"/>
				<Scale childKey="PointBurstRight" smoothing="IN_OUT" duration="0.4" order="1" fromScaleX="0.25" fromScaleY="0.75" toScaleX="1.5" toScaleY="1.0">
					<Origin point="LEFT">
						<Offset x="4" y="0"/>
					</Origin>
				</Scale>
				<Alpha childKey="PointBurstRight" startDelay="0.3" duration="0.5" order="1" fromAlpha="1" toAlpha="0"/>
				<Alpha childKey="RankBorderFinal" startDelay="4" duration="1" order="4" fromAlpha="1" toAlpha="0"/>
			</AnimationGroup>
			<AnimationGroup parentKey="GoldPowerUnlockedAnim" setToFinalAlpha="true">
				<Alpha childKey="Icon" duration="0.5" order="1" fromAlpha="0" toAlpha="1"/>
				<Alpha childKey="RankBorder" duration="0.25" order="1" fromAlpha="0" toAlpha="1"/>
				<Alpha childKey="RingBurst" smoothing="OUT" duration="0.25" order="1" fromAlpha="0" toAlpha="1"/>
				<Scale childKey="RingBurst" duration="0.5" order="1" fromScaleX="1" fromScaleY="1" toScaleX="1.75" toScaleY="1.75"/>
				<Alpha childKey="RingBurst" startDelay="0.25" smoothing="NONE" duration="0.25" order="1" fromAlpha="1" toAlpha="0"/>
				<Alpha childKey="DragonShake" duration="0.25" order="1" fromAlpha="0" toAlpha="1"/>
				<Alpha childKey="DragonShake" startDelay="0.5" duration="0.5" order="1" fromAlpha="1" toAlpha="0"/>
			</AnimationGroup>
			<AnimationGroup parentKey="RelicAppliedAnim" setToFinalAlpha="true">
				<Alpha childKey="RelicRingBurstGlow" smoothing="OUT" duration="0.5" order="1" fromAlpha="0" toAlpha="1"/>
				<Alpha childKey="RelicRingBurstGlow" startDelay="0.5" smoothing="NONE" duration="0.5" order="1" fromAlpha="1" toAlpha="0"/>
				<Alpha childKey="RelicTraitBurst" smoothing="OUT" duration="0.25" order="1" fromAlpha="0" toAlpha="1"/>
				<Scale childKey="RelicTraitBurst" smoothing="OUT" duration="0.5" order="1" fromScaleX="1" fromScaleY="1" toScaleX="1.4" toScaleY="1.4"/>
				<Alpha childKey="RelicTraitBurst" startDelay="0.25" smoothing="NONE" duration="0.5" order="1" fromAlpha="1" toAlpha="0"/>
			</AnimationGroup>
			<AnimationGroup parentKey="RevealAnim" setToFinalAlpha="true">
				<Alpha parentKey="Start" childKey="Icon" duration=".001" order="1" fromAlpha="0" toAlpha="0"/>
				
				<Alpha childKey="LightRune" smoothing="OUT" duration="0.3" order="2" fromAlpha="0" toAlpha="1"/>
				<Alpha childKey="LightRune" startDelay="0.4" smoothing="IN" duration="1.25" order="2" fromAlpha="1" toAlpha="0"/>
				<Alpha childKey="WhiteStarBurst" smoothing="OUT" duration="0.4" order="2" fromAlpha="0" toAlpha="0.5"/>
				<Scale childKey="WhiteStarBurst" smoothing="OUT" duration="0.4" order="2" fromScaleX="0.6" fromScaleY="0.6" toScaleX="1" toScaleY="1.25"/>
				<Alpha childKey="WhiteStarBurst" startDelay="0.3" smoothing="IN" duration="0.75" order="2" fromAlpha="0.5" toAlpha="0"/>
				<Alpha childKey="IconBorder" startDelay="0.8" smoothing="IN" duration="0.5" order="2" fromAlpha="0" toAlpha="1"/>
				<Alpha childKey="Icon" startDelay="0.8" smoothing="IN" duration="0.5" order="2" fromAlpha="0" toAlpha="1"/>
				<Alpha childKey="RankBorder" startDelay="0.8" smoothing="IN" duration="0.5" order="2" fromAlpha="0" toAlpha="1"/>
				<Alpha childKey="Rank" startDelay="0.8" smoothing="IN" duration="0.5" order="2" fromAlpha="0" toAlpha="1"/>
				<Alpha childKey="Whirls" startDelay="0.7" duration="0.25" order="2" fromAlpha="0" toAlpha="1"/>
				<Scale childKey="Whirls" startDelay="0.8" smoothing="OUT" duration="0.7" order="2" fromScaleX="0.75" fromScaleY="0.75" toScaleX="1.2" toScaleY="1.2"/>
				<Rotation childKey="Whirls" startDelay="0.7" smoothing="OUT" duration="1" order="2" degrees="60"/>
				<Alpha childKey="Whirls" startDelay="1" duration="0.5" order="2" fromAlpha="1" toAlpha="0"/>
				<Alpha childKey="YellowRing" startDelay="0.15" duration="0.3" order="2" fromAlpha="0" toAlpha="1"/>
				<Scale childKey="YellowRing" startDelay="0.15" smoothing="OUT" duration="0.3" order="2" fromScaleX="1" fromScaleY="1" toScaleX="1.25" toScaleY="1.25"/>
				<Scale childKey="YellowRing" startDelay="0.45" smoothing="IN" duration="0.3" order="2" fromScaleX="1.5" fromScaleY="1.5" toScaleX="0.6" toScaleY="0.6"/>
				<Alpha childKey="YellowRing" startDelay="0.65" duration="0.25" order="2" fromAlpha="1" toAlpha="0"/>
				<Alpha childKey="YellowRingStationary" startDelay="0.7" duration="0.25" order="2" fromAlpha="0" toAlpha="1"/>
				<Scale childKey="YellowRingStationary" startDelay="0.7" smoothing="OUT" duration="0.6" order="2" fromScaleX="1" fromScaleY="1" toScaleX="1.3" toScaleY="1.3"/>
				<Alpha childKey="YellowRingStationary" startDelay="1.15" duration="0.75" order="2" fromAlpha="1" toAlpha="0"/>
				<Alpha childKey="TraitGlow" startDelay="0.7" smoothing="IN" duration="0.3" order="2" fromAlpha="0" toAlpha="0.75"/>
				<Alpha childKey="TraitGlow" startDelay="1" smoothing="IN" duration="0.75" order="2" fromAlpha="0.75" toAlpha="0"/>
			</AnimationGroup>
			<AnimationGroup parentKey="Tier2FinalPowerSparks" setToFinalAlpha="true">
				<Alpha childKey="CrestSparks" duration="0.01" order="1" fromAlpha="0" toAlpha="1"/>
				<Alpha childKey="CrestSparks" startDelay="0.01" smoothing="OUT" duration="0.32" order="1" fromAlpha="1" toAlpha="0"/>
				<Scale childKey="CrestSparks" smoothing="NONE" duration="0.33" order="1" fromScaleX="1.2" fromScaleY="1.2" toScaleX="0.1" toScaleY="0.1"/>
				<Alpha childKey="CrestSparks2" duration="0.01" order="1" fromAlpha="0" toAlpha="1"/>
				<Alpha childKey="CrestSparks2" startDelay="0.01" smoothing="OUT" duration="0.32" order="1" fromAlpha="1" toAlpha="0"/>
				<Scale childKey="CrestSparks2" smoothing="NONE" duration="1" order="1" fromScaleX="0.6" fromScaleY="0.6" toScaleX="0" toScaleY="0"/>
				<Alpha childKey="CrestGlowies" duration="0.01" order="1" fromAlpha="0" toAlpha="1"/>
				<Alpha childKey="CrestGlowies" startDelay="0.01" smoothing="OUT" duration="0.32" order="1" fromAlpha="1" toAlpha="0"/>
				<Scale childKey="CrestGlowies" smoothing="NONE" duration="0.33" order="1" fromScaleX="3.4" fromScaleY="3.4" toScaleX="0" toScaleY="0"/>
				<Alpha childKey="CrestGlowies2" duration="0.01" order="1" fromAlpha="0" toAlpha="1"/>
				<Alpha childKey="CrestGlowies2" startDelay="0.01" smoothing="OUT" duration="0.32" order="1" fromAlpha="1" toAlpha="0"/>
				<Scale childKey="CrestGlowies2" smoothing="NONE" duration="0.33" order="1" fromScaleX="3.4" fromScaleY="3.4" toScaleX="0" toScaleY="0"/>
				<Alpha childKey="CrestGlowies3" duration="0.01" order="1" fromAlpha="0" toAlpha="1"/>
				<Alpha childKey="CrestGlowies3" startDelay="0.01" smoothing="OUT" duration="0.32" order="1" fromAlpha="1" toAlpha="0"/>
				<Scale childKey="CrestGlowies3" smoothing="NONE" duration="0.33" order="1" fromScaleX="3.4" fromScaleY="3.4" toScaleX="0" toScaleY="0"/>
				<Alpha childKey="CrestGlowies4" startDelay="0.53" smoothing="OUT" duration=".9" order="1" fromAlpha="1" toAlpha="0"/>
				<Scale childKey="CrestGlowies4" startDelay="0.53" smoothing="NONE" duration="2" order="1" fromScaleX=".5" fromScaleY=".5" toScaleX=".9" toScaleY=".9"/>
				<Alpha childKey="CrestGlowies5" startDelay="0.53" smoothing="OUT" duration=".9" order="1" fromAlpha="1" toAlpha="0"/>
				<Scale childKey="CrestGlowies5" startDelay="0.53" smoothing="NONE" duration="2" order="1" fromScaleX=".5" fromScaleY=".5" toScaleX=".9" toScaleY=".9"/>
				<Alpha childKey="CrestGlowies6" startDelay="0.53" smoothing="OUT" duration=".9" order="1" fromAlpha="1" toAlpha="0"/>
				<Scale childKey="CrestGlowies6" startDelay="0.53" smoothing="NONE" duration="2" order="1" fromScaleX=".5" fromScaleY=".5" toScaleX=".9" toScaleY=".9"/>		
				<Alpha childKey="Tier2AnimatedBorder1" duration="0.01" order="1" fromAlpha="0" toAlpha="1"/>
				<Alpha childKey="Tier2AnimatedBorder2" startDelay="0.01" smoothing="IN" duration="0.32" order="1" fromAlpha="1" toAlpha="0"/>
				<Scale childKey="Tier2AnimatedBorder1" smoothing="IN" duration="0.33" order="1" fromScaleX="1.4" fromScaleY="1.4" toScaleX="1" toScaleY="1"/>
				<Alpha childKey="Tier2AnimatedBorder2" duration="0.01" order="1" fromAlpha="0" toAlpha="1"/>
				<Alpha childKey="Tier2AnimatedBorder2" startDelay="0.01" smoothing="IN" duration="0.32" order="1" fromAlpha="1" toAlpha="0"/>
				<Scale childKey="Tier2AnimatedBorder2" smoothing="IN" duration="0.33" order="1" fromScaleX="2" fromScaleY="2" toScaleX="1" toScaleY="1"/>
				<Alpha childKey="Tier2AnimatedBorder1" startDelay="0.33" duration="0.2" order="1" fromAlpha="0" toAlpha="1"/>
				<Alpha childKey="Tier2AnimatedBorder1" startDelay="0.53" smoothing="IN_OUT" duration="1" order="1" fromAlpha="1" toAlpha="0"/>
				<Alpha childKey="Tier2AnimatedBorder3" startDelay="0.33" duration="0.2" order="1" fromAlpha="0" toAlpha="1"/>
				<Alpha childKey="Tier2AnimatedBorder3" startDelay="0.53" smoothing="IN_OUT" duration="1" order="1" fromAlpha="1" toAlpha="0"/>
				<Alpha childKey="Tier2AnimatedBorder4" startDelay="0.33" duration="0.2" order="1" fromAlpha="0" toAlpha="1"/>
				<Alpha childKey="Tier2AnimatedBorder4" startDelay="0.53" smoothing="IN_OUT" duration="1" order="1" fromAlpha="1" toAlpha="0"/>
				<Alpha childKey="Tier2AnimatedBorder5" startDelay="0.33" duration="0.2" order="1" fromAlpha="0" toAlpha="1"/>
				<Alpha childKey="Tier2AnimatedBorder5" startDelay="0.53" smoothing="IN_OUT" duration="1" order="1" fromAlpha="1" toAlpha="0"/>
				<Alpha childKey="Shine" startDelay="0.5" fromAlpha="0" toAlpha="1" duration="0.2" order="1"/>
				<Translation childKey="Shine" startDelay="0.7" offsetX="150" offsetY="0" duration="0.71" order="1"/>
				<Alpha childKey="Shine" startDelay="1.05" fromAlpha="1" toAlpha="0" duration="0.5" order="1"/>
			</AnimationGroup>
		</Animations>
		<Scripts>
			<OnLoad method="OnLoad"/>
			<OnEnter method="OnEnter"/>
			<OnLeave function="GameTooltip_Hide" />
			<OnClick method="OnClick" />
			<OnDragStart method="OnDragStart" />
		</Scripts>
	</Button>
</Ui>
