<Ui xmlns="http://www.blizzard.com/wow/ui/" xmlns:xsi="http://www.w3.org/2001/XMLSchema-instance" xsi:schemaLocation="http://www.blizzard.com/wow/ui/
..\..\FrameXML\UI.xsd">
	<FontString name="EventTraceTimeFont" font="fonts\arialn.ttf" justifyH="RIGHT" virtual="true">
		<FontHeight val="10"/>
		<Color r="1" g="1" b="1" a="1"/>
	</FontString>

	<Button name="EventTraceEventTemplate" virtual="true">
		<Size x="0" y="16"/>
		<Layers>
			<Layer level="ARTWORK">
				<FontString parentKey="time" inherits="EventTraceTimeFont">
					<Anchors>
						<Anchor point="TOPLEFT"/>
						<Anchor point="TOPRIGHT" relativePoint="TOPLEFT" x="72" y="0"/>
						<Anchor point="BOTTOM"/>
					</Anchors>
				</FontString>
				<FontString parentKey="event" inherits="GameFontHighlightSmallLeft">
					<Anchors>
						<Anchor point="TOPRIGHT"/>
						<Anchor point="TOPLEFT" x="80" y="0"/>
						<Anchor point="BOTTOM"/>
					</Anchors>
				</FontString>
			</Layer>
		</Layers>
		<Frames>
			<Button name="$parentHideButton" hidden="true" parentKey="HideButton" inherits="UIPanelCloseButtonNoScripts">
				<Size x="20" y="20"/>
				<Anchors>
					<Anchor point="LEFT" x="-4"/>
				</Anchors>
				<Scripts>
					<OnClick function="EventTraceFrameEventHideButton_OnClick"/>
					<OnLeave>
						EventTraceFrameEvent_OnLeave(self:GetParent());
					</OnLeave>
				</Scripts>
			</Button>
		</Frames>
		<Scripts>
			<OnLoad>
				self:GetHighlightTexture():SetAlpha(.15);
			</OnLoad>
			<OnEnter function="EventTraceFrameEvent_OnEnter"/>
			<OnLeave function="EventTraceFrameEvent_OnLeave"/>
			<OnClick function="EventTraceFrameEvent_OnClick"/>
		</Scripts>
		<HighlightTexture setAllPoints="true" alphaMode="ADD">
			<Color r=".8" g=".8" b="1" a="1"/>
		</HighlightTexture>
	</Button>

	<Frame name="EventTraceFrame" parent="UIParent" movable="true" clampedToScreen="true" hidden="true" frameStrata="MEDIUM" toplevel="true">
		<Size x="326" y="505"/>
		<Anchors>
			<Anchor point="LEFT" x="64" y="0"/>
		</Anchors>
		<Layers>
			<Layer level="BACKGROUND">
				<Texture name="$parentTitleBG" file="Interface\PaperDollInfoFrame\UI-GearManager-Title-Background">
					<Anchors>
						<Anchor point="TOPLEFT" x="9" y="-6"/>
						<Anchor point="BOTTOMRIGHT" relativePoint="TOPRIGHT" x="-28" y="-24"/>
					</Anchors>
				</Texture>
				<Texture name="$parentDialogBG" file="Interface\Tooltips\UI-Tooltip-Background">
					<Anchors>
						<Anchor point="TOPLEFT" x="8" y="-24"/>
						<Anchor point="BOTTOMRIGHT" x="-6" y="8"/>
					</Anchors>
					<Color r="0" g="0" b="0" a=".75"/>
				</Texture>
			</Layer>
			<Layer level="BORDER">
				<Texture name="$parentTopLeft" file="Interface\PaperDollInfoFrame\UI-GearManager-Border">
					<Size x="64" y="64"/>
					<Anchors>
						<Anchor point="TOPLEFT"/>
					</Anchors>
					<TexCoords left="0.501953125" right="0.625" top="0" bottom="1"/>
				</Texture>
				<Texture name="$parentTopRight" file="Interface\PaperDollInfoFrame\UI-GearManager-Border">
					<Size x="64" y="64"/>
					<Anchors>
						<Anchor point="TOPRIGHT"/>
					</Anchors>
					<TexCoords left="0.625" right="0.75" top="0" bottom="1"/>
				</Texture>
				<Texture name="$parentTop" file="Interface\PaperDollInfoFrame\UI-GearManager-Border">
					<Size x="0" y="64"/>
					<Anchors>
						<Anchor point="TOPLEFT" relativeTo="$parentTopLeft" relativePoint="TOPRIGHT"/>
						<Anchor point="TOPRIGHT" relativeTo="$parentTopRight" relativePoint="TOPLEFT"/>
					</Anchors>
					<TexCoords left="0.25" right="0.369140625" top="0" bottom="1"/>
				</Texture>
				<Texture name="$parentBottomLeft" file="Interface\PaperDollInfoFrame\UI-GearManager-Border">
					<Size x="64" y="64"/>
					<Anchors>
						<Anchor point="BOTTOMLEFT"/>
					</Anchors>
					<TexCoords left="0.751953125" right="0.875" top="0" bottom="1"/>
				</Texture>
				<Texture name="$parentBottomRight" file="Interface\PaperDollInfoFrame\UI-GearManager-Border">
					<Size x="64" y="64"/>
					<Anchors>
						<Anchor point="BOTTOMRIGHT"/>
					</Anchors>
					<TexCoords left="0.875" right="1" top="0" bottom="1"/>
				</Texture>
				<Texture name="$parentBottom" file="Interface\PaperDollInfoFrame\UI-GearManager-Border">
					<Size x="0" y="64"/>
					<Anchors>
						<Anchor point="BOTTOMLEFT" relativeTo="$parentBottomLeft" relativePoint="BOTTOMRIGHT"/>
						<Anchor point="BOTTOMRIGHT" relativeTo="$parentBottomRight" relativePoint="BOTTOMLEFT"/>
					</Anchors>
					<TexCoords left="0.376953125" right="0.498046875" top="0" bottom="1"/>
				</Texture>
				<Texture name="$parentLeft" file="Interface\PaperDollInfoFrame\UI-GearManager-Border">
					<Size x="64" y="0"/>
					<Anchors>
						<Anchor point="TOPLEFT" relativeTo="$parentTopLeft" relativePoint="BOTTOMLEFT"/>
						<Anchor point="BOTTOMLEFT" relativeTo="$parentBottomLeft" relativePoint="TOPLEFT"/>
					</Anchors>
					<TexCoords left="0.001953125" right="0.125" top="0" bottom="1"/>
				</Texture>
				<Texture name="$parentRight" file="Interface\PaperDollInfoFrame\UI-GearManager-Border">
					<Size x="64" y="0"/>
					<Anchors>
						<Anchor point="TOPRIGHT" relativeTo="$parentTopRight" relativePoint="BOTTOMRIGHT"/>
						<Anchor point="BOTTOMRIGHT" relativeTo="$parentBottomRight" relativePoint="TOPRIGHT"/>
					</Anchors>
					<TexCoords left="0.1171875" right="0.2421875" top="0" bottom="1"/>
				</Texture>
			</Layer>
			<Layer level="OVERLAY">
				<FontString name="$parentTitle" inherits="GameFontNormal" text="EVENTS_LABEL">
					<Anchors>
						<Anchor point="TOPLEFT" x="12" y="-8"/>
						<Anchor point="TOPRIGHT" x="-32" y="-8"/>
					</Anchors>
				</FontString>
			</Layer>
		</Layers>
		<Frames>
			<Button name="$parentCloseButton" inherits="UIPanelCloseButton">
				<Size>
					<AbsDimension x="32" y="32"/>
				</Size>
				<Anchors>
					<Anchor point="TOPRIGHT" x="2" y="1"/>
				</Anchors>
			</Button>
			<Frame name="$parentTitleButton" inherits="TitleDragAreaTemplate">
				<Anchors>
					<Anchor point="TOPLEFT" relativeTo="$parentTitleBG"/>
					<Anchor point="BOTTOMRIGHT" relativeTo="$parentTitleBG"/>
				</Anchors>
			</Frame>
			<Slider name="$parentScroll">
				<Size x="16" y="0"/>
				<Anchors>
					<Anchor point="TOPRIGHT" x="-7" y="-28"/>
					<Anchor point="BOTTOMRIGHT" x="-7" y="10"/>
				</Anchors>
				<Layers>
					<Layer level="BACKGROUND">
						<Texture name="$parentBG" setAllPoints="true">
							<Color r=".8" g=".8" b="1" a="0.1"/>
						</Texture>
					</Layer>
				</Layers>
				<Scripts>
					<OnLoad>
						self:SetFrameLevel(self:GetFrameLevel() + 1);
						self:SetValue(0);
						self:SetValueStep(1);
					</OnLoad>
				</Scripts>
				<ThumbTexture parentKey="thumb" file="Interface\Buttons\UI-ScrollBar-Knob">
					<Size x="16" y="16"/>
					<TexCoords left="0.25" right="0.75" top="0.25" bottom="0.75"/>
				</ThumbTexture>
			</Slider>
		</Frames>
		<Scripts>
			<OnLoad function="EventTraceFrame_OnLoad"/>
			<OnShow function="EventTraceFrame_OnShow"/>
			<OnEvent function="EventTraceFrame_OnEvent"/>
			<OnUpdate function="EventTraceFrame_OnUpdate"/>
			<OnKeyUp function="EventTraceFrame_OnKeyUp"/>
			<!-- <OnSizeChanged function="EventTraceFrame_OnSizeChanged"/> Set in EventTraceFrame_OnLoad -->
		</Scripts>
	</Frame>

	<GameTooltip name="FrameStackTooltip" frameStrata="TOOLTIP" hidden="true" inherits="GameTooltipTemplate" enableKeyboard="true">
		<Scripts>
			<OnLoad function="FrameStackTooltip_OnLoad"/>
			<OnShow function="FrameStackTooltip_OnShow"/>
			<OnHide function="FrameStackTooltip_OnHide"/>
			<OnEnter function="FrameStackTooltip_OnEnter"/>
			<OnUpdate function="FrameStackTooltip_OnUpdate"/>
			<OnEvent function="FrameStackTooltip_OnEvent"/>
			<OnTooltipCleared function="FrameStackTooltip_OnTooltipCleared"/>
			<OnTooltipSetFramestack function="FrameStackTooltip_OnTooltipSetFrameStack"/>
		</Scripts>
	</GameTooltip>

	<GameTooltip name="EventTraceTooltip" frameStrata="TOOLTIP" hidden="true" parent="EventTraceFrame" inherits="GameTooltipTemplate">
		<Scripts>
			<OnLoad function="DebugTooltip_OnLoad"/>
		</Scripts>
	</GameTooltip>

	<Frame name="FrameHighlightTemplate" mixin="AnchorHighlightMixin" frameStrata="TOOLTIP" virtual="true">
		<Layers>
			<Layer level="ARTWORK">
				<Texture>
					<Color r="0.0" g="0.8" b="0.0" a=".4"/>
				</Texture>
			</Layer>
		</Layers>
	</Frame>

	<Frame name="FrameStackHighlight" inherits="FrameHighlightTemplate"/>

	<Frame name="FrameStackAnchorHighlightTemplate" parentArray="AnchorHighlights" virtual="true" enableMouse="false" frameStrata="TOOLTIP">
		<Layers>
			<Layer level="ARTWORK">
				<Texture>
					<Color r="0.6" g="0.6" b="0.2" a=".4"/>
				</Texture>
				<Texture parentKey="AnchorPoint">
					<Size x="4" y="4"/>
					<Color r="1.0" g="0.0" b="0.0" a=".4"/>
				</Texture>
			</Layer>
		</Layers>
	</Frame>
	
	<Frame name="DebugIdentifierFrameNoNameTemplate" virtual="true">
		<Layers>
			<Layer level="OVERLAY">
				<Texture parentKey="DebugHighlight" setAllPoints="true">
					<Color r="0.0" g="0.0" b="0.0" a="0.6"/>
				</Texture>
			</Layer>
		</Layers>
		<Scripts>
			<OnLoad function="DebugIdentifierFrame_OnLoad"/>
		</Scripts>
	</Frame>
	
	<Frame name="DebugIdentifierFrameTemplate" inherits="DebugIdentifierFrameNoNameTemplate" virtual="true">
		<Layers>
			<Layer level="OVERLAY">
				<FontString parentKey="DebugName" inherits="GameFontHighlightSmall">
					<Anchors>
						<Anchor point="LEFT"/>
						<Anchor point="RIGHT"/>
					</Anchors>
				</FontString>
			</Layer>
		</Layers>
	</Frame>
</Ui>
