<Ui xmlns="http://www.blizzard.com/wow/ui/" xmlns:xsi="http://www.w3.org/2001/XMLSchema-instance" xsi:schemaLocation="http://www.blizzard.com/wow/ui/
..\..\FrameXML\UI.xsd">
	<Script file="Blizzard_DeathRecap.lua"/>
	
	<Frame name="DeathRecapEntryTemplate" parentArray="DeathRecapEntry" virtual="true">
		<Size x="348" y="32"/>
		<Frames>
			<Frame parentKey="DamageInfo">
				<Anchors>
					<Anchor point="TOPLEFT" x="0" y="0"/>
					<Anchor point="BOTTOMRIGHT" relativePoint="BOTTOMLEFT" x="100" y="0"/>
				</Anchors>
				<Layers>
					<Layer level="ARTWORK">
						<FontString parentKey="Amount" inherits="GameFontNormalRight" setAllPoints="true" justifyH="RIGHT" justifyV="CENTER" mixin="ShrinkUntilTruncateFontStringMixin">		
							<Size x="80" y="32"/>
							<Anchors>
								<Anchor point="TOPRIGHT" x="0" y="0"/>
							</Anchors>
							<Color r="0.75" g="0.05" b="0.05" a="1"/>
						</FontString>
						<FontString parentKey="AmountLarge" inherits="SystemFont_Shadow_Large2" setAllPoints="true" justifyH="RIGHT" justifyV="CENTER" hidden="true" mixin="ShrinkUntilTruncateFontStringMixin">
							<Size x="80" y="32"/>
							<Anchors>
								<Anchor point="TOPRIGHT" x="0" y="0"/>
							</Anchors>
							<Color r="1.0" g="0.07" b="0.07" a="1"/>
						</FontString>
					</Layer>
				</Layers>
				<Scripts>
					<OnLoad>
						self.Amount:SetFontObjectsToTry(GameFontNormal, GameFontNormalSmall, GameFontNormalTiny);
						self.AmountLarge:SetFontObjectsToTry(GameFontNormalLarge2, GameFontNormalLarge, GameFontNormalMed3, GameFontNormal);
					</OnLoad>
					<OnEnter function="DeathRecapFrame_Amount_OnEnter"/>
					<OnLeave function="GameTooltip_Hide"/>	
				</Scripts>
			</Frame>
			<Frame parentKey="SpellInfo">
				<Anchors>
					<Anchor point="TOPLEFT" relativeKey="$parent.DamageInfo" relativePoint="TOPRIGHT" x="16" y="0"/>
					<Anchor point="BOTTOMRIGHT" x="0" y="0"/>
				</Anchors>
				<Layers>
					<Layer level="ARTWORK">
						<Texture parentKey="Icon">
							<Size x="32" y="32"/>
							<Anchors>
								<Anchor point="LEFT" x="0" y="0"/>
							</Anchors>
						</Texture>
						<FontString parentKey="Name" inherits="GameFontNormal" justifyH="LEFT" justifyV="BOTTOM">
							<Anchors>
								<Anchor point="BOTTOMLEFT" relativeKey="$parent.Icon" relativePoint="RIGHT" x="8" y="1"/>
								<Anchor point="TOPRIGHT" x="0" y="0"/>
							</Anchors>
						</FontString>
						<FontString parentKey="Caster" inherits="SystemFont_Shadow_Small" justifyH="LEFT" justifyV="TOP">
							<Anchors>
								<Anchor point="TOPLEFT" relativeKey="$parent.Icon" relativePoint="RIGHT" x="8" y="-2"/>
								<Anchor point="BOTTOMRIGHT" x="0" y="0"/>
							</Anchors>
							<Color r="0.5" g="0.5" b="0.5" a="1"/>
						</FontString>
					</Layer>
					<Layer level="OVERLAY">
						<Texture parentKey="IconBorder" atlas="deathrecap-iconborder" useAtlasSize="true">
							<Anchors>
								<Anchor point="CENTER" relativeKey="$parent.Icon"/>
							</Anchors>
						</Texture>
					</Layer>
				</Layers>
				<Scripts>
					<OnEnter function="DeathRecapFrame_Spell_OnEnter"/>
					<OnLeave function="GameTooltip_Hide"/>
				</Scripts>
			</Frame>
		</Frames>
	</Frame>
	
	<Frame name="DeathRecapFrame" movable="true" clampedToScreen="true" parent="UIParent" hidden="true">
		<Size x="380" y="326"/>
		<Anchors>
			<Anchor point="CENTER"/>
		</Anchors>
		<Layers>
			<Layer level="BORDER">
				<Texture name="$parentBorderTopLeft" file="Interface\RaidFrame\RaidBorder-UpperLeft">
					<Size x="32" y="32"/>
					<Anchors>
						<Anchor point="TOPLEFT" x="-5" y="0"/>
					</Anchors>
				</Texture>
				<Texture name="$parentBorderTopRight" file="Interface\RaidFrame\RaidBorder-UpperRight">
					<Size x="32" y="32"/>
					<Anchors>
						<Anchor point="TOPRIGHT" x="5" y="0"/>
					</Anchors>
				</Texture>
				<Texture name="$parentBorderBottomLeft" file="Interface\RaidFrame\RaidBorder-BottomLeft">
					<Size x="32" y="32"/>
					<Anchors>
						<Anchor point="BOTTOMLEFT" x="-5" y="0"/>
					</Anchors>
				</Texture>
				<Texture name="$parentBorderBottomRight" file="Interface\RaidFrame\RaidBorder-BottomRight">
					<Size x="32" y="32"/>
					<Anchors>
						<Anchor point="BOTTOMRIGHT" x="5" y="0"/>
					</Anchors>
				</Texture>
				<Texture name="$parentBorderTop" file="Interface\RaidFrame\RaidBorder-UpperMiddle" horizTile="true">
					<Size x="0" y="16"/>
					<Anchors>
						<Anchor point="TOPLEFT" relativeTo="$parentBorderTopLeft" relativePoint="TOPRIGHT" x="0" y="1"/>
						<Anchor point="TOPRIGHT" relativeTo="$parentBorderTopRight" relativePoint="TOPLEFT" x="0" y="1"/>
					</Anchors>
				</Texture>
				<Texture name="$parentBorderBottom" file="Interface\RaidFrame\RaidBorder-BottomMiddle" horizTile="true">
					<Size x="0" y="16"/>
					<Anchors>
						<Anchor point="BOTTOMLEFT" relativeTo="$parentBorderBottomLeft" relativePoint="BOTTOMRIGHT" x="0" y="-4"/>
						<Anchor point="BOTTOMRIGHT" relativeTo="$parentBorderBottomRight" relativePoint="BOTTOMLEFT" x="0" y="-4"/>
					</Anchors>
				</Texture>
				<Texture name="$parentBorderLeft" file="Interface\RaidFrame\RaidBorder-Left" vertTile="true">
					<Size x="16" y="0"/>
					<Anchors>
						<Anchor point="TOPLEFT" relativeTo="$parentBorderTopLeft" relativePoint="BOTTOMLEFT" x="-1" y="0"/>
						<Anchor point="BOTTOMLEFT" relativeTo="$parentBorderBottomLeft" relativePoint="TOPLEFT" x="-1" y="0"/>
					</Anchors>
				</Texture>
				<Texture name="$parentBorderRight" file="Interface\RaidFrame\RaidBorder-Right" vertTile="true">
					<Size x="16" y="0"/>
					<Anchors>
						<Anchor point="TOPRIGHT" relativeTo="$parentBorderTopRight" relativePoint="BOTTOMRIGHT" x="2" y="0"/>
						<Anchor point="BOTTOMRIGHT" relativeTo="$parentBorderBottomRight" relativePoint="TOPRIGHT" x="2" y="0"/>
					</Anchors>
				</Texture>
			</Layer>
			<Layer level="BACKGROUND" textureSubLevel="1">
				<Texture parentKey="Background">
					<Anchors>
						<Anchor point="TOPLEFT" relativeTo="$parentBorderTopLeft" relativePoint="BOTTOMRIGHT" x="-24" y="26"/>
						<Anchor point="BOTTOMRIGHT" relativeTo="$parentBorderBottomRight" relativePoint="TOPLEFT" x="24" y="-23"/>
					</Anchors>
					<Color r="0" g="0" b="0" a="0.80"/>
				</Texture>
			</Layer>
			<Layer level="BACKGROUND" textureSubLevel="2">
				<Texture parentKey="BackgroundInnerGlow" atlas="deathrecap-background-innerglow" useAtlasSize="false" alpha="0.6">
					<Anchors>
						<Anchor point="TOPLEFT" relativeKey="$parent.Background" relativePoint="TOPLEFT"/>
						<Anchor point="BOTTOMRIGHT" relativeKey="$parent.Background" relativePoint="BOTTOMRIGHT"/>
					</Anchors>
				</Texture>
			</Layer>
			<Layer level="ARTWORK">
				<FontString parentKey="Title" inherits="GameFontNormal" text="DEATH_RECAP_TITLE">
					<Anchors>
						<Anchor point="TOPLEFT" x="12" y="-9"/>
					</Anchors>
				</FontString>
				<Texture parentKey="Divider" file="Interface\Common\UI-TooltipDivider">
					<Size x="0" y="12"/>
					<Anchors>
						<Anchor point="TOPLEFT" x="4" y="-20"/>
						<Anchor point="TOPRIGHT" x="-4" y="-20"/>
					</Anchors>
				</Texture>
				
				<FontString parentKey="Unavailable" inherits="GameFontNormal" text="DEATH_RECAP_UNAVAILABLE">
					<Anchors>
						<Anchor point="CENTER"/>
					</Anchors>
				</FontString>
			</Layer>
		</Layers>
		<Frames>
			<Button parentKey="CloseXButton">
				<Size x="32" y="32"/>
				<Anchors>
					<Anchor point="TOPRIGHT" x="2" y="1"/>
				</Anchors>
				<Scripts>
					<OnClick>
						HideUIPanel(self:GetParent());
					</OnClick>
				</Scripts>
				<DisabledTexture file="Interface\Buttons\UI-Panel-MinimizeButton-Disabled"/>
				<NormalTexture file="Interface\Buttons\UI-Panel-MinimizeButton-Up"/>
				<PushedTexture file="Interface\Buttons\UI-Panel-MinimizeButton-Down"/>
				<HighlightTexture file="Interface\Buttons\UI-Panel-MinimizeButton-Highlight" alphaMode="ADD"/>
			</Button>
			<Button parentKey="DragButton">
				<Anchors>
					<Anchor point="TOPLEFT"/>
					<Anchor point="BOTTOMRIGHT" relativePoint="TOPRIGHT" x="0" y="-32"/>
				</Anchors>
				<Scripts>
					<OnLoad>
						self:RegisterForDrag("LeftButton");
					</OnLoad>
					<OnDragStart>
						self:GetParent():StartMoving();
					</OnDragStart>
					<OnDragStop>
						self:GetParent():StopMovingOrSizing();
					</OnDragStop>
				</Scripts>
			</Button>
			<Frame parentKey="Recap1" inherits="DeathRecapEntryTemplate">
				<Anchors>
					<Anchor point="BOTTOMLEFT" x="16" y="64"/>
				</Anchors>
				<Layers>
					<Layer level="ARTWORK">
						<Texture parentKey="tombstone" atlas="deathrecap-icon-tombstone" useAtlasSize="true">
							<Anchors>
								<Anchor point="RIGHT" relativeKey="$parent.DamageInfo.Amount" relativePoint="LEFT" x="-10" y="0"/>
							</Anchors>
						</Texture>
					</Layer>
				</Layers>
			</Frame>
			<Frame parentKey="Recap2" inherits="DeathRecapEntryTemplate">
				<Anchors>
					<Anchor point="BOTTOM" relativeKey="$parent.Recap1" relativePoint="TOP" x="0" y="14"/>
				</Anchors>
			</Frame>
			<Frame parentKey="Recap3" inherits="DeathRecapEntryTemplate">
				<Anchors>
					<Anchor point="BOTTOM" relativeKey="$parent.Recap2" relativePoint="TOP" x="0" y="14"/>
				</Anchors>
			</Frame>
			<Frame parentKey="Recap4" inherits="DeathRecapEntryTemplate">
				<Anchors>
					<Anchor point="BOTTOM" relativeKey="$parent.Recap3" relativePoint="TOP" x="0" y="14"/>
				</Anchors>
			</Frame>
			<Frame parentKey="Recap5" inherits="DeathRecapEntryTemplate">
				<Anchors>
					<Anchor point="BOTTOM" relativeKey="$parent.Recap4" relativePoint="TOP" x="0" y="14"/>
				</Anchors>
			</Frame>
			<Button parentKey="CloseButton" inherits="UIPanelButtonTemplate" text="CLOSE">
				<Size x="144" y="21"/>
				<Anchors>
					<Anchor point="BOTTOM" x="0" y="15"/>
				</Anchors>
				<Scripts>
					<OnClick>
						HideUIPanel(DeathRecapFrame);
					</OnClick>
				</Scripts>
			</Button>
		</Frames>
		<Scripts>
			<OnHide function="DeathRecapFrame_OnHide"/>
		</Scripts>
	</Frame>
</Ui>