<Ui xmlns="http://www.blizzard.com/wow/ui/" xmlns:xsi="http://www.w3.org/2001/XMLSchema-instance" xsi:schemaLocation="http://www.blizzard.com/wow/ui/
..\FrameXML\UI.xsd">
	<Script file="Blizzard_HeirloomCollection.lua"/>

	<Frame name="HeirloomHeaderTemplate" virtual="true">
		<Size x="625" y="24" />
		<Layers>
			<Layer level="BACKGROUND">
				<Texture atlas="collections-slotheader" useAtlasSize="true">
					<Anchors>
						<Anchor point="CENTER"/>
					</Anchors>
				</Texture>
			</Layer>
			<Layer level="OVERLAY">
				<FontString parentKey="text" inherits="Fancy16Font" justifyH="CENTER" justifyV="MIDDLE">
					<Color r="0.47" g="0.44" b="0.28"/>
					<Shadow>
						<Offset>
							<AbsDimension x="1" y="-1"/>
						</Offset>
						<Color r="0.0" g="0.0" b="0.0"/>
					</Shadow>
				</FontString>
			</Layer>
		</Layers>
	</Frame>

	<CheckButton name="HeirloomSpellButtonTemplate" inherits="CollectionsSpellButtonTemplate" hidden="true" motionScriptsWhileDisabled="true" virtual="true">
		<Layers>
			<Layer level="ARTWORK">
				<FontString parentKey="special" inherits="GameFontNormalSmall" maxLines="1" justifyH="LEFT">
					<Size x="135" y="0" />
					<Anchors>
						<Anchor point="TOPLEFT" relativeKey="$parent.name" relativePoint="BOTTOMLEFT" y="-1" />
					</Anchors>
				</FontString>
			</Layer>

			<Layer level="OVERLAY" textureSubLevel="2">
				<Texture parentKey="glow" alpha="0" alphaMode="ADD" atlas="collections-upgradeglow" useAtlasSize="true">
					<Anchors>
						<Anchor point="CENTER" x="0" y="3" />
					</Anchors>
				</Texture>
				<Texture parentKey="glow2" alpha="0" alphaMode="ADD" atlas="collections-upgradeglow" useAtlasSize="true">
					<Anchors>
						<Anchor point="CENTER" x="0" y="3" />
					</Anchors>
				</Texture>
				<Texture parentKey="bling" file="interface\cooldown\star4" alphaMode="ADD" alpha="0">
					<Size x="70" y="70"/>
					<Anchors>
						<Anchor point="CENTER"/>
					</Anchors>
					<Color r="0.31373" g="0.627451" b="1.0"/>
				</Texture>
				<Texture parentKey="pendingUpgradeGlow" alphaMode="ADD" atlas="collections-upgradeglow-blue" useAtlasSize="true">
					<Anchors>
						<Anchor point="CENTER" x="0" y="3"/>
					</Anchors>
				</Texture>
			</Layer>
			
			<Layer level="OVERLAY" textureSubLevel="3">
				<Texture parentKey="levelBackground">
					<Anchors>
						<Anchor point="BOTTOM" x="-12" y="-3" relativePoint="BOTTOMRIGHT"/>
					</Anchors>
				</Texture>

				<FontString parentKey="level" justifyH="CENTER" justifyV="MIDDLE">
					<Size x="29" y="18" />
					<Anchors>
						<Anchor point="TOPLEFT" relativeKey="$parent.levelBackground" x="1" y="-1" />
					</Anchors>
				</FontString>
			</Layer>
		</Layers>

		<Animations>
			<AnimationGroup parentKey="upgradeGlowAnim" setToFinalAlpha="true">
				<Alpha childKey="glow" smoothing="OUT" duration="1" order="1" fromAlpha="1" toAlpha="0"/>
				<Alpha childKey="glow2" smoothing="OUT" duration="1" order="1" fromAlpha="1" toAlpha="0"/>
				
				<Rotation childKey="bling" degrees="-90" duration="0.5" order="1"/>
				<Alpha childKey="bling" duration="0.1667" order="1" fromAlpha="0" toAlpha="0.5"/>
				<Alpha childKey="bling" startDelay="0.5" duration="0.3333" order="1" fromAlpha="0.5" toAlpha="0"/>
			</AnimationGroup>
		</Animations>
		
		<Scripts>
			<OnLoad>
				CollectionsSpellButton_OnLoad(self, HeirloomsJournal_UpdateButton)
			</OnLoad>

			<OnClick>
				HeirloomsJournalSpellButton_OnClick(self, button);
			</OnClick>

			<OnShow>
				self:RegisterEvent("HEIRLOOMS_UPDATED");
				CollectionsSpellButton_OnShow(self);
			</OnShow>
			
			<OnHide>
				CollectionsSpellButton_OnHide(self);
				self:UnregisterEvent("HEIRLOOMS_UPDATED");
			</OnHide>

			<OnEnter function="HeirloomsJournalSpellButton_OnEnter"/>
		</Scripts>
	</CheckButton>
	
	<Frame name="HeirloomsJournal" parent="CollectionsJournal" mixin="HeirloomsMixin" setAllPoints="true" hidden="true">
		<Frames>
			<StatusBar parentKey="progressBar" inherits="CollectionsProgressBarTemplate" />

			<EditBox name="$parentSearchBox" parentKey="SearchBox" inherits="SearchBoxTemplate" letters="40">
				<Size x="115" y="20"/>
				<Anchors>
					<Anchor point="TOPRIGHT" x="-107" y="-35"/>
				</Anchors>
				<Scripts>
					<OnTextChanged function="HeirloomsJournalSearchBox_OnTextChanged"/>
				</Scripts>
			</EditBox>

			<Button name="$parentFilterButton" inherits="UIMenuButtonStretchTemplate" text="FILTER">
				<Size x="93" y="22"/>
				<Anchors>
					<Anchor point="TOPRIGHT" x="-12" y="-34"/>
				</Anchors>
				<Layers>
					<Layer level="ARTWORK">
						<Texture parentKey="Icon" file="Interface\ChatFrame\ChatFrameExpandArrow">
							<Size x="10" y="12"/>
							<Anchors>
								<Anchor point="RIGHT" relativeKey="$parent.Right" relativePoint="RIGHT" x="-5"/>
							</Anchors>
						</Texture>
					</Layer>
				</Layers>
				<Scripts>
					<OnClick>
						PlaySound(SOUNDKIT.IG_MAINMENU_OPTION_CHECKBOX_ON);
						ToggleDropDownMenu(1, nil, self:GetParent().filterDropDown, self:GetName(), 74, 15);
					</OnClick>
				</Scripts>
			</Button>
			<Frame name="$parentFilterDropDown" parentKey="filterDropDown" inherits="UIDropDownMenuTemplate">
				<Scripts>
					<OnLoad function="HeirloomsJournalCollectedFilterDropDown_OnLoad"/>
				</Scripts>
			</Frame>

			<Frame name="$parentClassDropDown" inherits="UIDropDownMenuTemplate" enableMouse="true" parentKey="classDropDown">
				<Size x="93" y="22"/>
				<Anchors>
					<Anchor point="TOPLEFT" x="54" y="-30"/>
				</Anchors>
				<Scripts>
					<OnLoad function="HeirloomsJournalClassFilterDropDown_OnLoad"/>
				</Scripts>
			</Frame>

			<Frame parentKey="iconsFrame" inherits="CollectionsBackgroundTemplate">
				<Layers>
					<Layer level="BORDER" textureSubLevel="1">
						<Texture parentKey="watermark" atlas="collections-watermark-heirloom" useAtlasSize="true">
							<Anchors>
								<Anchor point="BOTTOMRIGHT" relativePoint="BOTTOMRIGHT" x="-33" y="17"/>
							</Anchors>
						</Texture>
					</Layer>
				</Layers>
			</Frame>

			<Frame parentKey="PagingFrame" inherits="CollectionsPagingFrameTemplate">
				<Anchors>
					<Anchor point="BOTTOM" x="21" y="43"/>
				</Anchors>
			</Frame>
		</Frames>
		<Scripts>
			<OnLoad>
				self:OnLoad();
			</OnLoad>
			<OnEvent function="HeirloomsJournal_OnEvent"/>
			<OnShow function="HeirloomsJournal_OnShow"/>
			<OnMouseWheel function="HeirloomsJournal_OnMouseWheel"/>
		</Scripts>
	</Frame>
</Ui>
