<Ui xmlns="http://www.blizzard.com/wow/ui/" xmlns:xsi="http://www.w3.org/2001/XMLSchema-instance" xsi:schemaLocation="http://www.blizzard.com/wow/ui/
..\FrameXML\UI.xsd">
	<Script file="Blizzard_MountCollection.lua"/>

	<Frame name="AlertMountEquipmentFeatureTemplate" mixin="AlertMountEquipmentFeatureMixin" virtual="true">
		<Size x="1" y="1"/>
		<Layers>
			<Layer level="OVERLAY" textureSubLevel="1">
				<FontString parentKey="Label" inherits="GameFontHighlight" maxLines="1" justifyH="CENTER" text="NEW_CAPS">
					<Shadow>
						<Color r="0.32" g="0.5" b="1.0"/>
					</Shadow>
					<Anchors>
						<Anchor point="CENTER"/>
					</Anchors>
				</FontString>
				<Texture parentKey="Glow" atlas="collections-newglow">
					<Anchors>
						<Anchor point="TOPLEFT" relativeKey="$parent.Label" x="-20" y="10"/>
						<Anchor point="BOTTOMRIGHT" relativeKey="$parent.Label" x="20" y="-10"/>
					</Anchors>
				</Texture>
			</Layer>
		</Layers>
		<Animations>
			<AnimationGroup parentKey="Fade" looping="REPEAT">
				<Alpha childKey="Glow" duration="1.0" order="1" fromAlpha="1" toAlpha=".5"/>
				<Alpha childKey="Glow" duration="1.0" order="2" fromAlpha=".5" toAlpha="1"/>
			</AnimationGroup>
		</Animations>
		<Scripts>
			<OnShow method="OnShow"/>
			<OnHide method="OnHide"/>
		</Scripts>
	</Frame>

	<Button name="MountEquipmentButtonTemplate" mixin="MountEquipmentButtonMixin" virtual="true">
		<Size x="49" y="49"/>
		<Frames>
			<Frame parentKey="NewAlert" inherits="AlertMountEquipmentFeatureTemplate">
				<Anchors>
					<Anchor point="CENTER" x="1" y="-1"/>
				</Anchors>
			</Frame>
		</Frames>
		<Layers>
			<Layer level="BACKGROUND" textureSubLevel="1">
				<Texture atlas="mountequipment-slot-background">
					<Size x="69" y="69"/>
					<Anchors>
						<Anchor point="CENTER"/>
					</Anchors>
				</Texture>
			</Layer>
			<Layer level="BORDER" textureSubLevel="1">
				<Texture parentKey="ItemIcon">
					<Size x="41" y="41"/>
					<Anchors>
						<Anchor point="CENTER"/>
					</Anchors>
				</Texture>
			</Layer>
			<Layer level="BORDER" textureSubLevel="2">
				<Texture parentKey="ItemBorder" atlas="mountequipment-slot-iconborder" hidden="true">
					<Size x="43" y="43"/>
					<Anchors>
						<Anchor point="CENTER" />
					</Anchors>
				</Texture>
			</Layer>
			<Layer level="ARTWORK" textureSubLevel="1">
				<Texture parentKey="SlotBorder" atlas="mountequipment-slot-corners" hidden="true">
					<Size x="67" y="67"/>
					<Anchors>
						<Anchor point="CENTER"/>
					</Anchors>
				</Texture>
				<Texture parentKey="SlotBorderOpen" atlas="mountequipment-slot-corners-open" hidden="true">
					<Size x="67" y="69"/>
					<Anchors>
						<Anchor point="CENTER"/>
					</Anchors>
				</Texture>
			</Layer>
			<Layer level="ARTWORK" textureSubLevel="2">
				<Texture parentKey="DragTargetHighlight" file="Interface\Buttons\ButtonHilight-Square" alphaMode="ADD" alpha="0">
					<Size x="49" y="49"/>
					<Anchors>
						<Anchor point="CENTER"/>
					</Anchors>
				</Texture>
			</Layer>
		</Layers>
		<Scripts>
			<OnClick method="OnClick"/>
			<OnReceiveDrag method="OnReceiveDrag"/>
			<OnEnter method="OnEnter"/>
			<OnLeave method="OnLeave"/>
		</Scripts>
		<PushedTexture file="Interface\Buttons\ButtonHilight-Square" alphaMode="ADD"/>
		<HighlightTexture file="Interface\Buttons\ButtonHilight-Square" alphaMode="ADD" alpha="0.5"/>
		<Animations>
			<AnimationGroup parentKey="NotifyDragTargetAnim" setToFinalAlpha="true" looping="REPEAT">
				<Alpha childKey="DragTargetHighlight" smoothing="OUT" duration=".75" order="1" fromAlpha="0" toAlpha="1"/>
				<Alpha childKey="DragTargetHighlight" smoothing="IN" duration=".75" order="2" fromAlpha="1" toAlpha="0"/>
			</AnimationGroup>
		</Animations>
	</Button>

	<Button name="MountListButtonTemplate" motionScriptsWhileDisabled="true" virtual="true">
		<Size x="208" y="46"/>
		<Layers>
			<Layer level="BACKGROUND">
				<Texture atlas="PetList-ButtonBackground" parentKey="background"/>
			</Layer>
			<Layer level="BORDER">
				<Texture parentKey="icon">
					<Size x="38" y="38"/>
					<Anchors>
						<Anchor point="LEFT" x="-42" y="0"/>
					</Anchors>
				</Texture>
				<Texture parentKey="factionIcon">
					<Anchors>
						<Anchor point="BOTTOMRIGHT" x="-1" y="1"/>
					</Anchors>
					<Size x="90" y="44"/>
				</Texture>
			</Layer>
			<Layer level="ARTWORK" textureSubLevel="-1">
				<Texture parentKey="iconBorder" file="Interface\Common\WhiteIconFrame" hidden="true">
					<Anchors>
						<Anchor point="TOPLEFT" relativePoint="TOPLEFT" relativeKey="$parent.icon"/>
						<Anchor point="BOTTOMRIGHT" relativePoint="BOTTOMRIGHT" relativeKey="$parent.icon"/>
					</Anchors>
				</Texture>
			</Layer>
			<Layer level="OVERLAY">
				<FontString parentKey="name" inherits="GameFontNormal" justifyH="LEFT">
					<Size x="147" y="25"/>
					<Anchors>
						<Anchor point="TOPLEFT" relativePoint="TOPRIGHT" relativeKey="$parent.icon" x="10" y="-5"/>
					</Anchors>
				</FontString>
				<Texture parentKey="favorite" atlas="PetJournal-FavoritesIcon" useAtlasSize="true">
					<Anchors>
						<Anchor point="TOPLEFT" relativeKey="$parent.icon" x="-8" y="8"/>
					</Anchors>
				</Texture>
			</Layer>
			<Layer level="OVERLAY" textureSubLevel="1">
				<Texture parentKey="selectedTexture" atlas="PetList-ButtonSelect" hidden="true"/>
			</Layer>
			<Layer level="OVERLAY" textureSubLevel="2">
				<FontString parentKey="new" inherits="GameFontHighlight" wordwrap="false" justifyH="CENTER" text="NEW_CAPS" hidden="true">
					<Anchors>
						<Anchor point="RIGHT" x="-15" y="0"/>
					</Anchors>
					<Shadow>
						<Color r="0.32" g="0.5" b="1.0"/>
					</Shadow>
				</FontString>
				<Texture parentKey="newGlow" atlas="collections-newglow" hidden="true">
					<Anchors>
						<Anchor point="TOPLEFT" relativeKey="$parent.new" x="-20" y="10"/>
						<Anchor point="BOTTOMRIGHT" relativeKey="$parent.new" x="20" y="-10"/>
					</Anchors>
				</Texture>
			</Layer>
		</Layers>
		<Frames>
			<Button parentKey="DragButton" motionScriptsWhileDisabled="true">
				<Size x="40" y="40"/>
				<Anchors>
					<Anchor point="CENTER" relativeKey="$parent.icon" x="0" y="0"/>
				</Anchors>
				<Layers>
					<Layer level="OVERLAY">
						<Texture file="Interface\Buttons\CheckButtonHilight" parentKey="ActiveTexture" alphaMode="ADD"/>
					</Layer>
				</Layers>
				<HighlightTexture name="$parentHighlight" file="Interface\Buttons\ButtonHilight-Square" alphaMode="ADD"/>
				<Scripts>
					<OnClick function="MountListDragButton_OnClick"/>
					<OnEnter>
						GameTooltip:SetOwner(self, "ANCHOR_LEFT");
						local spellID = self:GetParent().spellID;
						if (spellID) then
							MountJournalMountButton_UpdateTooltip(self:GetParent());
							self.showingTooltip = true;
						end
					</OnEnter>
					<OnLeave>
						GameTooltip:Hide();
						self.showingTooltip = false;
					</OnLeave>
					<OnLoad>
						self:RegisterForClicks("LeftButtonUp", "RightButtonUp");
						self:RegisterForDrag("LeftButton");
					</OnLoad>
					<OnDragStart>
						C_MountJournal.Pickup(self:GetParent().index);
					</OnDragStart>
				</Scripts>
			</Button>
		</Frames>
		<HighlightTexture atlas="PetList-ButtonHighlight"/>
		<Scripts>
			<OnLoad>
				self:RegisterForClicks("LeftButtonUp", "RightButtonUp");
			</OnLoad>
			<OnClick function="MountListItem_OnClick"/>
		</Scripts>
	</Button>

	<Frame name="MountJournal" parent="CollectionsJournal" setAllPoints="true">
		<Frames>
			<Button name="$parentSummonRandomFavoriteButton" parentKey="SummonRandomFavoriteButton" inherits="SecureFrameTemplate">
				<Size>
					<AbsDimension x="33" y="33"/>
				</Size>
				<Anchors>
					<Anchor point="CENTER" relativePoint="TOPRIGHT" x="-24" y="-42"/>
				</Anchors>
				<Layers>
					<Layer level="ARTWORK">
						<Texture name="$parentIconTexture" parentKey="texture" file="Interface/ICONS/ACHIEVEMENT_GUILDPERK_MOUNTUP" setAllPoints="true"/>
					</Layer>
					<Layer level="OVERLAY">
						<Texture parentKey="BlackCover" setAllPoints="true" hidden="true">
							<Color r="0" g="0" b="0" a="0.6"/>
						</Texture>
					</Layer>
					<Layer level="OVERLAY" textureSubLevel="1">
						<Texture name="$parentBorder" inherits="ActionBarFlyoutButton-IconFrame">
							<Size x="35" y="35"/>
							<Anchors>
								<Anchor point="CENTER"/>
							</Anchors>
						</Texture>
						<Texture name="$parentLockIcon" parentKey="LockIcon" file="Interface\PetBattles\PetBattle-LockIcon" setAllPoints="true" hidden="true"/>
						<FontString name="$parentSpellName" inherits="GameFontNormal" maxLines="2" justifyH="RIGHT" parentKey="spellname" text="Summon Random Favorite Mount">
							<Size x="170" y="0"/>
							<Color r="1" g="1" b="1"/>
							<Anchors>
								<Anchor point="RIGHT" relativePoint="LEFT" relativeTo="$parentBorder" x="-2" y="0"/>
							</Anchors>
						</FontString>
					</Layer>
				</Layers>
				<Scripts>
					<OnLoad function="MountJournalSummonRandomFavoriteButton_OnLoad"/>
					<OnClick function="MountJournalSummonRandomFavoriteButton_OnClick"/>
					<OnDragStart function="MountJournalSummonRandomFavoriteButton_OnDragStart"/>
					<OnEnter function="MountJournalSummonRandomFavoriteButton_OnEnter"/>
					<OnLeave>
						GameTooltip:Hide();
					</OnLeave>
				</Scripts>
				<PushedTexture file="Interface\Buttons\UI-Quickslot-Depress"/>
				<HighlightTexture name="$parentHighlight" file="Interface\Buttons\ButtonHilight-Square" alphaMode="ADD"/>
			</Button>
			<Frame parentKey="LeftInset" useParentLevel="true" inherits="InsetFrameTemplate">
				<Size x="260" y="496"/>
				<Anchors>
					<Anchor point="TOPLEFT" x="4" y="-60" />
					<Anchor point="BOTTOMLEFT" x="4" y="111" />
				</Anchors>
			</Frame>
			<Frame parentKey="BottomLeftInset" useParentLevel="true" inherits="InsetFrameTemplate">
				<Size x="279" y="391"/>
				<Anchors>
					<Anchor point="TOPLEFT" relativeKey="$parent.LeftInset" relativePoint="BOTTOMLEFT" y="-10" />
					<Anchor point="BOTTOMLEFT" y="26"/>
				</Anchors>
				<Frames>
					<Button parentKey="SlotButton" inherits="MountEquipmentButtonTemplate">
						<Anchors>
							<Anchor point="LEFT" x="23"/>
						</Anchors>
					</Button>
					<Button parentKey="SuppressedMountEquipmentButton" mixin="SuppressedMountEquipmentButtonMixin" setAllPoints="true" hidden="true">
						<Scripts>
							<OnEnter method="OnEnter"/>
							<OnLeave method="OnLeave"/>
						</Scripts>
					</Button>
				</Frames>
				<Layers>
					<Layer level="BORDER" textureSubLevel="-8">
						<Texture parentKey="Background" atlas="mountequipment-background" setAllPoints="true">
							<Size x="273" y="70"/>
							<Anchors>
								<Anchor point="TOPLEFT" x="3" y="-3"/>
							</Anchors>
						</Texture>
					</Layer>
					<Layer level="BORDER" textureSubLevel="-7" setAllPoints="true">
						<Texture parentKey="BackgroundOverlay" >
							<Color r="0" g="0" b="0" a=".1"/>
						</Texture>
					</Layer>
					<Layer level="BORDER" textureSubLevel="-6">
						<Texture atlas="mountequipment-insetshadow" useAtlasSize="true">
							<Anchors>
								<Anchor point="TOPLEFT" relativeKey="$parent.Background"/>
							</Anchors>
						</Texture>
					</Layer>
					<Layer>
						<FontString parentKey="SlotLabel" inherits="GameFontNormal" justifyH="LEFT">
							<Size x="100" y="100"/>
							<Anchors>
								<Anchor point="LEFT" relativeKey="$parent.SlotButton" relativePoint="RIGHT" x="12"/>
								<Anchor point="RIGHT" x="-40"/>
							</Anchors>
						</FontString>
						<FontString parentKey="SlotRequirementLabel" inherits="GameFontNormal" justifyH="CENTER">
							<Anchors>
								<Anchor point="TOPLEFT" x="50"/>
								<Anchor point="BOTTOMRIGHT" x="-50"/>
							</Anchors>
						</FontString>
					</Layer>
				</Layers>
			</Frame>
			<Frame parentKey="RightInset" useParentLevel="true" inherits="InsetFrameTemplate">
				<Anchors>
					<Anchor point="TOPRIGHT" x="-6" y="-60" />
					<Anchor point="BOTTOMLEFT" relativeKey="$parent.LeftInset" relativePoint="BOTTOMRIGHT" x="20" y="-85"/>
				</Anchors>
			</Frame>
			<EditBox name="$parentSearchBox" inherits="SearchBoxTemplate" parentKey="searchBox" letters="40">
				<Size x="145" y="20"/>
				<Anchors>
					<Anchor point="TOPLEFT" relativeKey="$parent.LeftInset" x="15" y="-9"/>
				</Anchors>
				<Scripts>
					<OnTextChanged function="MountJournal_OnSearchTextChanged"/>
					<OnHide function="MountJournal_ClearSearch"/>
				</Scripts>
			</EditBox>
			<Button name="$parentFilterButton" inherits="UIMenuButtonStretchTemplate" text="FILTER">
				<Size x="93" y="22"/>
				<Anchors>
					<Anchor point="TOPRIGHT" relativeKey="$parent.LeftInset" x="-5" y="-9"/>
				</Anchors>
				<Layers>
					<Layer level="ARTWORK">
						<Texture parentKey="Icon" file="Interface\ChatFrame\ChatFrameExpandArrow">
							<Size x="10" y="12"/>
							<Anchors>
								<Anchor point="RIGHT" relativeKey="$parent.Right" relativePoint="RIGHT" x="-5"/>
							</Anchors>
						</Texture>
					</Layer>
				</Layers>
				<Scripts>
					<OnClick>
						PlaySound(SOUNDKIT.IG_MAINMENU_OPTION_CHECKBOX_ON);
						ToggleDropDownMenu(1, nil, MountJournalFilterDropDown, "MountJournalFilterButton", 74, 15);
					</OnClick>
				</Scripts>
			</Button>
			<Frame name="$parentFilterDropDown" inherits="UIDropDownMenuTemplate">
				<Scripts>
					<OnLoad function="MountJournalFilterDropDown_OnLoad"/>
				</Scripts>
			</Frame>
			<Frame parentKey="MountCount" useParentLevel="true" inherits="InsetFrameTemplate3">
				<Size x="130" y="20"/>
				<Anchors>
					<Anchor point="TOPLEFT" x="70" y="-35"/>
				</Anchors>
				<Layers>
					<Layer level="ARTWORK">
						<FontString parentKey="Count" inherits="GameFontHighlightSmall" justifyH="RIGHT">
							<Anchors>
								<Anchor point="RIGHT" x="-10" y="0"/>
							</Anchors>
						</FontString>
						<FontString parentKey="Label" inherits="GameFontNormalSmall" text="TOTAL_MOUNTS" justifyH="LEFT">
							<Anchors>
								<Anchor point="LEFT" x="10" y="0"/>
								<Anchor point="RIGHT" relativeKey="$parent.Count" relativePoint="LEFT" x="-3" y="0"/>
							</Anchors>
						</FontString>
					</Layer>
				</Layers>
			</Frame>
			<Frame parentKey="MountDisplay">
				<Anchors>
					<Anchor point="TOPLEFT" relativeKey="$parent.RightInset" relativePoint="TOPLEFT" x="3" y="-3"/>
					<Anchor point="BOTTOMRIGHT" relativeKey="$parent.RightInset" relativePoint="BOTTOMRIGHT" x="-3" y="3"/>
				</Anchors>
				<Layers>
					<Layer level="BACKGROUND">
						<Texture parentKey="YesMountsTex" file="Interface\PetBattles\MountJournal-BG" setAllPoints="true">
							<TexCoords left="0" right="0.78515625" top="0" bottom="1"/>
						</Texture>
						<Texture parentKey="NoMountsTex" file="Interface\PetBattles\MountJournal-NoMounts" setAllPoints="true" hidden="true">
							<TexCoords left="0" right="0.78515625" top="0" bottom="1"/>
						</Texture>
					</Layer>
					<Layer level="OVERLAY">
						<FontString parentKey="NoMounts" inherits="GameFontHighlightLarge" justifyH="CENTER" text="ERR_NO_RIDING_SKILL">
							<Size x="280" y="80"/>
							<Anchors>
								<Anchor point="CENTER" x="0" y="0"/>
							</Anchors>
						</FontString>
					</Layer>
				</Layers>
				<Frames>
					<Frame parentKey="ShadowOverlay" inherits="ShadowOverlayTemplate" useParentLevel="true" setAllPoints="true"/>
					<Button parentKey="InfoButton" motionScriptsWhileDisabled="true" inherits="InlineHyperlinkFrameTemplate">
						<KeyValues>
							<KeyValue key="hasIconHyperlinks" value="true" type="boolean"/>
						</KeyValues>
						<Size x="208" y="46"/>
						<Anchors>
							<Anchor point="TOPLEFT" relativeKey="$parent" relativePoint="TOPLEFT" x="6" y="-6"/>
						</Anchors>
						<Layers>
							<Layer level="BORDER">
								<Texture name="$parentIcon" parentKey="Icon">
									<Size x="38" y="38"/>
									<Anchors>
										<Anchor point="LEFT" x="20" y="-20"/>
									</Anchors>
								</Texture>
							</Layer>
							<Layer level="OVERLAY">
								<FontString name="$parentName" inherits="GameFontHighlightLarge" justifyH="LEFT" justifyV="MIDDLE" parentKey="Name" maxLines="2">
									<Size x="270" y="35"/>
									<Anchors>
										<Anchor point="LEFT" relativePoint="RIGHT" relativeTo="$parentIcon" x="10" y="0"/>
									</Anchors>
								</FontString>
								<FontString name="$parentSource" inherits="GameFontHighlight" justifyH="LEFT" parentKey="Source">
									<Size x="345" y="0"/>
									<Anchors>
										<Anchor point="TOPLEFT" relativePoint="BOTTOMLEFT" relativeTo="$parentIcon" x="0" y="-6"/>
									</Anchors>
								</FontString>
								<FontString name="$parentLore" inherits="GameFontNormal" justifyH="LEFT" parentKey="Lore">
									<Size x="345" y="0"/>
									<Anchors>
										<Anchor point="TOPLEFT" relativePoint="BOTTOMLEFT" relativeKey="$parent.Source"/>
									</Anchors>
								</FontString>
							</Layer>
							<Layer level="OVERLAY" textureSubLevel="2">
								<FontString parentKey="New" inherits="GameFontHighlight" wordwrap="false" justifyH="CENTER" text="NEW_CAPS" hidden="true">
									<Anchors>
										<Anchor point="LEFT" relativeKey="$parent.Name" relativePoint="RIGHT" x="8" y="0"/>
									</Anchors>
									<Shadow>
										<Color r="0.32" g="0.5" b="1.0"/>
									</Shadow>
								</FontString>

								<Texture parentKey="NewGlow" atlas="collections-newglow" hidden="true">
									<Anchors>
										<Anchor point="TOPLEFT" relativeKey="$parent.New" x="-20" y="10"/>
										<Anchor point="BOTTOMRIGHT" relativeKey="$parent.New" x="20" y="-10"/>
									</Anchors>
								</Texture>
							</Layer>
						</Layers>
					</Button>
					<ModelScene parentKey="ModelScene" useParentLevel="true" inherits="WrappedAndUnwrappedModelScene">
						<Anchors>
							<Anchor point="TOPLEFT"/>
							<Anchor point="BOTTOMRIGHT"/>
						</Anchors>
						<Frames>
							<Button parentKey="RotateLeftButton" inherits="RotateOrbitCameraLeftButtonTemplate" />
							<Button parentKey="RotateRightButton" inherits="RotateOrbitCameraRightButtonTemplate" />
						</Frames>
						<Scripts>
							<OnMouseUp inherit="append">
								if MountJournal.selectedMountID and C_MountJournal.NeedsFanfare(MountJournal.selectedMountID) then
									MountJournalMountButton_UseMount(MountJournal.selectedMountID);
								end
							</OnMouseUp>
						</Scripts>
					</ModelScene>
				</Frames>
			</Frame>
			<!--Name needed for HybridScrollFrameTemplate-->
			<ScrollFrame name="$parentListScrollFrame" parentKey="ListScrollFrame" inherits="HybridScrollFrameTemplate">
				<Anchors>
					<Anchor point="TOPLEFT" relativeKey="$parent.LeftInset" x="3" y="-36"/>
					<Anchor point="BOTTOMRIGHT" relativeKey="$parent.LeftInset" x="-2" y="3"/>
				</Anchors>
				<Frames>
					<Slider name="$parentScrollBar" inherits="HybridScrollBarTrimTemplate" parentKey="scrollBar">
						<Anchors>
							<Anchor point="TOPLEFT" relativePoint="TOPRIGHT" x="4" y="20"/>
							<Anchor point="BOTTOMLEFT" relativePoint="BOTTOMRIGHT" x="4" y="11"/>
						</Anchors>
						<Scripts>
							<OnLoad>
								self.trackBG:Show();
								self.trackBG:SetVertexColor(0, 0, 0, 0.75);
							</OnLoad>
						</Scripts>
					</Slider>
				</Frames>
			</ScrollFrame>
			<Button parentKey="MountButton" name="$parentMountButton" motionScriptsWhileDisabled="true" inherits="MagicButtonTemplate" text="MOUNT">
				<Size x="140" y="22"/>
				<Anchors>
					<Anchor point="BOTTOMLEFT"/>
				</Anchors>
				<Scripts>
					<OnClick function="MountJournalMountButton_OnClick"/>
					<OnEnter function="MountJournalMountButton_OnEnter"/>
					<OnLeave function="GameTooltip_Hide"/>
				</Scripts>
			</Button>
			<Frame name="$parentMountOptionsMenu" inherits="UIDropDownMenuTemplate" enableMouse="true" parentKey="mountOptionsMenu"/>
		</Frames>
		<Scripts>
			<OnLoad function="MountJournal_OnLoad"/>
			<OnEvent function="MountJournal_OnEvent"/>
			<OnShow function="MountJournal_OnShow"/>
			<OnHide function="MountJournal_OnHide"/>
		</Scripts>
	</Frame>
</Ui>
