<Ui xmlns="http://www.blizzard.com/wow/ui/" xmlns:xsi="http://www.w3.org/2001/XMLSchema-instance" xsi:schemaLocation="http://www.blizzard.com/wow/ui/
..\FrameXML\UI.xsd">
	<Script file="Blizzard_Wardrobe.lua"/>
	
	<DressUpModel name="WardrobeItemsModelTemplate" mixin="WardrobeItemsModelMixin" virtual="true">
		<Size x="78" y="104"/>
		<Layers>
			<Layer level="BACKGROUND">
				<Texture setAllPoints="true">
					<Color r="0" g="0" b="0"/>
				</Texture>
			</Layer>
			<Layer level="OVERLAY" textureSubLevel="-1">
				<Texture parentKey="Border" atlas="transmog-wardrobe-border-collected" useAtlasSize="true">
					<Anchors>
						<Anchor point="CENTER" x="0" y="-3"/>
					</Anchors>
				</Texture>
			</Layer>
			<Layer level="OVERLAY">
				<Texture parentKey="TransmogStateTexture" atlas="transmog-wardrobe-border-selected" useAtlasSize="true" alphaMode="ADD" hidden="true">
					<Anchors>
						<Anchor point="CENTER"/>
					</Anchors>
				</Texture>
			</Layer>
			<Layer level="OVERLAY" textureSubLevel="1">
				<FontString parentKey="NewString" inherits="GameFontHighlight" maxLines="1" justifyH="CENTER" text="NEW_CAPS" hidden="true">
					<Shadow>
						<Color r="0.32" g="0.5" b="1.0"/>
					</Shadow>
					<Anchors>
						<Anchor point="TOP" x="0" y="8"/>
					</Anchors>
				</FontString>
				<Texture parentKey="NewGlow" atlas="collections-newglow" hidden="true">
					<Anchors>
						<Anchor point="TOPLEFT" relativeKey="$parent.NewString" x="-20" y="10"/>
						<Anchor point="BOTTOMRIGHT" relativeKey="$parent.NewString" x="20" y="-10"/>
					</Anchors>
				</Texture>
			</Layer>
			<Layer level="HIGHLIGHT">
				<Texture atlas="transmog-wardrobe-border-highlighted" alphaMode="ADD" useAtlasSize="true">
					<Anchors>
						<Anchor point="CENTER" x="0" y="0"/>
					</Anchors>
				</Texture>			
			</Layer>
		</Layers>
		<Frames>
			<Frame parentKey="Favorite" setAllPoints="true">
				<Layers>
					<Layer level="ARTWORK">
						<Texture parentKey="Icon" atlas="collections-icon-favorites" useAtlasSize="true" hidden="true">
							<Anchors>
								<Anchor point="TOPLEFT" x="-12" y="13" relativePoint="TOPLEFT"/>
							</Anchors>
						</Texture>
					</Layer>
				</Layers>
			</Frame>
			<Frame parentKey="HideVisual" setAllPoints="true">
				<Layers>
					<Layer level="ARTWORK">
						<Texture parentKey="Icon" atlas="transmog-icon-hidden" useAtlasSize="true" hidden="true">
							<Anchors>
								<Anchor point="TOPLEFT" x="-12" y="13" relativePoint="TOPLEFT"/>
							</Anchors>
						</Texture>
					</Layer>
				</Layers>
			</Frame>
		</Frames>
		<Scripts>
			<OnLoad method="OnLoad"/>
			<OnModelLoaded method="OnModelLoaded"/>
			<OnMouseDown method="OnMouseDown"/>
			<OnEnter method="OnEnter"/>
			<OnLeave method="OnLeave"/>
			<OnShow method="OnShow"/>
		</Scripts>
	</DressUpModel>

	<DressUpModel name="WardrobeSetsTransmogModelTemplate" mixin="WardrobeSetsTransmogModelMixin" virtual="true">
		<Size x="129" y="186"/>
		<Layers>
			<Layer level="BACKGROUND">
				<Texture setAllPoints="true">
					<Color r="0" g="0" b="0"/>
				</Texture>
			</Layer>
			<Layer level="OVERLAY" textureSubLevel="-1">
				<Texture parentKey="Border" atlas="transmog-set-border-collected" useAtlasSize="true">
					<Anchors>
						<Anchor point="CENTER" x="0" y="-6"/>
					</Anchors>
				</Texture>
			</Layer>
			<Layer level="OVERLAY">
				<Texture parentKey="TransmogStateTexture" atlas="transmog-set-border-selected" useAtlasSize="true" alphaMode="ADD" hidden="true">
					<Anchors>
						<Anchor point="CENTER"/>
					</Anchors>
				</Texture>
			</Layer>
			<Layer level="HIGHLIGHT">
				<Texture atlas="transmog-set-border-highlighted" alphaMode="ADD" useAtlasSize="true">
					<Anchors>
						<Anchor point="CENTER" x="0" y="0"/>
					</Anchors>
				</Texture>
			</Layer>
		</Layers>
		<Frames>
			<Frame parentKey="Favorite" setAllPoints="true">
				<Layers>
					<Layer level="ARTWORK">
						<Texture parentKey="Icon" atlas="collections-icon-favorites" useAtlasSize="true" hidden="true">
							<Anchors>
								<Anchor point="TOPLEFT" x="-12" y="13" relativePoint="TOPLEFT"/>
							</Anchors>
						</Texture>
					</Layer>
				</Layers>
			</Frame>
		</Frames>
		<Scripts>
			<OnLoad method="OnLoad"/>
			<OnEvent method="OnEvent"/>
			<OnEnter method="OnEnter"/>
			<OnLeave method="OnLeave"/>
			<OnHide method="OnHide"/>
			<OnMouseDown method="OnMouseDown"/>
			<OnModelLoaded method="OnModelLoaded"/>
		</Scripts>
	</DressUpModel>

	<Button name="WardrobeSlotButtonTemplate" parentArray="Buttons" virtual="true">
		<KeyValues>
			<KeyValue key="transmogType" value="LE_TRANSMOG_TYPE_APPEARANCE" type="global"/>
		</KeyValues>
		<Size x="31" y="31"/>
		<NormalTexture parentKey="NormalTexture">
			<Anchors>
				<Anchor point="CENTER"/>
			</Anchors>
		</NormalTexture>
		<HighlightTexture parentKey="Highlight" atlas="bags-roundhighlight" alphaMode="ADD" hidden="true">
			<Size x="31" y="31"/>
			<Anchors>
				<Anchor point="CENTER" x="0" y="1"/>
			</Anchors>
		</HighlightTexture>
		<Layers>
			<Layer level="OVERLAY">
				<Texture parentKey="SelectedTexture" atlas="transmog-nav-slot-selected" useAtlasSize="true" hidden="true">
					<Anchors>
						<Anchor point="CENTER"/>
					</Anchors>
				</Texture>
			</Layer>
		</Layers>
		<Scripts>
			<OnClick>
				PlaySound(SOUNDKIT.UI_TRANSMOG_GEAR_SLOT_CLICK);
				WardrobeCollectionFrame.ItemsCollectionFrame:SetActiveSlot(self.slot, self.transmogType);
			</OnClick>
			<OnEnter>
				GameTooltip:SetOwner(self, "ANCHOR_RIGHT");
				GameTooltip:SetText(_G[self.slot]);
			</OnEnter>
			<OnLeave function="GameTooltip_Hide"/>
		</Scripts>
	</Button>
	<Button name="WardrobeEnchantButtonTemplate" parentArray="Buttons" frameLevel="10" virtual="true">
		<KeyValues>
			<KeyValue key="transmogType" value="LE_TRANSMOG_TYPE_ILLUSION" type="global"/>
		</KeyValues>
		<Size x="25" y="25"/>
		<NormalTexture parentKey="NormalTexture" atlas="transmog-nav-slot-enchant" useAtlasSize="true">
			<Anchors>
				<Anchor point="CENTER"/>
			</Anchors>
		</NormalTexture>
		<HighlightTexture parentKey="Highlight" atlas="bags-roundhighlight" alphaMode="ADD" hidden="true">
			<Size x="21" y="21"/>
			<Anchors>
				<Anchor point="CENTER" x="0" y="2"/>
			</Anchors>
		</HighlightTexture>
		<Layers>
			<Layer level="OVERLAY">
				<Texture parentKey="SelectedTexture" atlas="transmog-nav-slot-selected-small" useAtlasSize="true" hidden="true">
					<Anchors>
						<Anchor point="CENTER"/>
					</Anchors>
				</Texture>
			</Layer>
		</Layers>
		<Scripts>
			<OnClick>
				PlaySound(SOUNDKIT.UI_TRANSMOG_GEAR_SLOT_CLICK);
				WardrobeCollectionFrame.ItemsCollectionFrame:SetActiveSlot(self.slot, self.transmogType);
			</OnClick>
			<OnEnter>
				GameTooltip:SetOwner(self, "ANCHOR_RIGHT");
				GameTooltip:SetText(WEAPON_ENCHANTMENT);
			</OnEnter>
			<OnLeave function="GameTooltip_Hide"/>
		</Scripts>
	</Button>

	<Frame name="WardrobeSetsScrollFrameButtonTemplate" virtual="true">
		<Size x="208" y="46"/>
		<Layers>
			<Layer level="BACKGROUND">
				<Texture atlas="PetList-ButtonBackground" parentKey="Background"/>
			</Layer>
			<Layer level="ARTWORK">
				<Texture parentKey="Icon">
					<Size x="38" y="38"/>
					<Anchors>
						<Anchor point="LEFT" x="-42" y="0"/>
					</Anchors>
				</Texture>
				<FontString parentKey="Name" inherits="GameFontNormal" justifyH="LEFT" maxLines="2">
					<Size x="190" y="0"/>
					<Anchors>
						<Anchor point="LEFT" x="6" y="6"/>
					</Anchors>
				</FontString>
				<FontString parentKey="Label" inherits="GameFontDisableSmallLeft" justifyH="LEFT" maxLines="1">
					<Size x="190" y="0"/>
					<Anchors>
						<Anchor point="TOPLEFT" relativeKey="$parent.Name" relativePoint="BOTTOMLEFT" x="0" y="-2"/>
					</Anchors>
					<Color r="0.329" g="0.329" b="0.329"/>
				</FontString>
				<Texture parentKey="ProgressBar">
					<Size x="204" y="2"/>
					<Anchors>
						<Anchor point="TOPLEFT" relativeKey="$parent.Background" relativePoint="BOTTOMLEFT" x="2" y="4"/>
					</Anchors>
					<Color r="0.0118" g="0.247" b="0.00392" a="1"/>
				</Texture>
			</Layer>
			<Layer level="OVERLAY" textureSubLevel="-1">
				<Texture parentKey="IconCover">
					<Size x="38" y="38"/>
					<Anchors>
						<Anchor point="LEFT" x="-42" y="0"/>
					</Anchors>
					<Color r="0" g="0" b="0" a="0.7"/>
				</Texture>
			</Layer>
			<Layer level="OVERLAY">
				<Texture parentKey="SelectedTexture" atlas="PetList-ButtonSelect" hidden="true"/>
				<Texture parentKey="Favorite" atlas="PetJournal-FavoritesIcon" useAtlasSize="true">
					<Anchors>
						<Anchor point="TOPLEFT" relativeKey="$parent.Icon" x="-8" y="8"/>
					</Anchors>
				</Texture>
				<Texture parentKey="New" atlas="GarrMission-AbilityHighlight" alphaMode="ADD" hidden="true">
					<Size x="56" y="56"/>
					<Anchors>
						<Anchor point="CENTER" relativeKey="$parent.Icon"/>
					</Anchors>
				</Texture>
			</Layer>
			<Layer level="HIGHLIGHT">
				<Texture parentKey="HighlightTexture" atlas="PetList-ButtonHighlight" setAllPoints="true"/>
			</Layer>
		</Layers>
		<Scripts>
			<OnMouseUp>
				if ( button == "LeftButton" ) then
					PlaySound(SOUNDKIT.IG_MAINMENU_OPTION_CHECKBOX_ON);
					self:GetParent():GetParent():GetParent():SelectSetFromButton(self.setID);
				elseif ( button == "RightButton" ) then
					local dropDown = self:GetParent():GetParent().FavoriteDropDown;
					dropDown.baseSetID = self.setID;
					ToggleDropDownMenu(1, nil, dropDown, self, 0, 0);
					PlaySound(SOUNDKIT.IG_MAINMENU_OPTION_CHECKBOX_ON);
				end
			</OnMouseUp>
		</Scripts>
	</Frame>

	<Frame name="WardrobeSetsDetailsItemFrameTemplate" mixin="WardrobeSetsDetailsItemMixin" virtual="true">
		<Size x="32" y="32"/>
		<Layers>
			<Layer level="BORDER">
				<Texture parentKey="Icon">
					<Size x="28" y="28"/>
					<Anchors>
						<Anchor point="CENTER"/>
					</Anchors>
				</Texture>
			</Layer>
			<Layer level="OVERLAY">
				<Texture parentKey="IconBorder" atlas="loottab-set-itemborder-green" useAtlasSize="true">
					<Anchors>
						<Anchor point="RIGHT" relativeKey="$parent.Icon" relativePoint="CENTER" x="20" y="1"/>
					</Anchors>
				</Texture>
				<Texture parentKey="New" atlas="GarrMission-AbilityHighlight" alphaMode="ADD" hidden="true">
					<Size x="48" y="48"/>
					<Anchors>
						<Anchor point="CENTER"/>
					</Anchors>
					<Animations>
						<AnimationGroup parentKey="Anim" looping="repeat">
							<Alpha duration="1" order="1" fromAlpha="0.8" toAlpha="1"/>
							<Alpha duration="1" order="2" fromAlpha="1" toAlpha="0.8"/>
						</AnimationGroup>
					</Animations>
				</Texture>
			</Layer>
		</Layers>
		<Scripts>
			<OnEnter method="OnEnter"/>
			<OnLeave method="OnLeave"/>
			<OnMouseDown method="OnMouseDown"/>
		</Scripts>
	</Frame>

	<Frame name="WardrobeCollectionFrame" parent="CollectionsJournal" setAllPoints="true" hidden="true">
		<Frames>
			<Button name="$parentTab1" parentKey="ItemsTab" inherits="TabButtonTemplate" text="WARDROBE_ITEMS" id="1" frameLevel="4" parentArray="Tabs">
				<KeyValues>
					<KeyValue key="minWidth" value="57" type="number"/>
				</KeyValues>
				<Anchors>
					<Anchor point="TOPLEFT" x="58" y="-28"/>
				</Anchors>
				<Scripts>
					<OnClick function="WardrobeCollectionFrame_ClickTab"/>
				</Scripts>
			</Button>
			<Button name="$parentTab2" parentKey="SetsTab" inherits="TabButtonTemplate" text="WARDROBE_SETS" id="2" frameLevel="4" parentArray="Tabs">
				<KeyValues>
					<KeyValue key="minWidth" value="57" type="number"/>
				</KeyValues>
				<Anchors>
					<Anchor point="LEFT" relativeTo="$parentTab1" relativePoint="RIGHT" x="0" y="0"/>
				</Anchors>
				<Frames>
					<Frame parentKey="FlashFrame" hidden="true">
						<Anchors>
							<Anchor point="TOPLEFT" relativeKey="$parent.SetsTab" relativePoint="TOPLEFT" x="0" y="-10"/>
							<Anchor point="BOTTOMRIGHT" relativeKey="$parent.SetsTab" relativePoint="BOTTOMRIGHT" x="0" y="-5"/>
						</Anchors>
						<Layers>
							<Layer level="ARTWORK">
								<Texture file="Interface\PaperDollInfoFrame\UI-Character-Tab-Highlight-yellow" setAllPoints="true" alphaMode="ADD"/>
							</Layer>
						</Layers>
						<Scripts>
							<OnUpdate>
								if ( self:IsMouseOver() ) then
									self:SetAlpha(0);
								else
									self:SetAlpha(abs(mod(GetTime(), 2) - 1));
								end
							</OnUpdate>
						</Scripts>
					</Frame>
				</Frames>
				<Scripts>
					<OnClick function="WardrobeCollectionFrame_ClickTab"/>
				</Scripts>
			</Button>
			<Frame parentKey="SetsTabHelpBox" inherits="GlowBoxTemplate" hidden="true" frameLevel="6">
				<Size x="230" y="65"/>
				<Anchors>
					<Anchor point="TOP" relativePoint="BOTTOM" relativeTo="$parentTab2" x="0" y="-20"/>
				</Anchors>
				<Layers>
					<Layer level="ARTWORK">
						<FontString parentKey="BigText" inherits="GameFontHighlight" justifyH="LEFT">
							<Size x="186" y="0"/>
							<Anchors>
								<Anchor point="TOP" x="-10" y="-12"/>
							</Anchors>
						</FontString>
						<Texture parentKey="ArrowUp" inherits="HelpPlateArrowUP">
							<Size x="53" y="21"/>
							<Anchors>
								<Anchor point="BOTTOM" relativePoint="TOP" x="0" y="-3"/>
							</Anchors>
						</Texture>
					</Layer>
					<Layer level="BORDER">
						<Texture parentKey="ArrowGlowUp" inherits="HelpPlateArrow-GlowUP" alphaMode="ADD" alpha="0.5">
							<Size x="53" y="21"/>
							<Anchors>
								<Anchor point="BOTTOM" relativePoint="TOP" x="0" y="-3"/>
							</Anchors>
						</Texture>
					</Layer>
				</Layers>
				<Frames>
					<Button parentKey="CloseButton" inherits="UIPanelCloseButton">
						<Anchors>
							<Anchor point="TOPRIGHT" x="6" y="6"/>
						</Anchors>
						<Scripts>
							<OnClick>
								self:GetParent():Hide();
								if (WardrobeFrame_IsAtTransmogrifier()) then
									SetCVarBitfield("closedInfoFrames", LE_FRAME_TUTORIAL_TRANSMOG_SETS_VENDOR_TAB, true);
								else
									SetCVarBitfield("closedInfoFrames", LE_FRAME_TUTORIAL_TRANSMOG_SETS_TAB, true);
								end
							</OnClick>
						</Scripts>
					</Button>
				</Frames>
			</Frame>
			<EditBox name="$parentSearchBox" parentKey="searchBox" inherits="SearchBoxTemplate" letters="40">
				<Size x="115" y="20"/>
				<Anchors>
					<Anchor point="TOPRIGHT" x="-107" y="-35"/>
				</Anchors>
				<Scripts>
					<OnLoad function="WardrobeCollectionFrameSearchBox_OnLoad"/>
					<OnHide function="WardrobeCollectionFrameSearchBox_OnHide"/>
					<OnKeyDown function="WardrobeCollectionFrameSearchBox_OnKeyDown"/>
					<OnTextChanged function="WardrobeCollectionFrameSearchBox_OnTextChanged"/>
					<OnEnter>
						if ( not self:IsEnabled() ) then
							GameTooltip:ClearAllPoints();
							GameTooltip:SetPoint("BOTTOM", self, "TOP", 0, 0);
							GameTooltip:SetOwner(self, "ANCHOR_PRESERVE");
							GameTooltip:SetText(WARDROBE_NO_SEARCH);
						end
					</OnEnter>
					<OnLeave function="GameTooltip_Hide"/>
				</Scripts>
			</EditBox>
			<Frame parentKey="searchProgressFrame" hidden="true">
				<Size x="0" y="24"/>
				<Anchors>
					<Anchor point="TOPLEFT" relativeKey="$parent.searchBox" relativePoint="BOTTOMLEFT" x="-7"/>
					<Anchor point="TOPRIGHT" relativeKey="$parent.searchBox" relativePoint="BOTTOMRIGHT" x="3"/>
				</Anchors>
				<Layers>
					<Layer level="BACKGROUND">
						<Texture parentKey="background" atlas="_search-rowbg">
							<Anchors>
								<Anchor point="TOPLEFT"/>
								<Anchor point="BOTTOMRIGHT"/>
							</Anchors>
						</Texture>
					</Layer>
					<Layer level="ARTWORK">
						<Texture parentKey="botLeftCorner" inherits="UI-Frame-BotCornerLeft">
							<Anchors>
								<Anchor point="LEFT" x="-7" y="0"/>
								<Anchor point="BOTTOM" x="0" y="-5"/>
							</Anchors>
						</Texture>
						<Texture parentKey="botRightCorner" inherits="UI-Frame-BotCornerRight">
							<Anchors>
								<Anchor point="BOTTOM" x="0" y="-5"/>
								<Anchor point="RIGHT" x="4" y="0"/>
							</Anchors>
						</Texture>
						<Texture parentKey="bottomBorder" inherits="_UI-Frame-Bot">
							<Anchors>
								<Anchor point="BOTTOMLEFT" relativeKey="$parent.botLeftCorner" relativePoint="BOTTOMRIGHT" y="0"/>
								<Anchor point="BOTTOMRIGHT" relativeKey="$parent.botRightCorner" relativePoint="BOTTOMLEFT" y="0"/>
							</Anchors>
						</Texture>
						<Texture parentKey="leftBorder" inherits="!UI-Frame-LeftTile">
							<Anchors>
								<Anchor point="TOP" x="0" y="1" />
								<Anchor point="BOTTOMLEFT" relativeKey="$parent.botLeftCorner" relativePoint="TOPLEFT"/>
							</Anchors>
						</Texture>
						<Texture parentKey="rightBorder" inherits="!UI-Frame-RightTile">
							<Anchors>
								<Anchor point="TOP" x="0" y="1" />
								<Anchor point="BOTTOMRIGHT" relativeKey="$parent.botRightCorner" relativePoint="TOPRIGHT" x="1" y="0"/>
							</Anchors>
						</Texture>
						<Texture parentKey="topBorder" inherits="_UI-Frame-Bot">
							<Anchors>
								<Anchor point="TOPLEFT" relativePoint="TOPLEFT" x="-2" y="3"/>
								<Anchor point="BOTTOMRIGHT" relativePoint="TOPRIGHT" x="2" y="-3"/>
							</Anchors>
						</Texture>
					</Layer>
				</Layers>
				<Frames>
					<Frame parentKey="loading">
						<Anchors>
							<Anchor point="TOPLEFT" relativePoint="TOPLEFT"/>
							<Anchor point="BOTTOMRIGHT" relativePoint="BOTTOMRIGHT"/>
						</Anchors>
						<Layers>
							<Layer level="OVERLAY">
								<FontString name="$parentText" inherits="GameFontHighlight" justifyH="CENTER" parentKey="text" text="SEARCH_LOADING_TEXT" hidden="false">
									<Size x="0" y="0"/>
									<Anchors>
										<Anchor point="CENTER" x="14" y="1"/>
									</Anchors>
								</FontString>
							</Layer>
						</Layers>
						<Frames>
							<Frame parentKey="spinner" inherits="LoadingSpinnerTemplate" hidden="false">
								<Size x="38" y="38"/>
								<Anchors>
									<Anchor point="RIGHT" relativeKey="$parent.text" relativePoint="LEFT" x="4"/>
								</Anchors>
								<Scripts>
									<OnLoad>
										self.Anim:Play();
									</OnLoad>
								</Scripts>
							</Frame>
						</Frames>
					</Frame>
					<StatusBar parentKey="searchProgressBar" hidden="false">
						<Anchors>
							<Anchor point="TOPLEFT" relativePoint="TOPLEFT" x="4" y="-4"/>
							<Anchor point="BOTTOMRIGHT" relativePoint="BOTTOMRIGHT" x="-4" y="6"/>
						</Anchors>
						<Layers>
							<Layer level="BACKGROUND">
								<Texture parentKey="barBackground">
									<Anchors>
										<Anchor point="TOPLEFT"/>
										<Anchor point="BOTTOMRIGHT"/>
									</Anchors>
									<Color r="0" g="0" b="0" a=".4"/>
								</Texture>
							</Layer>
							<Layer level="OVERLAY">
								<FontString parentKey="text" inherits="GameFontHighlightSmall" text="SEARCH_PROGRESS_BAR_TEXT" justifyV="TOP">
									<Size x="0" y="0"/>
									<Anchors>
										<Anchor point="CENTER" x="0" y="0"/>
									</Anchors>
								</FontString>
							</Layer>
							<Layer level="ARTWORK">
								<Texture parentKey="barBorderLeft" file="Interface\AchievementFrame\UI-Achievement-ProgressBar-Border">
									<Size x="16" y="0"/>
									<Anchors>
										<Anchor point="TOPLEFT" x="-6" y="5"/>
										<Anchor point="BOTTOMLEFT" x="-6" y="-5"/>
									</Anchors>
									<TexCoords left="0" right="0.0625" top="0" bottom="0.75"/>
								</Texture>
								<Texture parentKey="barBorderRight" file="Interface\AchievementFrame\UI-Achievement-ProgressBar-Border">
									<Size x="16" y="0"/>
									<Anchors>
										<Anchor point="TOPRIGHT" x="6" y="5"/>
										<Anchor point="BOTTOMRIGHT" x="6" y="-5"/>
									</Anchors>
									<TexCoords left="0.812" right="0.8745" top="0" bottom="0.75"/>
								</Texture>
								<Texture parentKey="barBorderCenter" file="Interface\AchievementFrame\UI-Achievement-ProgressBar-Border">
									<Size x="16"/>
									<Anchors>
										<Anchor point="TOPLEFT" relativeKey="$parent.barBorderLeft" relativePoint="TOPRIGHT"/>
										<Anchor point="BOTTOMRIGHT" relativeKey="$parent.barBorderRight" relativePoint="BOTTOMLEFT"/>
									</Anchors>
									<TexCoords left="0.0625" right="0.812" top="0" bottom="0.75"/>
								</Texture>
							</Layer>
						</Layers>
						<Scripts>
							<OnLoad function="WardrobeCollectionFrameSearchProgressBar_OnLoad"/>
							<OnHide function="WardrobeCollectionFrameSearchProgressBar_OnHide"/>
						</Scripts>
						<BarTexture file="Interface\TargetingFrame\UI-StatusBar"/>
					</StatusBar>
				</Frames>
				<Scripts>
					<OnLoad>
						self:SetFrameLevel(self:GetParent():GetFrameLevel() + 15);
					</OnLoad>
				</Scripts>
			</Frame>
			<StatusBar parentKey="progressBar" inherits="CollectionsProgressBarTemplate">
				<Anchors>
					<Anchor point="TOPLEFT" relativeKey="$parent.ItemsTab" relativePoint="TOPLEFT" x="195" y="-11"/>
				</Anchors>
			</StatusBar>
			<Button parentKey="FilterButton" inherits="UIMenuButtonStretchTemplate" text="FILTER">
				<Size x="93" y="22"/>
				<Anchors>
					<Anchor point="LEFT" relativeKey="$parent.searchBox" relativePoint="RIGHT" x="2" y="-1"/>
				</Anchors>
				<Layers>
					<Layer level="ARTWORK">
						<Texture parentKey="Icon" file="Interface\ChatFrame\ChatFrameExpandArrow">
							<Size x="10" y="12"/>
							<Anchors>
								<Anchor point="RIGHT" relativeKey="$parent.Right" relativePoint="RIGHT" x="-5"/>
							</Anchors>
						</Texture>
					</Layer>
				</Layers>
				<Scripts>
					<OnClick>
						PlaySound(SOUNDKIT.IG_MAINMENU_OPTION_CHECKBOX_ON);
						ToggleDropDownMenu(1, nil, WardrobeFilterDropDown, self, 74, 15);
					</OnClick>
					<OnEnable>
						self.Icon:SetDesaturated(false);
					</OnEnable>
					<OnDisable>
						self.Icon:SetDesaturated(true);
					</OnDisable>
				</Scripts>
			</Button>
			<Frame name="WardrobeFilterDropDown" parentKey="FilterDropDown" inherits="UIDropDownMenuTemplate">
				<Scripts>
					<OnLoad function="WardrobeFilterDropDown_OnLoad"/>
				</Scripts>
			</Frame>

			<Frame parentKey="ItemsCollectionFrame" parentArray="ContentFrames" mixin="WardrobeItemsCollectionMixin" inherits="CollectionsBackgroundTemplate">
				<KeyValues>
					<KeyValue key="searchType" value="LE_TRANSMOG_SEARCH_TYPE_ITEMS" type="global"/>
				</KeyValues>
				<Layers>
					<Layer level="ARTWORK">
						<FontString parentKey="NoValidItemsLabel" inherits="GameFontNormalMed2" text="TRANSMOG_NO_VALID_ITEMS_EQUIPPED">
							<Anchors>
								<Anchor point="CENTER" y="15"/>
							</Anchors>
							<Color r="0.804" g="0.725" b="0.616"/>
						</FontString>
					</Layer>
				</Layers>
				<Frames>
					<Frame parentKey="PagingFrame" inherits="CollectionsPagingFrameTemplate">
						<Anchors>
							<Anchor point="BOTTOM" x="22" y="38"/>
						</Anchors>
					</Frame>
					<Frame name="WardrobeModelRightClickDropDown" parentKey="RightClickDropDown" inherits="UIDropDownMenuTemplate" hidden="true"/>
					<Frame parentKey="WeaponDropDown" name="$parentWeaponDropDown" inherits="UIDropDownMenuTemplate" enableMouse="true" hidden="true">
						<Size x="87" y="22"/>
						<Anchors>
							<Anchor point="TOPRIGHT" x="-6" y="-22"/>
						</Anchors>
						<Scripts>
							<OnLoad function="WardrobeCollectionFrameWeaponDropDown_OnLoad"/>
						</Scripts>
					</Frame>
					<Frame parentKey="SlotsFrame">
						<Size x="10" y="10"/>
						<Anchors>
							<Anchor point="TOPLEFT" x="18" y="-20"/>
						</Anchors>
					</Frame>
					<DressUpModel parentArray="Models" parentKey="ModelR1C1" inherits="WardrobeItemsModelTemplate">
						<Anchors>
							<Anchor point="TOP" x="-238" y="-85"/>
						</Anchors>
					</DressUpModel>
					<DressUpModel parentArray="Models" parentKey="ModelR1C2" inherits="WardrobeItemsModelTemplate">
						<Anchors>
							<Anchor point="TOPLEFT" relativeKey="$parent.ModelR1C1" relativePoint="TOPRIGHT" x="16" y="0"/>
						</Anchors>
					</DressUpModel>
					<DressUpModel parentArray="Models" parentKey="ModelR1C3" inherits="WardrobeItemsModelTemplate">
						<Anchors>
							<Anchor point="TOPLEFT" relativeKey="$parent.ModelR1C2" relativePoint="TOPRIGHT" x="16" y="0"/>
						</Anchors>
					</DressUpModel>
					<DressUpModel parentArray="Models" parentKey="ModelR1C4" inherits="WardrobeItemsModelTemplate">
						<Anchors>
							<Anchor point="TOPLEFT" relativeKey="$parent.ModelR1C3" relativePoint="TOPRIGHT" x="16" y="0"/>
						</Anchors>
					</DressUpModel>
					<DressUpModel parentArray="Models" parentKey="ModelR1C5" inherits="WardrobeItemsModelTemplate">
						<Anchors>
							<Anchor point="TOPLEFT" relativeKey="$parent.ModelR1C4" relativePoint="TOPRIGHT" x="16" y="0"/>
						</Anchors>
					</DressUpModel>
					<DressUpModel parentArray="Models" parentKey="ModelR1C6" inherits="WardrobeItemsModelTemplate">
						<Anchors>
							<Anchor point="TOPLEFT" relativeKey="$parent.ModelR1C5" relativePoint="TOPRIGHT" x="16" y="0"/>
						</Anchors>
					</DressUpModel>
					<DressUpModel parentArray="Models" parentKey="ModelR2C1" inherits="WardrobeItemsModelTemplate">
						<Anchors>
							<Anchor point="TOPLEFT" relativeKey="$parent.ModelR1C1" relativePoint="BOTTOMLEFT" x="0" y="-24"/>
						</Anchors>
					</DressUpModel>
					<DressUpModel parentArray="Models" parentKey="ModelR2C2" inherits="WardrobeItemsModelTemplate">
						<Anchors>
							<Anchor point="TOPLEFT" relativeKey="$parent.ModelR2C1" relativePoint="TOPRIGHT" x="16" y="0"/>
						</Anchors>
					</DressUpModel>
					<DressUpModel parentArray="Models" parentKey="ModelR2C3" inherits="WardrobeItemsModelTemplate">
						<Anchors>
							<Anchor point="TOPLEFT" relativeKey="$parent.ModelR2C2" relativePoint="TOPRIGHT" x="16" y="0"/>
						</Anchors>
					</DressUpModel>
					<DressUpModel parentArray="Models" parentKey="ModelR2C4" inherits="WardrobeItemsModelTemplate">
						<Anchors>
							<Anchor point="TOPLEFT" relativeKey="$parent.ModelR2C3" relativePoint="TOPRIGHT" x="16" y="0"/>
						</Anchors>
					</DressUpModel>
					<DressUpModel parentArray="Models" parentKey="ModelR2C5" inherits="WardrobeItemsModelTemplate">
						<Anchors>
							<Anchor point="TOPLEFT" relativeKey="$parent.ModelR2C4" relativePoint="TOPRIGHT" x="16" y="0"/>
						</Anchors>
					</DressUpModel>
					<DressUpModel parentArray="Models" parentKey="ModelR2C6" inherits="WardrobeItemsModelTemplate">
						<Anchors>
							<Anchor point="TOPLEFT" relativeKey="$parent.ModelR2C5" relativePoint="TOPRIGHT" x="16" y="0"/>
						</Anchors>
					</DressUpModel>
					<DressUpModel parentArray="Models" parentKey="ModelR3C1" inherits="WardrobeItemsModelTemplate">
						<Anchors>
							<Anchor point="TOPLEFT" relativeKey="$parent.ModelR2C1" relativePoint="BOTTOMLEFT" x="0" y="-24"/>
						</Anchors>
					</DressUpModel>
					<DressUpModel parentArray="Models" parentKey="ModelR3C2" inherits="WardrobeItemsModelTemplate">
						<Anchors>
							<Anchor point="TOPLEFT" relativeKey="$parent.ModelR3C1" relativePoint="TOPRIGHT" x="16" y="0"/>
						</Anchors>
					</DressUpModel>
					<DressUpModel parentArray="Models" parentKey="ModelR3C3" inherits="WardrobeItemsModelTemplate">
						<Anchors>
							<Anchor point="TOPLEFT" relativeKey="$parent.ModelR3C2" relativePoint="TOPRIGHT" x="16" y="0"/>
						</Anchors>
					</DressUpModel>
					<DressUpModel parentArray="Models" parentKey="ModelR3C4" inherits="WardrobeItemsModelTemplate">
						<Anchors>
							<Anchor point="TOPLEFT" relativeKey="$parent.ModelR3C3" relativePoint="TOPRIGHT" x="16" y="0"/>
						</Anchors>
					</DressUpModel>
					<DressUpModel parentArray="Models" parentKey="ModelR3C5" inherits="WardrobeItemsModelTemplate">
						<Anchors>
							<Anchor point="TOPLEFT" relativeKey="$parent.ModelR3C4" relativePoint="TOPRIGHT" x="16" y="0"/>
						</Anchors>
					</DressUpModel>
					<DressUpModel parentArray="Models" parentKey="ModelR3C6" inherits="WardrobeItemsModelTemplate">
						<Anchors>
							<Anchor point="TOPLEFT" relativeKey="$parent.ModelR3C5" relativePoint="TOPRIGHT" x="16" y="0"/>
						</Anchors>
					</DressUpModel>
					<DressUpModel parentKey="HiddenModel" inherits="WardrobeItemsModelTemplate" hidden="true">
						<Anchors>
							<Anchor point="BOTTOMLEFT"/>
						</Anchors>
					</DressUpModel>
					<Frame parentKey="PendingTransmogFrame" hidden="true">
						<Size x="78" y="104"/>
						<Layers>
							<Layer level="ARTWORK" textureSubLevel="1">
								<Texture parentKey="Glowframe" hidden="false" alpha="0" alphaMode="ADD" atlas="transmog-wardrobe-border-selected" useAtlasSize="true">
									<Anchors>
										<Anchor point="CENTER"/>
									</Anchors>
								</Texture>
							</Layer>
							<Layer level="ARTWORK" textureSubLevel="2">
								<Texture parentKey="Wisp1" hidden="false" alpha="0" alphaMode="ADD" atlas="transmog-wardrobe-border-selected-wisp" useAtlasSize="true">
									<Anchors>
										<Anchor point="CENTER" relativePoint="BOTTOMRIGHT" x="-6" y="6"/>
									</Anchors>
								</Texture>
								<Texture parentKey="Wisp2" hidden="false" alpha="0" alphaMode="ADD" atlas="transmog-wardrobe-border-selected-wisp" useAtlasSize="true">
									<Anchors>
										<Anchor point="CENTER" relativePoint="TOPLEFT" x="6" y="-7"/>
									</Anchors>
								</Texture>
								<Texture parentKey="Wisp3" hidden="false" alpha="0" alphaMode="ADD" atlas="transmog-wardrobe-border-selected-wisp" useAtlasSize="true">
									<Anchors>
										<Anchor point="CENTER" relativePoint="BOTTOMLEFT" x="7" y="6"/>
									</Anchors>
								</Texture>
								<Texture parentKey="Wisp4" hidden="false" alpha="0" alphaMode="ADD" atlas="transmog-wardrobe-border-selected-wisp" useAtlasSize="true">
									<Anchors>
										<Anchor point="CENTER" relativePoint="TOPRIGHT" x="-7" y="-7"/>
									</Anchors>
								</Texture>
								<Texture parentKey="Wisp5" hidden="false" alpha="0" alphaMode="ADD" atlas="transmog-wardrobe-border-selected-wisp" useAtlasSize="true">
									<Anchors>
										<Anchor point="CENTER" relativePoint="BOTTOMRIGHT" x="-6" y="6"/>
									</Anchors>
								</Texture>
								<Texture parentKey="Wisp6" hidden="false" alpha="0" alphaMode="ADD" atlas="transmog-wardrobe-border-selected-wisp" useAtlasSize="true">
									<Anchors>
										<Anchor point="CENTER" relativePoint="TOPLEFT" x="6" y="-7"/>
									</Anchors>
								</Texture>
								<Texture parentKey="Wisp7" hidden="false" alpha="0" alphaMode="ADD" atlas="transmog-wardrobe-border-selected-wisp" useAtlasSize="true">
									<Anchors>
										<Anchor point="CENTER" relativePoint="BOTTOMLEFT" x="7" y="6"/>
									</Anchors>
								</Texture>
								<Texture parentKey="Wisp8" hidden="false" alpha="0" alphaMode="ADD" atlas="transmog-wardrobe-border-selected-wisp" useAtlasSize="true">
									<Anchors>
										<Anchor point="CENTER" relativePoint="TOPRIGHT" x="-7" y="-7"/>
									</Anchors>
								</Texture>
								<Texture parentKey="Wisp9" hidden="false" alpha="0" alphaMode="ADD" atlas="transmog-wardrobe-border-selected-wisp" useAtlasSize="true">
									<Anchors>
										<Anchor point="CENTER" relativePoint="BOTTOMRIGHT" x="-6" y="6"/>
									</Anchors>
								</Texture>
								<Texture parentKey="Wisp10" hidden="false" alpha="0" alphaMode="ADD" atlas="transmog-wardrobe-border-selected-wisp" useAtlasSize="true">
									<Anchors>
										<Anchor point="CENTER" relativePoint="TOPLEFT" x="6" y="-7"/>
									</Anchors>
								</Texture>
								<Texture parentKey="Wisp11" hidden="false" alpha="0" alphaMode="ADD" atlas="transmog-wardrobe-border-selected-wisp" useAtlasSize="true">
									<Anchors>
										<Anchor point="CENTER" relativePoint="BOTTOMLEFT" x="7" y="6"/>
									</Anchors>
								</Texture>
								<Texture parentKey="Wisp12" hidden="false" alpha="0" alphaMode="ADD" atlas="transmog-wardrobe-border-selected-wisp" useAtlasSize="true">
									<Anchors>
										<Anchor point="CENTER" relativePoint="TOPRIGHT" x="-7" y="-7"/>
									</Anchors>
								</Texture>
								<Texture parentKey="Smoke1" hidden="false" alpha="0" alphaMode="ADD" atlas="transmog-wardrobe-border-selected-smoke" useAtlasSize="true">
									<Anchors>
										<Anchor point="CENTER" relativePoint="LEFT" x="-1" y="0"/>
									</Anchors>
								</Texture>
								<Texture parentKey="Smoke2" hidden="false" alpha="0" alphaMode="ADD" atlas="transmog-wardrobe-border-selected-smoke" useAtlasSize="true">
									<TexCoords left="0" right="1" top="1" bottom="0"/>
									<Anchors>
										<Anchor point="CENTER" relativePoint="RIGHT" x="1" y="0"/>
									</Anchors>
								</Texture>
								<Texture parentKey="Smoke3" hidden="false" alpha="0" alphaMode="ADD" atlas="transmog-wardrobe-border-selected-smoke" useAtlasSize="true">
									<Anchors>
										<Anchor point="CENTER" relativePoint="LEFT" x="-1" y="0"/>
									</Anchors>
								</Texture>
								<Texture parentKey="Smoke4" hidden="false" alpha="0" alphaMode="ADD" atlas="transmog-wardrobe-border-selected-smoke" useAtlasSize="true">
									<TexCoords left="0" right="1" top="1" bottom="0"/>
									<Anchors>
										<Anchor point="CENTER" relativePoint="RIGHT" x="1" y="0"/>
									</Anchors>
								</Texture>
							</Layer>
							<Layer level="OVERLAY">
								<Texture parentKey="UndoIcon" atlas="transmog-icon-revert" useAtlasSize="true" hidden="true">
									<Anchors>
										<Anchor point="BOTTOM" x="0" y="-13"/>
									</Anchors>
								</Texture>
							</Layer>
						</Layers>
						<Animations>
							<AnimationGroup parentKey="TransmogSelectedAnim" setToFinalAlpha="true" looping="repeat">
								<Translation childKey="Wisp1" duration="2" order="1" offsetX="-70" offsetY="0"/>
								<Alpha childKey="Wisp1" duration="0.5" order="1" fromAlpha="0" toAlpha="1"/>
								<Alpha childKey="Wisp1" startDelay="1.5" duration="0.5" order="1" fromAlpha="1" toAlpha="0"/>
								<Rotation childKey="Wisp2" duration="0" order="1" degrees="180"/>
								<Translation childKey="Wisp2" duration="2" order="1" offsetX="70" offsetY="0"/>
								<Alpha childKey="Wisp2" duration="0.5" order="1" fromAlpha="0" toAlpha="1"/>
								<Alpha childKey="Wisp2" startDelay="1.5" duration="0.5" order="1" fromAlpha="1" toAlpha="0"/>
								<Rotation childKey="Wisp3" duration="0" order="1" degrees="-90"/>
								<Translation childKey="Wisp3" duration="2" order="1" offsetX="0" offsetY="90"/>
								<Alpha childKey="Wisp3" duration="0.5" order="1" fromAlpha="0" toAlpha="1"/>
								<Alpha childKey="Wisp3" startDelay="1.5" duration="0.5" order="1" fromAlpha="1" toAlpha="0"/>
								<Rotation childKey="Wisp4" duration="0" order="1" degrees="90"/>
								<Translation childKey="Wisp4" duration="2" order="1" offsetX="0" offsetY="-90"/>
								<Alpha childKey="Wisp4" duration="0.5" order="1" fromAlpha="0" toAlpha="1"/>
								<Alpha childKey="Wisp4" startDelay="1.5" duration="0.5" order="1" fromAlpha="1" toAlpha="0"/>
								<Translation childKey="Wisp5" duration="2" order="1" offsetX="-70" offsetY="0"/>
								<Alpha childKey="Wisp5" duration="0.5" order="1" fromAlpha="0" toAlpha="1"/>
								<Alpha childKey="Wisp5" startDelay="1.5" duration="0.5" order="1" fromAlpha="1" toAlpha="0"/>
								<Rotation childKey="Wisp6" duration="0" order="1" degrees="180"/>
								<Translation childKey="Wisp6" duration="2" order="1" offsetX="70" offsetY="0"/>
								<Alpha childKey="Wisp6" duration="0.5" order="1" fromAlpha="0" toAlpha="1"/>
								<Alpha childKey="Wisp6" startDelay="1.5" duration="0.5" order="1" fromAlpha="1" toAlpha="0"/>
								<Rotation childKey="Wisp7" duration="0" order="1" degrees="-90"/>
								<Translation childKey="Wisp7" duration="2" order="1" offsetX="0" offsetY="90"/>
								<Alpha childKey="Wisp7" duration="0.5" order="1" fromAlpha="0" toAlpha="1"/>
								<Alpha childKey="Wisp7" startDelay="1.5" duration="0.5" order="1" fromAlpha="1" toAlpha="0"/>
								<Rotation childKey="Wisp8" duration="0" order="1" degrees="90"/>
								<Translation childKey="Wisp8" duration="2" order="1" offsetX="0" offsetY="-90"/>
								<Alpha childKey="Wisp8" duration="0.5" order="1" fromAlpha="0" toAlpha="1"/>
								<Alpha childKey="Wisp8" startDelay="1.5" duration="0.5" order="1" fromAlpha="1" toAlpha="0" endDelay="0.4"/>
							</AnimationGroup>
							<AnimationGroup parentKey="TransmogSelectedAnim2" setToFinalAlpha="true" looping="repeat">
								<Alpha childKey="Glowframe" duration="1.2" order="1" fromAlpha="0" toAlpha="1"/>
								<Alpha childKey="Glowframe" startDelay="1.2" duration="1.2" order="1" fromAlpha="1" toAlpha="0"/>
							</AnimationGroup>
							<AnimationGroup parentKey="TransmogSelectedAnim3" setToFinalAlpha="true" looping="repeat">
								<Translation childKey="Wisp9" duration="4.4" order="1" offsetX="-70" offsetY="0"/>
								<Alpha childKey="Wisp9" duration="0.5" order="1" fromAlpha="0" toAlpha="1"/>
								<Alpha childKey="Wisp9" startDelay="3.9" duration="0.5" order="1" fromAlpha="1" toAlpha="0"/>
								<Rotation childKey="Wisp10" duration="0" order="1" degrees="180"/>
								<Translation childKey="Wisp10" duration="4.4" order="1" offsetX="70" offsetY="0"/>
								<Alpha childKey="Wisp10" duration="0.5" order="1" fromAlpha="0" toAlpha="1"/>
								<Alpha childKey="Wisp10" startDelay="3.9" duration="0.5" order="1" fromAlpha="1" toAlpha="0"/>
								<Rotation childKey="Wisp11" duration="0" order="1" degrees="-90"/>
								<Translation childKey="Wisp11" duration="4.4" order="1" offsetX="0" offsetY="90"/>
								<Alpha childKey="Wisp11" duration="0.5" order="1" fromAlpha="0" toAlpha="1"/>
								<Alpha childKey="Wisp11" startDelay="3.9" duration="0.5" order="1" fromAlpha="1" toAlpha="0"/>
								<Rotation childKey="Wisp12" duration="0" order="1" degrees="90"/>
								<Translation childKey="Wisp12" duration="4.4" order="1" offsetX="0" offsetY="-90"/>
								<Alpha childKey="Wisp12" duration="0.5" order="1" fromAlpha="0" toAlpha="1"/>
								<Alpha childKey="Wisp12" startDelay="3.9" duration="0.5" order="1" fromAlpha="1" toAlpha="0"/>
							</AnimationGroup>
							<AnimationGroup parentKey="TransmogSelectedAnim4" setToFinalAlpha="true" looping="repeat">
								<Scale childKey="Smoke1" duration="3.2" order="1" fromScaleX="1" fromScaleY="1" toScaleX="1" toScaleY="2.6"/>
								<Alpha childKey="Smoke1" duration="1.4" order="1" fromAlpha="0" toAlpha="0.75"/>
								<Alpha childKey="Smoke1" startDelay="1.8" duration="1.4" order="1" fromAlpha="0.75" toAlpha="0"/>
								<Scale childKey="Smoke2" duration="3.2" order="1" fromScaleX="1" fromScaleY="1" toScaleX="1" toScaleY="2.6"/>
								<Alpha childKey="Smoke2" duration="1.4" order="1" fromAlpha="0" toAlpha="0.75"/>
								<Alpha childKey="Smoke2" startDelay="1.8" duration="1.4" order="1" fromAlpha="0.75" toAlpha="0"/>
							</AnimationGroup>
							<AnimationGroup parentKey="TransmogSelectedAnim5" setToFinalAlpha="true" looping="repeat">
								<Scale childKey="Smoke3" duration="5" order="1" fromScaleX="1" fromScaleY="1" toScaleX="1" toScaleY="2.6"/>
								<Alpha childKey="Smoke3" duration="1.4" order="1" fromAlpha="0" toAlpha="0.5"/>
								<Alpha childKey="Smoke3" startDelay="3.6" duration="1.4" order="1" fromAlpha="0.5" toAlpha="0"/>
								<Scale childKey="Smoke4" duration="5" order="1" fromScaleX="1" fromScaleY="1" toScaleX="1" toScaleY="2.6"/>
								<Alpha childKey="Smoke4" duration="1.4" order="1" fromAlpha="0" toAlpha="0.5"/>
								<Alpha childKey="Smoke4" startDelay="3.6" duration="1.4" order="1" fromAlpha="0.5" toAlpha="0"/>
							</AnimationGroup>
						</Animations>
					</Frame>					
					<Frame parentKey="HelpBox" inherits="GlowBoxTemplate" enableMouse="true" hidden="true" frameStrata="DIALOG">
						<Size x="220" y="100"/>
						<Layers>
							<Layer level="OVERLAY">
								<FontString parentKey="Text" inherits="GameFontHighlightLeft" justifyV="TOP" text="TRANSMOG_MOUSE_CLICK_TUTORIAL">
									<Size x="188" y="0"/>
									<Anchors>
										<Anchor point="TOPLEFT" x="16" y="-24"/>
									</Anchors>
								</FontString>
							</Layer>
						</Layers>
						<Frames>
							<Button parentKey="CloseButton" inherits="UIPanelCloseButton">
								<Anchors>
									<Anchor point="TOPRIGHT" x="6" y="6"/>
								</Anchors>
								<Scripts>
									<OnClick>
										self:GetParent():Hide();
										SetCVarBitfield("closedInfoFrames", LE_FRAME_TUTORIAL_TRANSMOG_MODEL_CLICK, true);
									</OnClick>
								</Scripts>
							</Button>
							<Frame parentKey="Arrow" inherits="GlowBoxArrowTemplate">
								<Anchors>
									<Anchor point="BOTTOM" relativePoint="TOP" x="0" y="-3"/>
								</Anchors>
							</Frame>
						</Frames>
						<Scripts>
							<OnLoad>
								SetClampedTextureRotation(self.Arrow.Arrow, 180);
								SetClampedTextureRotation(self.Arrow.Glow, 180);
								self.Arrow.Glow:ClearAllPoints();
								self.Arrow.Glow:SetPoint("BOTTOM", self, "TOP", 0, -3);
							</OnLoad>
							<OnShow>
								self:SetHeight(self.Text:GetHeight() + 42);
							</OnShow>
						</Scripts>
					</Frame>
				</Frames>
				<Scripts>
					<OnLoad method="OnLoad"/>
					<OnShow method="OnShow"/>
					<OnHide method="OnHide"/>
					<OnEvent method="OnEvent"/>
					<OnMouseWheel method="OnMouseWheel"/>
				</Scripts>
			</Frame>
			<Frame parentKey="SetsCollectionFrame" parentArray="ContentFrames" mixin="WardrobeSetsCollectionMixin" hidden="true">
				<KeyValues>
					<KeyValue key="searchType" value="LE_TRANSMOG_SEARCH_TYPE_BASE_SETS" type="global"/>
				</KeyValues>
				<Anchors>
					<Anchor point="TOPLEFT" relativePoint="TOPLEFT" y="-60" x="4"/>
					<Anchor point="BOTTOMRIGHT" relativePoint="BOTTOMRIGHT" x="-6" y="5"/>
				</Anchors>
				<Frames>
					<Frame parentKey="LeftInset" useParentLevel="true" inherits="InsetFrameTemplate">
						<Size x="260" y="496"/>
						<Anchors>
							<Anchor point="TOPLEFT"/>
							<Anchor point="BOTTOMLEFT"/>
						</Anchors>
					</Frame>
					<Frame parentKey="RightInset" useParentLevel="true" inherits="CollectionsBackgroundTemplate">
						<Anchors>
							<Anchor point="TOPLEFT" relativeKey="$parent.LeftInset" relativePoint="TOPRIGHT" x="22" y="0"/>
							<Anchor point="BOTTOMRIGHT"/>
						</Anchors>
					</Frame>
					<ScrollFrame name="$parentScrollFrame" parentKey="ScrollFrame" inherits="HybridScrollFrameTemplate" mixin="WardrobeSetsCollectionScrollFrameMixin">
						<Size x="255" y="499"/>
						<Anchors>
							<Anchor point="TOPLEFT" x="3" y="-36"/>
						</Anchors>
						<Frames>
							<Slider name="$parentScrollBar" inherits="HybridScrollBarTrimTemplate" parentKey="scrollBar">
								<Anchors>
									<Anchor point="TOPLEFT" relativePoint="TOPRIGHT" x="4" y="20"/>
									<Anchor point="BOTTOMLEFT" relativePoint="BOTTOMRIGHT" x="4" y="8"/>
								</Anchors>
							</Slider>
							<Frame name="WardrobeSetsFavoriteDropDown" parentKey="FavoriteDropDown" inherits="UIDropDownMenuTemplate" enableMouse="true"/>
						</Frames>
						<Scripts>
							<OnLoad method="OnLoad"/>
							<OnShow method="OnShow"/>
							<OnHide method="OnHide"/>
							<OnEvent method="OnEvent"/>
						</Scripts>
					</ScrollFrame>
					<DressUpModel parentKey="Model" mixin="WardrobeSetsDetailsModelMixin">
						<Anchors>
							<Anchor point="TOPLEFT" relativeKey="$parent.RightInset" x="3" y="-3"/>
							<Anchor point="BOTTOMRIGHT" relativeKey="$parent.RightInset" x="-4" y="3"/>
						</Anchors>
						<Scripts>
							<OnLoad method="OnLoad"/>
							<OnUpdate method="OnUpdate"/>
							<OnMouseDown method="OnMouseDown"/>
							<OnMouseUp method="OnMouseUp"/>
							<OnMouseWheel method="OnMouseWheel"/>
							<OnModelLoaded method="OnModelLoaded"/>
						</Scripts>
					</DressUpModel>
					<Frame parentKey="DetailsFrame" frameLevel="5">
						<Anchors>
							<Anchor point="TOPLEFT" relativeKey="$parent.RightInset" x="0" y="-3"/>
							<Anchor point="BOTTOMRIGHT" relativeKey="$parent.RightInset" x="-3" y="2"/>
						</Anchors>
						<Layers>
							<Layer level="BACKGROUND">
								<Texture parentKey="ModelFadeTexture" atlas="transmog-set-model-cutoff-fade">
									<Size x="0" y="178"/>
									<Anchors>
										<Anchor point="TOPLEFT" x="2"/>
										<Anchor point="TOPRIGHT"/>
									</Anchors>
								</Texture>
							</Layer>
							<Layer level="BORDER">
								<Texture parentKey="IconRowBackground" atlas="transmog-set-iconrow-background" useAtlasSize="true">
									<Anchors>
										<Anchor point="TOP" x="0" y="-78"/>
									</Anchors>
								</Texture>
							</Layer>
							<Layer level="ARTWORK">
								<FontString parentKey="Name" inherits="Fancy24Font" maxLines="1" mixin="ShrinkUntilTruncateFontStringMixin">
									<Size x="380" y="0"/>
									<Anchors>
										<Anchor point="TOP" x="0" y="-37"/>
									</Anchors>
									<Color r="1" g="0.82" b="0"/>
									<Shadow>
										<Offset x="1" y="-1" />
										<Color r="0" g="0" b="0"/>
									</Shadow>
								</FontString>
								<FontString parentKey="LongName" inherits="Fancy16Font" maxLines="2" hidden="true">
									<Size x="380" y="0"/>
									<Anchors>
										<Anchor point="TOP" x="0" y="-30"/>
									</Anchors>
									<Color r="1" g="0.82" b="0"/>
									<Shadow>
										<Offset x="1" y="-1" />
										<Color r="0" g="0" b="0"/>
									</Shadow>
								</FontString>
								<FontString parentKey="Label" inherits="GameFontHighlight" maxLines="1">
									<Size x="380" y="0"/>
									<Anchors>
										<Anchor point="TOP" x="0" y="-63"/>
									</Anchors>
								</FontString>
							</Layer>
						</Layers>
						<Frames>
							<Frame parentKey="LimitedSet" inherits="ResizeLayoutFrame">
								<Anchors>
									<Anchor point="TOPLEFT" x="6" y="-6"/>
								</Anchors>
								<Layers>
									<Layer level="ARTWORK">
										<Texture parentKey="Icon" atlas="worldquest-icon-clock" useAtlasSize="true" scale="0.8">
											<Anchors>
												<Anchor point="TOPLEFT"/>
											</Anchors>
										</Texture>
										<FontString parentKey="Text" font="GameFontHighlightSmall" text="TRANSMOG_SET_LIMITED_TIME_SET">
											<Anchors>
												<Anchor point="LEFT" relativeKey="$parent.Icon" relativePoint="RIGHT"/>
											</Anchors>
											<Color r="1.0" g="0.5" b="0.25"/>
										</FontString>
									</Layer>
								</Layers>
								<Scripts>
									<OnEnter>
										GameTooltip:SetOwner(self, "ANCHOR_RIGHT");
										GameTooltip_SetTitle(GameTooltip, TRANSMOG_SET_LIMITED_TIME_SET_TOOLTIP, NORMAL_FONT_COLOR, true);
									</OnEnter>
									<OnLeave function="GameTooltip_Hide"/>
								</Scripts>
							</Frame>
							<Button name="WardrobeSetsCollectionVariantSetsButton" parentKey="VariantSetsButton" inherits="UIMenuButtonStretchTemplate" frameLevel="6">
								<Size x="108" y="22"/>
								<Anchors>
									<Anchor point="TOPRIGHT" x="-6" y="-6"/>
								</Anchors>
								<Layers>
									<Layer level="ARTWORK">
										<Texture parentKey="Icon" atlas="friendslist-categorybutton-arrow-down" useAtlasSize="true">
											<Anchors>
												<Anchor point="RIGHT" relativeKey="$parent.Right" relativePoint="RIGHT" x="-5" y="-2"/>
											</Anchors>
										</Texture>
									</Layer>
								</Layers>
								<Scripts>
									<OnLoad inherit="prepend">
										self.Text:ClearAllPoints();
										self.Text:SetPoint("LEFT", 11, -1);
										self.Text:SetSize(75, 10);
										self.Text:SetJustifyH("LEFT");
									</OnLoad>
									<OnClick>
										PlaySound(SOUNDKIT.IG_MAINMENU_OPTION_CHECKBOX_ON);
										ToggleDropDownMenu(1, nil, self:GetParent().VariantSetsDropDown, self:GetName(), 0, 1);
									</OnClick>
								</Scripts>
							</Button>
							<Frame name="WardrobeSetsCollectionVariantSetsDropDown" parentKey="VariantSetsDropDown" inherits="UIDropDownMenuTemplate">
								<Scripts>
									<OnLoad function="WardrobeSetsCollectionVariantSetsDropDown_OnLoad"/>
								</Scripts>
							</Frame>
						</Frames>
					</Frame>
				</Frames>
				<Scripts>
					<OnLoad method="OnLoad"/>
					<OnShow method="OnShow"/>
					<OnHide method="OnHide"/>
					<OnEvent method="OnEvent"/>
				</Scripts>
			</Frame>
			<Frame parentKey="SetsTransmogFrame" parentArray="ContentFrames" inherits="CollectionsBackgroundTemplate" mixin="WardrobeSetsTransmogMixin" hidden="true">
				<KeyValues>
					<KeyValue key="searchType" value="LE_TRANSMOG_SEARCH_TYPE_USABLE_SETS" type="global"/>
				</KeyValues>
				<Layers>
					<Layer level="ARTWORK">
						<FontString parentKey="NoValidSetsLabel" inherits="GameFontNormalMed2" text="TRANSMOG_SETS_TAB_DISABLED">
							<Anchors>
								<Anchor point="CENTER" y="15"/>
							</Anchors>
							<Color r="0.804" g="0.725" b="0.616"/>
						</FontString>
					</Layer>
				</Layers>
				<Frames>
					<Frame name="WardrobeSetsTransmogModelRightClickDropDown" parentKey="RightClickDropDown" inherits="UIDropDownMenuTemplate" hidden="true">
						<Scripts>
							<OnLoad function="WardrobeSetsTransmogModelRightClickDropDown_OnLoad"/>
						</Scripts>
					</Frame>
					<Frame parentKey="PagingFrame" inherits="CollectionsPagingFrameTemplate">
						<Anchors>
							<Anchor point="BOTTOM" x="22" y="38"/>
						</Anchors>
					</Frame>
					<DressUpModel parentArray="Models" parentKey="ModelR1C1" inherits="WardrobeSetsTransmogModelTemplate">
						<Anchors>
							<Anchor point="TOPLEFT" x="50" y="-50"/>
						</Anchors>
					</DressUpModel>
					<DressUpModel parentArray="Models" parentKey="ModelR1C2" inherits="WardrobeSetsTransmogModelTemplate">
						<Anchors>
							<Anchor point="TOPLEFT" relativeKey="$parent.ModelR1C1" relativePoint="TOPRIGHT" x="13" y="0"/>
						</Anchors>
					</DressUpModel>
					<DressUpModel parentArray="Models" parentKey="ModelR1C3" inherits="WardrobeSetsTransmogModelTemplate">
						<Anchors>
							<Anchor point="TOPLEFT" relativeKey="$parent.ModelR1C2" relativePoint="TOPRIGHT" x="13" y="0"/>
						</Anchors>
					</DressUpModel>
					<DressUpModel parentArray="Models" parentKey="ModelR1C4" inherits="WardrobeSetsTransmogModelTemplate">
						<Anchors>
							<Anchor point="TOPLEFT" relativeKey="$parent.ModelR1C3" relativePoint="TOPRIGHT" x="13" y="0"/>
						</Anchors>
					</DressUpModel>
					<DressUpModel parentArray="Models" parentKey="ModelR2C1" inherits="WardrobeSetsTransmogModelTemplate">
						<Anchors>
							<Anchor point="TOPLEFT" relativeKey="$parent.ModelR1C1" relativePoint="BOTTOMLEFT" x="0" y="-14"/>
						</Anchors>
					</DressUpModel>
					<DressUpModel parentArray="Models" parentKey="ModelR2C2" inherits="WardrobeSetsTransmogModelTemplate">
						<Anchors>
							<Anchor point="TOPLEFT" relativeKey="$parent.ModelR2C1" relativePoint="TOPRIGHT" x="13" y="0"/>
						</Anchors>
					</DressUpModel>
					<DressUpModel parentArray="Models" parentKey="ModelR2C3" inherits="WardrobeSetsTransmogModelTemplate">
						<Anchors>
							<Anchor point="TOPLEFT" relativeKey="$parent.ModelR2C2" relativePoint="TOPRIGHT" x="13" y="0"/>
						</Anchors>
					</DressUpModel>
					<DressUpModel parentArray="Models" parentKey="ModelR2C4" inherits="WardrobeSetsTransmogModelTemplate">
						<Anchors>
							<Anchor point="TOPLEFT" relativeKey="$parent.ModelR2C3" relativePoint="TOPRIGHT" x="13" y="0"/>
						</Anchors>
					</DressUpModel>
					<Frame parentKey="PendingTransmogFrame" hidden="true">
						<Size x="129" y="186"/>
						<Layers>
							<Layer level="ARTWORK" textureSubLevel="1">
								<Texture parentKey="Glowframe" hidden="false" alpha="0" alphaMode="ADD" atlas="transmog-set-border-selected" useAtlasSize="true">
									<Anchors>
										<Anchor point="CENTER"/>
									</Anchors>
								</Texture>
							</Layer>
							<Layer level="ARTWORK" textureSubLevel="2">
								<Texture parentKey="Wisp1" hidden="false" alpha="0" alphaMode="ADD" atlas="transmog-wardrobe-border-selected-wisp" useAtlasSize="true">
									<Anchors>
										<Anchor point="CENTER" relativePoint="BOTTOMRIGHT" x="-6" y="8"/>
									</Anchors>
								</Texture>
								<Texture parentKey="Wisp2" hidden="false" alpha="0" alphaMode="ADD" atlas="transmog-wardrobe-border-selected-wisp" useAtlasSize="true">
									<Anchors>
										<Anchor point="CENTER" relativePoint="TOPLEFT" x="6" y="-9"/>
									</Anchors>
								</Texture>
								<Texture parentKey="Wisp3" hidden="false" alpha="0" alphaMode="ADD" atlas="transmog-wardrobe-border-selected-wisp" useAtlasSize="true">
									<Anchors>
										<Anchor point="CENTER" relativePoint="BOTTOMLEFT" x="8" y="6"/>
									</Anchors>
								</Texture>
								<Texture parentKey="Wisp4" hidden="false" alpha="0" alphaMode="ADD" atlas="transmog-wardrobe-border-selected-wisp" useAtlasSize="true">
									<Anchors>
										<Anchor point="CENTER" relativePoint="TOPRIGHT" x="-7" y="-7"/>
									</Anchors>
								</Texture>
								<Texture parentKey="Wisp5" hidden="false" alpha="0" alphaMode="ADD" atlas="transmog-wardrobe-border-selected-wisp" useAtlasSize="true">
									<Anchors>
										<Anchor point="CENTER" relativePoint="BOTTOMRIGHT" x="-6" y="8"/>
									</Anchors>
								</Texture>
								<Texture parentKey="Wisp6" hidden="false" alpha="0" alphaMode="ADD" atlas="transmog-wardrobe-border-selected-wisp" useAtlasSize="true">
									<Anchors>
										<Anchor point="CENTER" relativePoint="TOPLEFT" x="6" y="-9"/>
									</Anchors>
								</Texture>
								<Texture parentKey="Wisp7" hidden="false" alpha="0" alphaMode="ADD" atlas="transmog-wardrobe-border-selected-wisp" useAtlasSize="true">
									<Anchors>
										<Anchor point="CENTER" relativePoint="BOTTOMLEFT" x="8" y="6"/>
									</Anchors>
								</Texture>
								<Texture parentKey="Wisp8" hidden="false" alpha="0" alphaMode="ADD" atlas="transmog-wardrobe-border-selected-wisp" useAtlasSize="true">
									<Anchors>
										<Anchor point="CENTER" relativePoint="TOPRIGHT" x="-7" y="-7"/>
									</Anchors>
								</Texture>
								<Texture parentKey="Wisp9" hidden="false" alpha="0" alphaMode="ADD" atlas="transmog-wardrobe-border-selected-wisp" useAtlasSize="true">
									<Anchors>
										<Anchor point="CENTER" relativePoint="BOTTOMRIGHT" x="-6" y="8"/>
									</Anchors>
								</Texture>
								<Texture parentKey="Wisp10" hidden="false" alpha="0" alphaMode="ADD" atlas="transmog-wardrobe-border-selected-wisp" useAtlasSize="true">
									<Anchors>
										<Anchor point="CENTER" relativePoint="TOPLEFT" x="6" y="-9"/>
									</Anchors>
								</Texture>
								<Texture parentKey="Wisp11" hidden="false" alpha="0" alphaMode="ADD" atlas="transmog-wardrobe-border-selected-wisp" useAtlasSize="true">
									<Anchors>
										<Anchor point="CENTER" relativePoint="BOTTOMLEFT" x="8" y="6"/>
									</Anchors>
								</Texture>
								<Texture parentKey="Wisp12" hidden="false" alpha="0" alphaMode="ADD" atlas="transmog-wardrobe-border-selected-wisp" useAtlasSize="true">
									<Anchors>
										<Anchor point="CENTER" relativePoint="TOPRIGHT" x="-7" y="-7"/>
									</Anchors>
								</Texture>
								<Texture parentKey="Smoke1" hidden="false" alpha="0" alphaMode="ADD" atlas="transmog-wardrobe-border-selected-smoke" useAtlasSize="true">
									<Anchors>
										<Anchor point="CENTER" relativePoint="LEFT" x="-1" y="0"/>
									</Anchors>
								</Texture>
								<Texture parentKey="Smoke2" hidden="false" alpha="0" alphaMode="ADD" atlas="transmog-wardrobe-border-selected-smoke" useAtlasSize="true">
									<TexCoords left="0" right="1" top="1" bottom="0"/>
									<Anchors>
										<Anchor point="CENTER" relativePoint="RIGHT" x="1" y="0"/>
									</Anchors>
								</Texture>
								<Texture parentKey="Smoke3" hidden="false" alpha="0" alphaMode="ADD" atlas="transmog-wardrobe-border-selected-smoke" useAtlasSize="true">
									<Anchors>
										<Anchor point="CENTER" relativePoint="LEFT" x="-1" y="0"/>
									</Anchors>
								</Texture>
								<Texture parentKey="Smoke4" hidden="false" alpha="0" alphaMode="ADD" atlas="transmog-wardrobe-border-selected-smoke" useAtlasSize="true">
									<TexCoords left="0" right="1" top="1" bottom="0"/>
									<Anchors>
										<Anchor point="CENTER" relativePoint="RIGHT" x="1" y="0"/>
									</Anchors>
								</Texture>
							</Layer>
						</Layers>
						<Animations>
							<AnimationGroup parentKey="TransmogSelectedAnim" setToFinalAlpha="true" looping="repeat">
								<Translation childKey="Wisp1" duration="2" order="1" offsetX="-121" offsetY="0"/>
								<Alpha childKey="Wisp1" duration="0.5" order="1" fromAlpha="0" toAlpha="1"/>
								<Alpha childKey="Wisp1" startDelay="1.5" duration="0.5" order="1" fromAlpha="1" toAlpha="0"/>
								<Rotation childKey="Wisp2" duration="0" order="1" degrees="180"/>
								<Translation childKey="Wisp2" duration="2" order="1" offsetX="121" offsetY="0"/>
								<Alpha childKey="Wisp2" duration="0.5" order="1" fromAlpha="0" toAlpha="1"/>
								<Alpha childKey="Wisp2" startDelay="1.5" duration="0.5" order="1" fromAlpha="1" toAlpha="0"/>
								<Rotation childKey="Wisp3" duration="0" order="1" degrees="-90"/>
								<Translation childKey="Wisp3" duration="2" order="1" offsetX="0" offsetY="172"/>
								<Alpha childKey="Wisp3" duration="0.5" order="1" fromAlpha="0" toAlpha="1"/>
								<Alpha childKey="Wisp3" startDelay="1.5" duration="0.5" order="1" fromAlpha="1" toAlpha="0"/>
								<Rotation childKey="Wisp4" duration="0" order="1" degrees="90"/>
								<Translation childKey="Wisp4" duration="2" order="1" offsetX="0" offsetY="-172"/>
								<Alpha childKey="Wisp4" duration="0.5" order="1" fromAlpha="0" toAlpha="1"/>
								<Alpha childKey="Wisp4" startDelay="1.5" duration="0.5" order="1" fromAlpha="1" toAlpha="0"/>
								<Translation childKey="Wisp5" duration="2" order="1" offsetX="-121" offsetY="0"/>
								<Alpha childKey="Wisp5" duration="0.5" order="1" fromAlpha="0" toAlpha="1"/>
								<Alpha childKey="Wisp5" startDelay="1.5" duration="0.5" order="1" fromAlpha="1" toAlpha="0"/>
								<Rotation childKey="Wisp6" duration="0" order="1" degrees="180"/>
								<Translation childKey="Wisp6" duration="2" order="1" offsetX="121" offsetY="0"/>
								<Alpha childKey="Wisp6" duration="0.5" order="1" fromAlpha="0" toAlpha="1"/>
								<Alpha childKey="Wisp6" startDelay="1.5" duration="0.5" order="1" fromAlpha="1" toAlpha="0"/>
								<Rotation childKey="Wisp7" duration="0" order="1" degrees="-90"/>
								<Translation childKey="Wisp7" duration="2" order="1" offsetX="0" offsetY="172"/>
								<Alpha childKey="Wisp7" duration="0.5" order="1" fromAlpha="0" toAlpha="1"/>
								<Alpha childKey="Wisp7" startDelay="1.5" duration="0.5" order="1" fromAlpha="1" toAlpha="0"/>
								<Rotation childKey="Wisp8" duration="0" order="1" degrees="90"/>
								<Translation childKey="Wisp8" duration="2" order="1" offsetX="0" offsetY="-172"/>
								<Alpha childKey="Wisp8" duration="0.5" order="1" fromAlpha="0" toAlpha="1"/>
								<Alpha childKey="Wisp8" startDelay="1.5" duration="0.5" order="1" fromAlpha="1" toAlpha="0" endDelay="0.4"/>
							</AnimationGroup>
							<AnimationGroup parentKey="TransmogSelectedAnim2" setToFinalAlpha="true" looping="repeat">
								<Alpha childKey="Glowframe" duration="1.2" order="1" fromAlpha="0" toAlpha="1"/>
								<Alpha childKey="Glowframe" startDelay="1.2" duration="1.2" order="1" fromAlpha="1" toAlpha="0"/>
							</AnimationGroup>
							<AnimationGroup parentKey="TransmogSelectedAnim3" setToFinalAlpha="true" looping="repeat">
								<Translation childKey="Wisp9" duration="4.4" order="1" offsetX="-121" offsetY="0"/>
								<Alpha childKey="Wisp9" duration="0.5" order="1" fromAlpha="0" toAlpha="1"/>
								<Alpha childKey="Wisp9" startDelay="3.9" duration="0.5" order="1" fromAlpha="1" toAlpha="0"/>
								<Rotation childKey="Wisp10" duration="0" order="1" degrees="180"/>
								<Translation childKey="Wisp10" duration="4.4" order="1" offsetX="121" offsetY="0"/>
								<Alpha childKey="Wisp10" duration="0.5" order="1" fromAlpha="0" toAlpha="1"/>
								<Alpha childKey="Wisp10" startDelay="3.9" duration="0.5" order="1" fromAlpha="1" toAlpha="0"/>
								<Rotation childKey="Wisp11" duration="0" order="1" degrees="-90"/>
								<Translation childKey="Wisp11" duration="4.4" order="1" offsetX="0" offsetY="172"/>
								<Alpha childKey="Wisp11" duration="0.5" order="1" fromAlpha="0" toAlpha="1"/>
								<Alpha childKey="Wisp11" startDelay="3.9" duration="0.5" order="1" fromAlpha="1" toAlpha="0"/>
								<Rotation childKey="Wisp12" duration="0" order="1" degrees="90"/>
								<Translation childKey="Wisp12" duration="4.4" order="1" offsetX="0" offsetY="-172"/>
								<Alpha childKey="Wisp12" duration="0.5" order="1" fromAlpha="0" toAlpha="1"/>
								<Alpha childKey="Wisp12" startDelay="3.9" duration="0.5" order="1" fromAlpha="1" toAlpha="0"/>
							</AnimationGroup>
							<AnimationGroup parentKey="TransmogSelectedAnim4" setToFinalAlpha="true" looping="repeat">
								<Scale childKey="Smoke1" duration="3.2" order="1" fromScaleX="1" fromScaleY="1" toScaleX="1" toScaleY="2.6"/>
								<Alpha childKey="Smoke1" duration="1.4" order="1" fromAlpha="0" toAlpha="0.75"/>
								<Alpha childKey="Smoke1" startDelay="1.8" duration="1.4" order="1" fromAlpha="0.75" toAlpha="0"/>
								<Scale childKey="Smoke2" duration="3.2" order="1" fromScaleX="1" fromScaleY="1" toScaleX="1" toScaleY="2.6"/>
								<Alpha childKey="Smoke2" duration="1.4" order="1" fromAlpha="0" toAlpha="0.75"/>
								<Alpha childKey="Smoke2" startDelay="1.8" duration="1.4" order="1" fromAlpha="0.75" toAlpha="0"/>
							</AnimationGroup>
							<AnimationGroup parentKey="TransmogSelectedAnim5" setToFinalAlpha="true" looping="repeat">
								<Scale childKey="Smoke3" duration="5" order="1" fromScaleX="1" fromScaleY="1" toScaleX="1" toScaleY="2.6"/>
								<Alpha childKey="Smoke3" duration="1.4" order="1" fromAlpha="0" toAlpha="0.5"/>
								<Alpha childKey="Smoke3" startDelay="3.6" duration="1.4" order="1" fromAlpha="0.5" toAlpha="0"/>
								<Scale childKey="Smoke4" duration="5" order="1" fromScaleX="1" fromScaleY="1" toScaleX="1" toScaleY="2.6"/>
								<Alpha childKey="Smoke4" duration="1.4" order="1" fromAlpha="0" toAlpha="0.5"/>
								<Alpha childKey="Smoke4" startDelay="3.6" duration="1.4" order="1" fromAlpha="0.5" toAlpha="0"/>
							</AnimationGroup>
						</Animations>
					</Frame>
				</Frames>
				<Scripts>
					<OnLoad method="OnLoad"/>
					<OnShow method="OnShow"/>
					<OnHide method="OnHide"/>
					<OnEvent method="OnEvent"/>
					<OnMouseWheel method="OnMouseWheel"/>
				</Scripts>
			</Frame>
		</Frames>
		<Scripts>
			<OnLoad function="WardrobeCollectionFrame_OnLoad"/>
			<OnEvent function="WardrobeCollectionFrame_OnEvent"/>
			<OnShow function="WardrobeCollectionFrame_OnShow"/>
			<OnHide function="WardrobeCollectionFrame_OnHide"/>
			<OnKeyDown function="WardrobeCollectionFrame_OnKeyDown"/>
		</Scripts>
	</Frame>
	
	<Button name="WardrobeTransmogButtonTemplate" motionScriptsWhileDisabled="true" virtual="true">
		<KeyValues>
			<KeyValue key="transmogType" value="LE_TRANSMOG_TYPE_APPEARANCE" type="global"/>
		</KeyValues>
		<Size x="43" y="43"/>
		<Layers>
			<Layer level="BACKGROUND">
				<Texture parentKey="Icon">
					<Size x="36" y="36"/>
					<Anchors>
						<Anchor point="CENTER"/>
					</Anchors>
				</Texture>
			</Layer>
			<Layer level="BORDER">
				<Texture parentKey="Border" atlas="transmog-frame" useAtlasSize="true">
					<Anchors>
						<Anchor point="CENTER"/>
					</Anchors>
				</Texture>
				<Texture parentKey="NoItemTexture" file="Interface\Transmogrify\Textures.png" alpha="0.75" hidden="true">
					<Size x="34" y="34"/>
					<Anchors>
						<Anchor point="CENTER"/>
					</Anchors>
					<TexCoords left="0.28906250" right="0.55468750" top="0.51171875" bottom="0.57812500"/>
				</Texture>				
			</Layer>
			<Layer level="BORDER" textureSubLevel="1">
				<Texture parentKey="StatusBorder" atlas="transmog-frame-pink" useAtlasSize="true" hidden="true">
					<Anchors>
						<Anchor point="CENTER"/>
					</Anchors>
				</Texture>
			</Layer>
			<Layer level="ARTWORK">
				<Texture parentKey="HiddenVisualCover" atlas="transmog-frame-blackcover" useAtlasSize="true" hidden="true" alpha="0.6">
					<Anchors>
						<Anchor point="CENTER"/>
					</Anchors>
				</Texture>
			</Layer>
			<Layer level="ARTWORK" textureSubLevel="1">
				<Texture parentKey="HiddenVisualIcon" atlas="transmog-icon-hidden" useAtlasSize="true" hidden="true" alpha="0.7">
					<Anchors>
						<Anchor point="CENTER"/>
					</Anchors>
				</Texture>
			</Layer>
			<Layer level="OVERLAY">
				<Texture parentKey="SelectedTexture" atlas="transmog-frame-selected" useAtlasSize="true" hidden="true">
					<Anchors>
						<Anchor point="TOP" x="0" y="9"/>
					</Anchors>
				</Texture>
			</Layer>			
		</Layers>
		<Frames>
			<Button parentKey="UndoButton" hidden="true">
				<Size x="24" y="22"/>
				<Anchors>
					<Anchor point="TOPRIGHT" x="13" y="12"/>
				</Anchors>
				<Layers>
					<Layer level="ARTWORK">
						<Texture parentKey="Icon" file="Interface\Transmogrify\Textures.png">
							<Size x="24" y="22"/>
							<Anchors>
								<Anchor point="TOPLEFT" x="0" y="0"/>
							</Anchors>
							<TexCoords left="0.17968750" right="0.36718750" top="0.58203125" bottom="0.62500000"/>
						</Texture>
					</Layer>
				</Layers>
				<Scripts>
					<OnShow>
						self.Icon:SetPoint("TOPLEFT", 0, 0);
					</OnShow>
					<OnMouseDown>
						self.Icon:SetPoint("TOPLEFT", 1, -1);
					</OnMouseDown>
					<OnMouseUp>
						self.Icon:SetPoint("TOPLEFT", 0, 0);
					</OnMouseUp>
					<OnLeave>
						if ( not self:GetParent():IsMouseOver() ) then
							self:Hide();
						end
					</OnLeave>
					<OnClick>
						-- same as a right-click on the parent
						WardrobeTransmogButton_OnClick(self:GetParent(), "RightButton");
					</OnClick>
				</Scripts>
				<HighlightTexture file="Interface\Buttons\UI-Common-MouseHilight" alphaMode="ADD"/>
			</Button>
			<Frame parentKey="PendingFrame" setAllPoints="true" hidden="true">
				<Layers>
					<Layer level="ARTWORK">
						<Texture parentKey="Glow" file="Interface\Transmogrify\Textures.png">
							<Size x="58" y="57"/>
							<Anchors>
								<Anchor point="CENTER"/>
							</Anchors>
							<TexCoords left="0.52343750" right="0.97656250" top="0.38476563" bottom="0.49609375"/>
						</Texture>
						<Texture parentKey="Undo" file="Interface\Transmogrify\Textures.png" hidden="true">
							<Size x="34" y="34"/>
							<Anchors>
								<Anchor point="CENTER"/>
							</Anchors>
							<TexCoords left="0.00781250" right="0.27343750" top="0.51171875" bottom="0.57812500"/>
						</Texture>
					</Layer>
					<Layer level="OVERLAY">
						<Texture parentKey="Ants" file="Interface\Transmogrify\PurpleIconAlertAnts.png">
							<Size x="44" y="44"/>
							<Anchors>
								<Anchor point="CENTER"/>
							</Anchors>
						</Texture>
					</Layer>
				</Layers>	
				<Scripts>
					<OnUpdate>
						AnimateTexCoords(self.Ants, 256, 256, 48, 48, 22, elapsed, 0.01);
					</OnUpdate>
				</Scripts>		
			</Frame>
			<Frame parentKey="AnimFrame" setAllPoints="true" hidden="true">
				<Layers>
					<Layer level="ARTWORK">
						<Texture parentKey="Glow" file="Interface\Transmogrify\Textures.png" alpha="0">
							<Size x="58" y="57"/>
							<Anchors>
								<Anchor point="CENTER"/>
							</Anchors>
							<TexCoords left="0.52343750" right="0.97656250" top="0.38476563" bottom="0.49609375"/>
						</Texture>
						<Texture parentKey="Transition" file="Interface\Transmogrify\Textures.png" hidden="true">
							<Size x="42" y="41"/>
							<Anchors>
								<Anchor point="CENTER"/>
							</Anchors>
							<TexCoords left="0.52343750" right="0.97656250" top="0.25781250" bottom="0.36914063"/>
						</Texture>
						<Texture parentKey="OuterGlow" file="Interface\SpellActivationOverlay\IconAlert" alpha="0">
							<Size x="58" y="57"/>
							<Anchors>
								<Anchor point="CENTER"/>
							</Anchors>
							<TexCoords left="0.00781250" right="0.50781250" top="0.53515625" bottom="0.78515625"/>
						</Texture>
					</Layer>
				</Layers>
				<Animations>
					<AnimationGroup parentKey="Anim">
						<Alpha childKey="OuterGlow" duration="0.15" fromAlpha="0" toAlpha="1" order="1"/>
						<Alpha childKey="OuterGlow" duration="0.15" fromAlpha="1" toAlpha="0" order="2"/>
						<Scale childKey="Transition" duration="0.2" scaleX="1.381" scaleY="1.381" order="2"/>
						<Alpha childKey="Glow" fromAlpha="1" toAlpha="0" duration="0.2" order="2"/>
						<Scripts>
							<OnFinished>
								local frame = self:GetParent();
								frame:Hide();
								local slotButton = frame:GetParent();								
								WardrobeTransmogFrame_UpdateSlotButton(slotButton);
							</OnFinished>
						</Scripts>
					</AnimationGroup>
				</Animations>
			</Frame>
		</Frames>
		<Scripts>
			<OnLoad function="WardrobeTransmogButton_OnLoad"/>
			<OnClick function="WardrobeTransmogButton_OnClick"/>
			<OnEnter function="WardrobeTransmogButton_OnEnter"/>
			<OnLeave function="WardrobeTransmogButton_OnLeave"/>
		</Scripts>
		<HighlightTexture atlas="transmog-frame-highlighted" alphaMode="ADD">
			<Size x="44" y="41"/>
			<Anchors>
				<Anchor point="CENTER"/>
			</Anchors>
		</HighlightTexture>
	</Button>

	<Button name="WardrobeTransmogEnchantButtonTemplate" motionScriptsWhileDisabled="true" virtual="true">
		<KeyValues>
			<KeyValue key="transmogType" value="LE_TRANSMOG_TYPE_ILLUSION" type="global"/>
		</KeyValues>
		<Size x="27" y="27"/>
		<Layers>
			<Layer level="BACKGROUND">
				<Texture parentKey="Icon">
					<Size x="18" y="18"/>
					<Anchors>
						<Anchor point="CENTER"/>
					</Anchors>
				</Texture>
			</Layer>
			<Layer level="BORDER">
				<Texture parentKey="Border" atlas="transmog-frame-small" useAtlasSize="true">
					<Anchors>
						<Anchor point="CENTER"/>
					</Anchors>
				</Texture>
				<Texture parentKey="NoItemTexture" file="Interface\Transmogrify\Textures.png" alpha="0.75" hidden="true">
					<Size x="18" y="18"/>
					<Anchors>
						<Anchor point="CENTER"/>
					</Anchors>
					<TexCoords left="0.28906250" right="0.55468750" top="0.51171875" bottom="0.57812500"/>
				</Texture>
			</Layer>
			<Layer level="BORDER" textureSubLevel="1">
				<Texture parentKey="StatusBorder" atlas="transmog-frame-small-pink" useAtlasSize="true" hidden="true">
					<Anchors>
						<Anchor point="CENTER"/>
					</Anchors>
				</Texture>
			</Layer>
			<Layer level="OVERLAY">
				<Texture parentKey="UndoIcon" atlas="transmog-icon-revert-small" useAtlasSize="true" hidden="true">
					<Anchors>
						<Anchor point="TOPRIGHT" x="7" y="6"/>
					</Anchors>
				</Texture>
				<Texture parentKey="SelectedTexture" atlas="transmog-frame-small-selected" useAtlasSize="true" hidden="true">
					<Anchors>
						<Anchor point="CENTER"/>
					</Anchors>
				</Texture>
			</Layer>
		</Layers>
		<Frames>
			<Frame parentKey="PendingFrame" setAllPoints="true" hidden="true">
				<Layers>
					<Layer level="ARTWORK">
						<Texture parentKey="Glow" file="Interface\Transmogrify\Textures.png">
							<Size x="29" y="28"/>
							<Anchors>
								<Anchor point="CENTER"/>
							</Anchors>
							<TexCoords left="0.52343750" right="0.97656250" top="0.38476563" bottom="0.49609375"/>
						</Texture>
						<Texture parentKey="Undo" atlas="transmog-icon-revert-small" useAtlasSize="true" hidden="true">
							<Anchors>
								<Anchor point="CENTER"/>
							</Anchors>
						</Texture>
					</Layer>
					<Layer level="OVERLAY">
						<Texture parentKey="Ants" file="Interface\Transmogrify\PurpleIconAlertAnts.png">
							<Size x="22" y="22"/>
							<Anchors>
								<Anchor point="CENTER"/>
							</Anchors>
						</Texture>
					</Layer>
				</Layers>
				<Scripts>
					<OnUpdate>
						AnimateTexCoords(self.Ants, 256, 256, 48, 48, 22, elapsed, 0.01);
					</OnUpdate>
				</Scripts>
			</Frame>
			<Frame parentKey="AnimFrame" setAllPoints="true" hidden="true">
				<Layers>
					<Layer level="ARTWORK">
						<Texture parentKey="Glow" file="Interface\Transmogrify\Textures.png" alpha="0">
							<Size x="30" y="29"/>
							<Anchors>
								<Anchor point="CENTER"/>
							</Anchors>
							<TexCoords left="0.52343750" right="0.97656250" top="0.38476563" bottom="0.49609375"/>
						</Texture>
						<Texture parentKey="Transition" file="Interface\Transmogrify\Textures.png" hidden="true">
							<Size x="22" y="21"/>
							<Anchors>
								<Anchor point="CENTER"/>
							</Anchors>
							<TexCoords left="0.52343750" right="0.97656250" top="0.25781250" bottom="0.36914063"/>
						</Texture>
						<Texture parentKey="OuterGlow" file="Interface\SpellActivationOverlay\IconAlert" alpha="0">
							<Size x="30" y="29"/>
							<Anchors>
								<Anchor point="CENTER"/>
							</Anchors>
							<TexCoords left="0.00781250" right="0.50781250" top="0.53515625" bottom="0.78515625"/>
						</Texture>
					</Layer>
				</Layers>
				<Animations>
					<AnimationGroup parentKey="Anim">
						<Alpha childKey="OuterGlow" duration="0.15" change="1" order="1"/>
						<Alpha childKey="OuterGlow" duration="0.15" change="-1" order="2"/>
						<Scale childKey="Transition" duration="0.2" scaleX="1.381" scaleY="1.381" order="2"/>
						<Alpha childKey="Glow" change="-1.0" duration="0.2" order="2"/>
						<Scripts>
							<OnFinished>
								local frame = self:GetParent();
								frame:Hide();
								local slotButton = frame:GetParent();
								WardrobeTransmogFrame_UpdateSlotButton(slotButton);
							</OnFinished>
						</Scripts>
					</AnimationGroup>
				</Animations>
			</Frame>
		</Frames>
		<Scripts>
			<OnLoad function="WardrobeTransmogButton_OnLoad"/>
			<OnClick function="WardrobeTransmogButton_OnClick"/>
			<OnEnter function="WardrobeTransmogButton_OnEnter"/>
			<OnLeave function="WardrobeTransmogButton_OnLeave"/>
		</Scripts>
		<HighlightTexture atlas="transmog-frame-highlighted-small" alphaMode="ADD">
			<Size x="24" y="24"/>
			<Anchors>
				<Anchor point="CENTER"/>
			</Anchors>
		</HighlightTexture>
	</Button>

	<Frame name="WardrobeFrame" inherits="PortraitFrameTemplate" toplevel="true" frameStrata="MEDIUM" enableMouse="true" parent="UIParent" hidden="true">
		<Size x="965" y="606"/>
		<Anchors>
			<Anchor point="CENTER" x="0" y="0"/>
		</Anchors>
		<Frames>
			<Frame name="WardrobeTransmogFrame">
				<Size x="300" y="495"/>
				<Anchors>
					<Anchor point="TOPLEFT" x="4" y="-86"/>
				</Anchors>
				<Layers>
					<Layer level="ARTWORK">
						<Texture parentKey="MoneyLeft" file="Interface\Common\MoneyFrame.png">
							<Size x="8" y="20"/>
							<Anchors>
								<Anchor point="BOTTOMLEFT" x="-3" y="-22"/>
							</Anchors>
							<TexCoords left="0.9375" right="1" top="0" bottom="0.3125"/>
						</Texture>
						<Texture parentKey="MoneyMiddle" file="Interface\Common\MoneyFrame.png">
							<Size x="154" y="20"/>
							<Anchors>
								<Anchor point="LEFT" relativeKey="$parent.MoneyLeft" relativePoint="RIGHT"/>
							</Anchors>
							<TexCoords left="0" right="1" top="0.3125" bottom="0.6250"/>
						</Texture>						
						<Texture parentKey="MoneyRight" file="Interface\Common\MoneyFrame.png">
							<Size x="8" y="20"/>
							<Anchors>
								<Anchor point="LEFT" relativeKey="$parent.MoneyMiddle" relativePoint="RIGHT"/>
							</Anchors>
							<TexCoords left="0" right="0.0625" top="0" bottom="0.3125"/>
						</Texture>
					</Layer>
				</Layers>
				<Frames>	
					<Frame parentKey="Inset" inherits="InsetFrameTemplate" setAllPoints="true">
						<Layers>
							<Layer level="BACKGROUND">
								<Texture parentKey="BG">
									<Size x="294" y="494"/>
									<Anchors>
										<Anchor point="TOP" x="0" y="-1"/>
									</Anchors>
								</Texture>
							</Layer>
						</Layers>
					</Frame>
					<Frame parentKey="OutfitDropDown" name="WardrobeOutfitDropDown" inherits="WardrobeOutfitDropDownTemplate" mixin="WardrobeOutfitMixin">
						<KeyValues>
							<KeyValue key="width" value="188" type="number"/>
							<KeyValue key="minMenuStringWidth" value="152" type="number"/>
							<KeyValue key="maxMenuStringWidth" value="216" type="number"/>
						</KeyValues>
						<Anchors>
							<Anchor point="TOPLEFT" x="-14" y="28"/>
						</Anchors>
					</Frame>
					<Frame parentKey="OutfitHelpBox" inherits="GlowBoxTemplate" enableMouse="true" hidden="true" frameStrata="DIALOG">
						<Size x="220" y="100"/>
						<Anchors>
							<Anchor point="LEFT" relativeKey="$parent.OutfitDropDown" relativePoint="RIGHT" x="3" y="-2"/>
						</Anchors>
						<Layers>
							<Layer level="OVERLAY">
								<FontString parentKey="Text" inherits="GameFontHighlightLeft" justifyV="TOP" text="TRANSMOG_OUTFIT_DROPDOWN_TUTORIAL">
									<Size x="188" y="0"/>
									<Anchors>
										<Anchor point="TOPLEFT" x="16" y="-22"/>
									</Anchors>
								</FontString>
							</Layer>
						</Layers>
						<Frames>
							<Button parentKey="CloseButton" inherits="UIPanelCloseButton">
								<Anchors>
									<Anchor point="TOPRIGHT" x="6" y="6"/>
								</Anchors>
								<Scripts>
									<OnClick inherit="append">
										SetCVarBitfield("closedInfoFrames", LE_FRAME_TUTORIAL_TRANSMOG_OUTFIT_DROPDOWN, true);
									</OnClick>
								</Scripts>
							</Button>
							<Frame parentKey="Arrow" inherits="GlowBoxArrowTemplate">
								<Anchors>
									<Anchor point="RIGHT" relativePoint="LEFT" x="36" y="16"/>
								</Anchors>
							</Frame>
						</Frames>
						<Scripts>
							<OnLoad>
								SetClampedTextureRotation(self.Arrow.Arrow, 90);
								SetClampedTextureRotation(self.Arrow.Glow, 90);
								self.Arrow.Glow:ClearAllPoints();
								self.Arrow.Glow:SetPoint("CENTER", self.Arrow.Arrow, "CENTER", -3, 0);
							</OnLoad>
							<OnShow>
								self:SetHeight(self.Text:GetHeight()+42);
							</OnShow>
						</Scripts>
					</Frame>
          
					<DressUpModel parentKey="Model" mixin="DressUpModelFrameMixin" enableMouse="true" modelScale="2.0" inherits="ModelWithControlsTemplate">
						<Size x="294" y="488"/>
						<Anchors>
							<Anchor point="TOPLEFT" x="2" y="-4"/>
						</Anchors>
							<Layers>
								<Layer level="ARTWORK">
									<Texture setAllPoints="true">
										<Color r="1" g="0" b="0" a="0"/>
									</Texture>
								</Layer>
							</Layers>				
						<Scripts>
							<OnLoad method="OnLoad" />
							<OnHide method="OnHide" />
						</Scripts>
						<Frames>
							<Button parentKey="ClearAllPendingButton" inherits="UIMenuButtonStretchTemplate" hidden="true">
								<Size x="26" y="26"/>
								<Anchors>
									<Anchor point="TOPRIGHT" x="-5" y="-10"/>
								</Anchors>
								<Layers>
									<Layer level="ARTWORK">
										<Texture parentKey="Icon" atlas="transmog-icon-revert-small" useAtlasSize="true">
											<Anchors>
												<Anchor point="LEFT" x="1"/>
											</Anchors>
										</Texture>
									</Layer>
								</Layers>
								<HighlightTexture file="Interface\Buttons\UI-Common-MouseHilight" alphaMode="ADD"/>
								<Scripts>
									<OnClick>
										PlaySound(SOUNDKIT.UI_TRANSMOG_REVERTING_GEAR_SLOT);
										C_Transmog.ClearPending();
									</OnClick>
									<OnEnter>
										GameTooltip:SetOwner(self, "ANCHOR_RIGHT");
										GameTooltip:SetText(TRANSMOGRIFY_CLEAR_ALL_PENDING);
									</OnEnter>
									<OnLeave function="GameTooltip_Hide"/>
								</Scripts>
							</Button>
							<Button parentKey="HeadButton" parentArray="SlotButtons" inherits="WardrobeTransmogButtonTemplate">
								<KeyValues>
									<KeyValue key="slot" value="HEADSLOT" type="string"/>
								</KeyValues>
								<Anchors>
									<Anchor point="TOP" x="-121" y="-41"/>
								</Anchors>
							</Button>
							<Button parentKey="ShoulderButton" parentArray="SlotButtons" inherits="WardrobeTransmogButtonTemplate">
								<KeyValues>
									<KeyValue key="slot" value="SHOULDERSLOT" type="string"/>
								</KeyValues>
								<Anchors>
									<Anchor point="TOP" relativeKey="$parent.HeadButton" relativePoint="BOTTOM" x="0" y="-10"/>
								</Anchors>
							</Button>
							<Button parentKey="BackButton" parentArray="SlotButtons" inherits="WardrobeTransmogButtonTemplate">
								<KeyValues>
									<KeyValue key="slot" value="BACKSLOT" type="string"/>
								</KeyValues>
								<Anchors>
									<Anchor point="TOP" relativeKey="$parent.ShoulderButton" relativePoint="BOTTOM" x="0" y="-10"/>
								</Anchors>
							</Button>
							<Button parentKey="ChestButton" parentArray="SlotButtons" inherits="WardrobeTransmogButtonTemplate">
								<KeyValues>
									<KeyValue key="slot" value="CHESTSLOT" type="string"/>
								</KeyValues>
								<Anchors>
									<Anchor point="TOP" relativeKey="$parent.BackButton" relativePoint="BOTTOM" x="0" y="-10"/>
								</Anchors>
							</Button>
							<Button parentKey="ShirtButton" parentArray="SlotButtons" inherits="WardrobeTransmogButtonTemplate">
								<KeyValues>
									<KeyValue key="slot" value="SHIRTSLOT" type="string"/>
								</KeyValues>
								<Anchors>
									<Anchor point="TOP" relativeKey="$parent.ChestButton" relativePoint="BOTTOM" x="0" y="-10"/>
								</Anchors>
							</Button>
							<Button parentKey="TabardButton" parentArray="SlotButtons" inherits="WardrobeTransmogButtonTemplate">
								<KeyValues>
									<KeyValue key="slot" value="TABARDSLOT" type="string"/>
								</KeyValues>
								<Anchors>
									<Anchor point="TOP" relativeKey="$parent.ShirtButton" relativePoint="BOTTOM" x="0" y="-10"/>
								</Anchors>
							</Button>
							<Button parentKey="WristButton" parentArray="SlotButtons" inherits="WardrobeTransmogButtonTemplate">
								<KeyValues>
									<KeyValue key="slot" value="WRISTSLOT" type="string"/>
								</KeyValues>
								<Anchors>
									<Anchor point="TOP" relativeKey="$parent.TabardButton" relativePoint="BOTTOM" x="0" y="-10"/>
								</Anchors>
							</Button>
							<Button parentKey="HandsButton" parentArray="SlotButtons" inherits="WardrobeTransmogButtonTemplate">
								<KeyValues>
									<KeyValue key="slot" value="HANDSSLOT" type="string"/>
								</KeyValues>
								<Anchors>
									<Anchor point="TOP" x="123" y="-118"/>
								</Anchors>
							</Button>
							<Button parentKey="WaistButton" parentArray="SlotButtons" inherits="WardrobeTransmogButtonTemplate">
								<KeyValues>
									<KeyValue key="slot" value="WAISTSLOT" type="string"/>
								</KeyValues>
								<Anchors>
									<Anchor point="TOP" relativeKey="$parent.HandsButton" relativePoint="BOTTOM" x="0" y="-10"/>
								</Anchors>
							</Button>
							<Button parentKey="LegsButton" parentArray="SlotButtons" inherits="WardrobeTransmogButtonTemplate">
								<KeyValues>
									<KeyValue key="slot" value="LEGSSLOT" type="string"/>
								</KeyValues>
								<Anchors>
									<Anchor point="TOP" relativeKey="$parent.WaistButton" relativePoint="BOTTOM" x="0" y="-10"/>
								</Anchors>
							</Button>
							<Button parentKey="FeetButton" parentArray="SlotButtons" inherits="WardrobeTransmogButtonTemplate">
								<KeyValues>
									<KeyValue key="slot" value="FEETSLOT" type="string"/>
								</KeyValues>
								<Anchors>
									<Anchor point="TOP" relativeKey="$parent.LegsButton" relativePoint="BOTTOM" x="0" y="-10"/>
								</Anchors>
							</Button>
							<Button parentKey="MainHandButton" parentArray="SlotButtons" inherits="WardrobeTransmogButtonTemplate">
								<KeyValues>
									<KeyValue key="slot" value="MAINHANDSLOT" type="string"/>
								</KeyValues>
								<Anchors>
									<Anchor point="BOTTOM" x="-26" y="45"/>
								</Anchors>
							</Button>
							<Button parentKey="SecondaryHandButton" parentArray="SlotButtons" inherits="WardrobeTransmogButtonTemplate">
								<KeyValues>
									<KeyValue key="slot" value="SECONDARYHANDSLOT" type="string"/>
								</KeyValues>
								<Anchors>
									<Anchor point="BOTTOM" x="27" y="45"/>
								</Anchors>
							</Button>
							<Button parentKey="MainHandEnchantButton" parentArray="SlotButtons" inherits="WardrobeTransmogEnchantButtonTemplate" frameLevel="10">
								<KeyValues>
									<KeyValue key="slot" value="MAINHANDSLOT" type="string"/>
								</KeyValues>
								<Anchors>
									<Anchor point="CENTER" x="-26" y="-203"/>
								</Anchors>
							</Button>
							<Button parentKey="SecondaryHandEnchantButton" parentArray="SlotButtons" inherits="WardrobeTransmogEnchantButtonTemplate" frameLevel="10">
								<KeyValues>
									<KeyValue key="slot" value="SECONDARYHANDSLOT" type="string"/>
								</KeyValues>
								<Anchors>
									<Anchor point="CENTER" x="27" y="-203"/>
								</Anchors>
							</Button>
						</Frames>
					</DressUpModel>
          
					<Frame parentKey="MoneyFrame" name="WardrobeTransmogMoneyFrame" inherits="SmallMoneyFrameTemplate">
						<Anchors>
							<Anchor point="RIGHT" relativeKey="$parent.MoneyRight" x="6" y="0"/>
						</Anchors>
						<Scripts>
							<OnLoad>
								SmallMoneyFrame_OnLoad(self);
								MoneyFrame_SetType(self, "STATIC");
							</OnLoad>
						</Scripts>
					</Frame>					
					<Button parentKey="ApplyButton" inherits="UIPanelButtonTemplate" text="APPLY">
						<Size x="112" y="22"/>
						<Anchors>
							<Anchor point="BOTTOMRIGHT" x="0" y="-22"/>
						</Anchors>
						<Scripts>
							<OnClick>
								WardrobeTransmogFrame_ApplyPending(0);
							</OnClick>
						</Scripts>
					</Button>
					<Frame name="$parentSpecDropDown" parentKey="SpecDropDown" inherits="UIDropDownMenuTemplate">
						<Scripts>
							<OnLoad function="WardrobeTransmogFrameSpecDropDown_OnLoad"/>
						</Scripts>
					</Frame>
					<Button parentKey="SpecButton" inherits="UIMenuButtonStretchTemplate">
						<Size x="22" y="22"/>
						<Anchors>
							<Anchor point="RIGHT" relativeKey="$parent.ApplyButton" relativePoint="LEFT" x="1" y="0"/>
						</Anchors>
						<Layers>
							<Layer level="ARTWORK" textureSubLevel="1">
								<Texture file="Interface\Buttons\SquareButtonTextures" parentKey="Icon">
									<Size x="12" y="12"/>
									<Anchors>
										<Anchor point="CENTER" x="0" y="0"/>
									</Anchors>
									<TexCoords left="0.45312500" right="0.64062500" top="0.20312500" bottom="0.01562500"/>
								</Texture>
							</Layer>
						</Layers>
						<HighlightTexture file="Interface\Buttons\UI-Common-MouseHilight" alphaMode="ADD"/>
						<Scripts>
							<OnClick>
								PlaySound(SOUNDKIT.IG_MAINMENU_OPTION_CHECKBOX_ON);
								ToggleDropDownMenu(1, nil, self:GetParent().SpecDropDown, self, 0, 0);
								self:GetParent().SpecHelpBox:Hide();
								SetCVarBitfield("closedInfoFrames", LE_FRAME_TUTORIAL_TRANSMOG_SPECS_BUTTON, true);
							</OnClick>
							<OnMouseDown>
								self.Icon:SetPoint("CENTER", -1, -1);
							</OnMouseDown>
							<OnMouseUp>
								self.Icon:SetPoint("CENTER", 0, 0);
							</OnMouseUp>
						</Scripts>
					</Button>
					<Frame parentKey="SpecHelpBox" inherits="GlowBoxTemplate" enableMouse="true" hidden="true" frameStrata="DIALOG">
						<Size x="220" y="100"/>
						<Anchors>
							<Anchor point="TOP" relativeKey="$parent.SpecButton" relativePoint="BOTTOM" x="0" y="-22"/>
						</Anchors>
						<Layers>
							<Layer level="OVERLAY">
								<FontString parentKey="Text" inherits="GameFontHighlightLeft" justifyV="TOP" text="TRANSMOG_SPECS_BUTTON_TUTORIAL">
									<Size x="188" y="0"/>
									<Anchors>
										<Anchor point="TOPLEFT" x="16" y="-24"/>
									</Anchors>
								</FontString>
							</Layer>
						</Layers>
						<Frames>
							<Button parentKey="CloseButton" inherits="UIPanelCloseButton">
								<Anchors>
									<Anchor point="TOPRIGHT" x="6" y="6"/>
								</Anchors>
								<Scripts>
									<OnClick>
										self:GetParent():Hide();
										SetCVarBitfield("closedInfoFrames", LE_FRAME_TUTORIAL_TRANSMOG_SPECS_BUTTON, true);
									</OnClick>
								</Scripts>
							</Button>
							<Frame parentKey="Arrow" inherits="GlowBoxArrowTemplate">
								<Anchors>
									<Anchor point="BOTTOM" relativePoint="TOP" x="0" y="-3"/>
								</Anchors>
							</Frame>
						</Frames>
						<Scripts>
							<OnLoad>
								SetClampedTextureRotation(self.Arrow.Arrow, 180);
								SetClampedTextureRotation(self.Arrow.Glow, 180);
								self.Arrow.Glow:ClearAllPoints();
								self.Arrow.Glow:SetPoint("BOTTOM", self, "TOP", 0, -3);
							</OnLoad>
							<OnShow>
								self:SetHeight(self.Text:GetHeight() + 42);
							</OnShow>
						</Scripts>
					</Frame>
				</Frames>
				<Scripts>
					<OnLoad function="WardrobeTransmogFrame_OnLoad"/>
					<OnEvent function="WardrobeTransmogFrame_OnEvent"/>
					<OnShow function="WardrobeTransmogFrame_OnShow"/>
					<OnHide function="WardrobeTransmogFrame_OnHide"/>
					<OnUpdate function="WardrobeTransmogFrame_OnUpdate"/>
				</Scripts>
			</Frame>
		</Frames>
		<Scripts>
			<OnLoad function="WardrobeFrame_OnLoad"/>
		</Scripts>
	</Frame>
</Ui>