<Ui xmlns="http://www.blizzard.com/wow/ui/" xmlns:xsi="http://www.w3.org/2001/XMLSchema-instance" xsi:schemaLocation="http://www.blizzard.com/wow/ui/
..\..\FrameXML\UI.xsd">
	<Frame name="DeveloperConsoleAutoCompleteEntryTemplate" virtual="true">
		<Size x="700" y="15" />
		<Layers>
			<Layer level="BACKGROUND">
				<Texture parentKey="Selected" alphaMode="ADD">
					<Color r=".3" g=".3" b=".7" a=".5"/>
				</Texture>
			</Layer>
			
			<Layer level="ARTWORK">
				<FontString parentKey="Text" inherits="NumberFont_Shadow_Small" justifyH="LEFT" justifyV="MIDDLE" wordwrap="false">
					<Size x="240" />
					<Anchors>
						<Anchor point="TOPLEFT" x="5" />
						<Anchor point="BOTTOMLEFT" x="5" />
					</Anchors>
				</FontString>

				<FontString parentKey="Value" inherits="NumberFont_Shadow_Small" justifyH="LEFT" justifyV="MIDDLE" wordwrap="false">
					<Size x="50" />
					<Anchors>
						<Anchor point="TOPLEFT" relativeKey="$parent.Text" relativePoint="TOPRIGHT" x="5" />
						<Anchor point="BOTTOMLEFT" relativeKey="$parent.Text" relativePoint="BOTTOMRIGHT" x="5" />
					</Anchors>
				</FontString>
				
				<FontString parentKey="Type" inherits="NumberFont_Shadow_Tiny" justifyH="RIGHT" justifyV="MIDDLE" wordwrap="false">
					<Size x="100" />
					<Anchors>
						<Anchor point="TOPRIGHT" x="-5" />
						<Anchor point="BOTTOMRIGHT" x="-5" />
					</Anchors>
				</FontString>

				<FontString parentKey="Help" inherits="NumberFont_Shadow_Tiny" justifyH="LEFT" justifyV="MIDDLE" wordwrap="false">
					<Anchors>
						<Anchor point="TOPLEFT" relativeKey="$parent.Value" relativePoint="TOPRIGHT" x="5" />
						<Anchor point="BOTTOMRIGHT" relativeKey="$parent.Type" relativePoint="BOTTOMLEFT" x="-5" />
					</Anchors>
					<Color r="1" g="1" b="0"/>
				</FontString>
			</Layer>

			<Layer level="HIGHLIGHT" textureSubLevel="-1">
				<Texture parentKey="Highlight" alphaMode="ADD">
					<Color r=".3" g=".3" b=".7" a=".7"/>
				</Texture>
			</Layer>
		</Layers>
		<Scripts>
			<OnMouseUp>
				self:GetParent():OnEntryClicked(self);
			</OnMouseUp>
			<OnEnter>
				self:GetParent():OnEntryEnter(self);
			</OnEnter>
			<OnLeave>
				self:GetParent():OnEntryLeave(self);
			</OnLeave>
		</Scripts>
	</Frame>

	<Frame name="DeveloperConsoleAutoCompleteEntryTooltipTemplate" flattenRenderLayers="true" frameLevel="9400" clampedToScreen="true" virtual="true">
		<Size x="1" y="1" />
		<Layers>
			<Layer level="ARTWORK">
				<FontString parentKey="Text" inherits="NumberFont_Shadow_Small" justifyH="LEFT" justifyV="TOP">
					<Size x="300" />
					<Anchors>
						<Anchor point="TOPLEFT" />
					</Anchors>
				</FontString>
			</Layer>
			<Layer level="BACKGROUND">
				<Texture parentKey="Background">
					<Anchors>
						<Anchor point="TOPLEFT" relativeKey="$parent.Text" relativePoint="TOPLEFT" x="-5" y="5" />
						<Anchor point="BOTTOMRIGHT" relativeKey="$parent.Text" relativePoint="BOTTOMRIGHT" x="5" y="-5" />
					</Anchors>
					<Color r=".1" g=".1" b=".1" a=".8"/>
				</Texture>
			</Layer>
			<Layer level="BACKGROUND" textureSubLevel="1">
				<Texture parentKey="BorderTop">
					<Size y="1" />
					<Anchors>
						<Anchor point="BOTTOMLEFT" relativeKey="$parent.Background" relativePoint="TOPLEFT" x="-1" y="0" />
						<Anchor point="BOTTOMRIGHT" relativeKey="$parent.Background" relativePoint="TOPRIGHT" x="1" y="0" />
					</Anchors>
					<Color r="1" g="1" b="1" a="1"/>
				</Texture>

				<Texture parentKey="BorderRight">
					<Size x="1" />
					<Anchors>
						<Anchor point="TOPLEFT" relativeKey="$parent.Background" relativePoint="TOPRIGHT" x="0" y="0" />
						<Anchor point="BOTTOMLEFT" relativeKey="$parent.Background" relativePoint="BOTTOMRIGHT" x="0" y="0" />
					</Anchors>
					<Color r="1" g="1" b="1" a="1"/>
				</Texture>

				<Texture parentKey="BorderLeft">
					<Size x="1" />
					<Anchors>
						<Anchor point="TOPRIGHT" relativeKey="$parent.Background" relativePoint="TOPLEFT" x="0" y="0" />
						<Anchor point="BOTTOMRIGHT" relativeKey="$parent.Background" relativePoint="BOTTOMLEFT" x="0" y="0" />
					</Anchors>
					<Color r="1" g="1" b="1" a="1"/>
				</Texture>

				<Texture parentKey="BorderBottom">
					<Size y="1" />
					<Anchors>
						<Anchor point="TOPLEFT" relativeKey="$parent.Background" relativePoint="BOTTOMLEFT" x="-1" y="0" />
						<Anchor point="TOPRIGHT" relativeKey="$parent.Background" relativePoint="BOTTOMRIGHT" x="1" y="0" />
					</Anchors>
					<Color r="1" g="1" b="1" a="1"/>
				</Texture>
			</Layer>
		</Layers>
		<Scripts>
			<OnLoad>
				self:SetClampRectInsets(-10, 10, 10, -10);
			</OnLoad>
		</Scripts>
	</Frame>
	
	<Frame name="DeveloperConsoleAutoCompleteTemplate" frameStrata="FULLSCREEN_DIALOG" hidden="true" mixin="DeveloperConsoleAutoCompleteMixin" virtual="true">
		<Size x="1" y="1" />
		<Layers>
			<Layer level="BACKGROUND">
				<Texture parentKey="Background" parentArray="BackgroundElements" hidden="true">
					<Color r=".1" g=".1" b=".1" a=".8"/>
				</Texture>
			</Layer>
			<Layer level="BACKGROUND" textureSubLevel="1">
				<Texture parentKey="BorderTop" parentArray="BackgroundElements" hidden="true">
					<Size y="1" />
					<Anchors>
						<Anchor point="BOTTOMLEFT" relativeKey="$parent.Background" relativePoint="TOPLEFT" x="-1" y="0" />
						<Anchor point="BOTTOMRIGHT" relativeKey="$parent.Background" relativePoint="TOPRIGHT" x="1" y="0" />
					</Anchors>
					<Color r="1" g="1" b="1" a="1"/>
				</Texture>

				<Texture parentKey="BorderRight" parentArray="BackgroundElements" hidden="true">
					<Size x="1" />
					<Anchors>
						<Anchor point="TOPLEFT" relativeKey="$parent.Background" relativePoint="TOPRIGHT" x="0" y="0" />
						<Anchor point="BOTTOMLEFT" relativeKey="$parent.Background" relativePoint="BOTTOMRIGHT" x="0" y="0" />
					</Anchors>
					<Color r="1" g="1" b="1" a="1"/>
				</Texture>

				<Texture parentKey="BorderLeft" parentArray="BackgroundElements" hidden="true">
					<Size x="1" />
					<Anchors>
						<Anchor point="TOPRIGHT" relativeKey="$parent.Background" relativePoint="TOPLEFT" x="0" y="0" />
						<Anchor point="BOTTOMRIGHT" relativeKey="$parent.Background" relativePoint="BOTTOMLEFT" x="0" y="0" />
					</Anchors>
					<Color r="1" g="1" b="1" a="1"/>
				</Texture>
				
				<Texture parentKey="BorderBottom" parentArray="BackgroundElements" hidden="true">
					<Size y="1" />
					<Anchors>
						<Anchor point="TOPLEFT" relativeKey="$parent.Background" relativePoint="BOTTOMLEFT" x="-1" y="0" />
						<Anchor point="TOPRIGHT" relativeKey="$parent.Background" relativePoint="BOTTOMRIGHT" x="1" y="0" />
					</Anchors>
					<Color r="1" g="1" b="1" a="1"/>
				</Texture>
			</Layer>
		</Layers>
		<Frames>
			<Frame parentKey="Tooltip" inherits="DeveloperConsoleAutoCompleteEntryTooltipTemplate" />
		</Frames>
		<Scripts>
			<OnLoad method="OnLoad" />
			<OnUpdate method="OnUpdate" />
		</Scripts>
	</Frame>
</Ui>