<Ui xmlns="http://www.blizzard.com/wow/ui/" xmlns:xsi="http://www.w3.org/2001/XMLSchema-instance" xsi:schemaLocation="http://www.blizzard.com/wow/ui/
..\..\FrameXML\UI.xsd">
	<Script file="ClubFinderApplicantList.lua"/>
	
	<Button name="ClubFinderApplicantEntryTemplate" registerForClicks="LeftButtonUp, RightButtonUp" virtual="true" mixin="ClubFinderApplicantEntryMixin">
		<Size x="600" y="20"/>
		<Frames>
			<Button parentKey="CancelInvitationButton" mixin="ClubFinderApplicantCancelButtonMixin" inherits="UIMenuButtonStretchTemplate">
				<Size x="24" y="22"/>
				<Anchors>
					<Anchor point="RIGHT" x="-7"/>
				</Anchors>
				<Layers>
					<Layer level="ARTWORK">
						<Texture parentKey="Icon" atlas="groupfinder-icon-redx" useAtlasSize="true">
							<Anchors>
								<Anchor point="CENTER" x="0" y="0"/>
							</Anchors>
						</Texture>
					</Layer>
				</Layers>
				<Scripts>
					<OnEnter method="OnEnter"/>
					<OnLeave method="OnLeave"/>
					<OnClick method="OnClick"/>
				</Scripts>
				<HighlightTexture file="Interface\Buttons\UI-Common-MouseHilight" alphaMode="ADD"/>
			</Button>
			<Button parentKey="InviteButton" mixin="ClubFinderApplicantInviteButtonMixin" inherits="UIMenuButtonStretchTemplate">
				<Size x="50" y="22"/>
				<Anchors>
					<Anchor point="LEFT" relativeKey="$parent.CancelInvitationButton" relativePoint="LEFT" x="-50"/>
				</Anchors>
				<Layers>
					<Layer level="ARTWORK">
						<FontString parentKey="Text" inherits="GameFontHighlightSmall" text="INVITE">
						</FontString>
					</Layer>
				</Layers>
				<Scripts>
					<OnEnter method="OnEnter"/>
					<OnLeave method="OnLeave"/>
					<OnClick method="OnClick"/>
				</Scripts>
				<HighlightTexture file="Interface\Buttons\UI-Common-MouseHilight" alphaMode="ADD"/>
			</Button>
			<Frame parentKey="RightClickDropdown" inherits="UIDropDownMenuTemplate" hidden="true"/>
		</Frames>
		<Layers>
			<Layer level="OVERLAY">
				<FontString parentKey="RequestStatus" hidden="true" inherits="GameFontNormal">
					<Size x="130" y="110"/>
					<Anchors>
						<Anchor point="RIGHT" x="0" y="0"/>
					</Anchors>
				</FontString>
				<FontString parentKey="Level" inherits="GameFontHighlightSmall" justifyH="LEFT" wordwrap="false">
					<Size x="40" y="0"/>
					<Anchors>
						<Anchor point="LEFT" x="4" y="0"/>
					</Anchors>
				</FontString>
				<Texture parentKey="Class" file="Interface\Glues\CharacterCreate\UI-CharacterCreate-Classes">
					<Size x="16" y="16"/>
					<Anchors>
						<Anchor point="LEFT" relativeKey="$parent.Level" relativePoint="RIGHT" x="8" y="0"/>
					</Anchors>
				</Texture>
				<FontString parentKey="Name" inherits="GameFontHighlightSmall" justifyH="LEFT" wordwrap="false">
					<Size x="90" y="0"/>
					<Anchors>
						<Anchor point="LEFT" relativeKey="$parent.Class" relativePoint="RIGHT" x="20" y="0"/>
					</Anchors>
				</FontString>
				<FontString parentKey="AllSpec" hidden="true" inherits="GameFontHighlightSmall" justifyH="LEFT" wordwrap="false">
					<Size x="70" y="0"/>
					<Anchors>
						<Anchor point="LEFT" relativeKey="$parent.Name" relativePoint="RIGHT" x="8" y="0"/>
					</Anchors>
				</FontString>
				<Texture parentKey="RoleIcon1" hidden="true" file="Interface\LFGFrame\UI-LFG-ICON-PORTRAITROLES">
					<Size x="18" y="18"/>
					<Anchors>
						<Anchor point="LEFT" relativeKey="$parent.Name" relativePoint="RIGHT" x="8" y="0"/>
					</Anchors>
				</Texture>
				<Texture parentKey="RoleIcon2" hidden="true" file="Interface\LFGFrame\UI-LFG-ICON-PORTRAITROLES">
					<Size x="18" y="18"/>
					<Anchors>
						<Anchor point="LEFT" relativeKey="$parent.RoleIcon1" relativePoint="RIGHT" x="3" y="0"/>
					</Anchors>
				</Texture>
				<FontString parentKey="ItemLevel" inherits="GameFontHighlightSmall" justifyH="LEFT" wordwrap="false">
					<Size x="93" y="0"/>
					<Anchors>
						<Anchor point="LEFT" relativeKey="$parent.RoleIcon2" relativePoint="RIGHT" x="22" y="0"/>
					</Anchors>
				</FontString>
				<FontString parentKey="Note" inherits="GameFontHighlightSmall" justifyH="LEFT" wordwrap="false">
					<Size x="225" y="0"/>
					<Anchors>
						<Anchor point="LEFT" relativeKey="$parent.ItemLevel" relativePoint="LEFT" x="40" y="0"/>
					</Anchors>
				</FontString>
			</Layer>
		</Layers>
		<Scripts>
			<OnEnter method="OnEnter"/>
			<OnLeave method="OnLeave"/>
			<OnMouseDown method="OnMouseDown"/>
		</Scripts>
		<NormalTexture setAllPoints="true" file="Interface\GuildFrame\GuildFrame">
			<TexCoords left="0.36230469" right="0.38183594" top="0.95898438" bottom="0.99804688"/>
		</NormalTexture>
		<HighlightTexture file="Interface\FriendsFrame\UI-FriendsFrame-HighlightBar" alphaMode="ADD" setAllPoints="true"/>
	</Button>

	<Frame name="ClubFinderApplicantListFrameTemplate" mixin="ClubFinderApplicantListMixin" virtual="true">
		<Frames>
			<CheckButton parentKey="ShowOfflineButton" inherits="UICheckButtonTemplate">
				<Anchors>
					<Anchor point="BOTTOMLEFT" relativeKey="$parent" relativePoint="TOPLEFT" x="0" y="26"/>
				</Anchors>
				<Scripts>
					<OnLoad>
						self.text:SetText(COMMUNITIES_MEMBER_LIST_SHOW_OFFLINE);
					</OnLoad>
					<OnClick>
						PlaySound(SOUNDKIT.IG_MAINMENU_OPTION_CHECKBOX_ON);
					</OnClick>
				</Scripts>
			</CheckButton>
			<Frame parentKey="ColumnDisplay" useParentLevel="true" inherits="ColumnDisplayTemplate" hidden="true">
				<Anchors>
					<Anchor point="TOPLEFT" relativePoint="TOPLEFT" x="-3" y="60"/>
					<Anchor point="TOPRIGHT" relativePoint="TOPRIGHT" x="22" y="60"/>
				</Anchors>
				<KeyValues>
					<KeyValue key="sortingFunction" value="ClubFinderApplicantListColumnDisplay_OnClick" type="global"/>
				</KeyValues>
			</Frame>
			<ScrollFrame parentKey="ListScrollFrame" inherits="HybridScrollFrameTemplate">
				<Anchors>
					<Anchor point="TOPLEFT"/>
					<Anchor point="BOTTOMRIGHT"/>
				</Anchors>
				<Frames>
					<Slider parentKey="scrollBar" inherits="HybridScrollBarTemplate">
						<Anchors>
							<Anchor point="TOPLEFT" relativePoint="TOPRIGHT" x="-15" y="-15"/>
							<Anchor point="BOTTOMLEFT" relativePoint="BOTTOMRIGHT" x="15" y="11"/>
						</Anchors>
						<Layers>
							<Layer level="BACKGROUND">
								<Texture parentKey="Background" file="Interface\FrameGeneral\UI-Background-Marble" horizTile="true" vertTile="true" setAllPoints="true"/>
							</Layer>
						</Layers>
					</Slider>
				</Frames>
			</ScrollFrame>
			<Frame parentKey="DropDown" inherits="UIDropDownMenuTemplate"/>
			<Frame parentKey="InsetFrame" inherits="InsetFrameTemplate">
				<Anchors>
					<Anchor point="TOPLEFT" x="-3" y="3"/>
					<Anchor point="BOTTOMRIGHT" x="-2" y="-2"/>
				</Anchors>
				<Scripts>
					<OnLoad>
						self:SetFrameLevel(100);
					</OnLoad>
				</Scripts>
			</Frame>
		</Frames>
		<Scripts>
			<OnLoad method="OnLoad"/>
			<OnShow method="OnShow"/>
			<OnHide method="OnHide"/>
		</Scripts>
	</Frame>
</Ui>