<Ui xmlns="http://www.blizzard.com/wow/ui/" xmlns:xsi="http://www.w3.org/2001/XMLSchema-instance" xsi:schemaLocation="http://www.blizzard.com/wow/ui/
..\..\FrameXML\UI.xsd">
	<Script file="CommunitiesMemberList.lua"/>

	<Button name="CommunitiesMemberListEntryTemplate" registerForClicks="LeftButtonUp, RightButtonUp" virtual="true" mixin="CommunitiesMemberListEntryMixin">
		<Size x="140" y="20"/>
		<Frames>
			<Frame parentKey="NameFrame">
				<Size x="136" y="20"/>
				<Anchors>
					<Anchor point="LEFT" x="4" y="0"/>
				</Anchors>
				<Layers>
					<Layer level="OVERLAY">
						<Texture parentKey="PresenceIcon">
							<Size x="16" y="16"/>
							<Anchors>
								<Anchor point="LEFT"/>
							</Anchors>
						</Texture>
						<FontString parentKey="Name" inherits="GameFontHighlightSmall" justifyH="LEFT" wordwrap="false">
							<Size x="136" y="20"/>
							<Anchors>
								<Anchor point="LEFT"/>
							</Anchors>
						</FontString>
						<Texture parentKey="RankIcon">
							<Size x="12" y="12"/>
							<Anchors>
								<Anchor point="LEFT" x="0" y="0"/>
							</Anchors>
						</Texture>
					</Layer>
				</Layers>
			</Frame>
			<Button parentKey="SelfDeafenButton" inherits="RosterSelfDeafenButtonTemplate">
				<Anchors>
					<Anchor point="RIGHT" x="-17"/>
				</Anchors>
			</Button>
			<Button parentKey="SelfMuteButton" inherits="RosterSelfMuteButtonTemplate">
				<Anchors>
					<Anchor point="RIGHT" relativeKey="$parent.SelfDeafenButton" relativePoint="LEFT" x="-2" y="0"/>
				</Anchors>
			</Button>
			<Button parentKey="MemberMuteButton" inherits="RosterMemberMuteButtonTemplate">
				<Anchors>
					<Anchor point="RIGHT" x="-17"/>
				</Anchors>
			</Button>
			<Button parentKey="CancelInvitationButton" inherits="UIMenuButtonStretchTemplate">
				<Size x="24" y="22"/>
				<Anchors>
					<Anchor point="RIGHT" x="-17"/>
				</Anchors>
				<Layers>
					<Layer level="ARTWORK">
						<Texture parentKey="Icon" atlas="groupfinder-icon-redx" useAtlasSize="true">
							<Anchors>
								<Anchor point="CENTER" x="0" y="0"/>
							</Anchors>
						</Texture>
					</Layer>
				</Layers>
				<Scripts>
					<OnEnter>
						GameTooltip:SetOwner(self);
						GameTooltip:SetText(COMMUNITY_MEMBER_CANCEL_INVITATION_TOOLTIP);
						GameTooltip:Show();
					</OnEnter>
					<OnLeave>
						GameTooltip:Hide();
					</OnLeave>
					<OnClick>
						PlaySound(SOUNDKIT.IG_MAINMENU_OPTION_CHECKBOX_ON);
						self:GetParent():CancelInvitation();
					</OnClick>
				</Scripts>
				<HighlightTexture file="Interface\Buttons\UI-Common-MouseHilight" alphaMode="ADD"/>
			</Button>
			<Button parentKey="ProfessionHeader" setAllPoints="true" hidden="true">
				<Layers>
					<Layer level="BORDER">
						<Texture parentKey="Left" file="Interface\Buttons\CollapsibleHeader">
							<Size x="76" y="16"/>
							<Anchors>
								<Anchor point="LEFT" x="3" y="0"/>
							</Anchors>
							<TexCoords left="0.17578125" right="0.47265625" top="0.29687500" bottom="0.54687500"/>	
						</Texture>
						<Texture parentKey="Right" file="Interface\Buttons\CollapsibleHeader">
							<Size x="76" y="16"/>
							<Anchors>
								<Anchor point="LEFT" relativeKey="$parent.Left" relativePoint="RIGHT" x="430" y="0"/>
							</Anchors>
							<TexCoords left="0.17578125" right="0.47265625" top="0.01562500" bottom="0.26562500"/>	
						</Texture>
					</Layer>
					<Layer level="BACKGROUND">
						<Texture parentKey="Middle" file="Interface\Buttons\CollapsibleHeader">
							<Size x="0" y="16"/>
							<Anchors>
								<Anchor point="LEFT" relativeKey="$parent.Left" relativePoint="RIGHT" x="-20" y="0"/>
								<Anchor point="RIGHT" relativeKey="$parent.Right" relativePoint="LEFT" x="20" y="0"/>
							</Anchors>
							<TexCoords left="0.48046875" right="0.98046875" top="0.01562500" bottom="0.26562500"/>	
						</Texture>
					</Layer>
					<Layer level="ARTWORK">
						<Texture parentKey="ExpandedIcon" inherits="Char-Stat-Minus">
							<Anchors>
								<Anchor point="LEFT" relativeKey="$parent.Left" x="10" y="0"/>
							</Anchors>
						</Texture>
						<Texture parentKey="CollapsedIcon" inherits="Char-Stat-Plus">
							<Anchors>
								<Anchor point="LEFT" relativeKey="$parent.Left" x="10" y="0"/>
							</Anchors>
						</Texture>
						<Texture parentKey="Icon">
							<Size x="14" y="14"/>
							<Anchors>
								<Anchor point="LEFT" relativeKey="$parent.Left" x="26" y="0"/>
							</Anchors>
							<TexCoords left="0.08" right="0.92" top="0.08" bottom="0.92"/>							
						</Texture>
						<FontString parentKey="Name" inherits="GameFontNormalSmall">
							<Anchors>
								<Anchor point="LEFT" relativeKey="$parent.Left" x="46" y="1"/>
							</Anchors>
						</FontString>
					</Layer>
				</Layers>
				<Frames>
					<Button parentKey="AllRecipes" text="GUILD_VIEW_ALL_RECIPES_LINK">
						<Anchors>
							<Anchor point="RIGHT" relativeKey="$parent.Right" x="-10" y="1"/>
						</Anchors>
						<Scripts>
							<OnLoad>
								local fontString = self:GetFontString();
								self:SetHeight(fontString:GetHeight() + 4);
								self:SetWidth(fontString:GetWidth() + 4);
							</OnLoad>
							<OnClick>
								ViewGuildRecipes(self:GetParent():GetParent():GetProfessionId());
							</OnClick>
						</Scripts>
						<ButtonText>
							<Anchors>
								<Anchor point="RIGHT" x="-2" y="0"/>
							</Anchors>
							<Color r="0.973" g="0.937" b="0.580"/>
						</ButtonText>
						<NormalFont style="GameFontNormalSmall"/>
					</Button>
				</Frames>
				<Scripts>
					<OnClick>
						self:GetParent():OnProfessionHeaderClicked();
					</OnClick>
					<OnMouseDown>
						if self:IsEnabled() then
							self.Left:SetPoint("LEFT", 4, -1);
						end
					</OnMouseDown>
					<OnMouseUp>
						self.Left:SetPoint("LEFT", 3, 0);
					</OnMouseUp>
				</Scripts>
			</Button>
		</Frames>
		<Layers>
			<Layer level="OVERLAY">
				<FontString parentKey="Level" inherits="GameFontHighlightSmall" justifyH="LEFT" wordwrap="false">
					<Size x="40" y="0"/>
					<Anchors>
						<Anchor point="LEFT" x="4" y="0"/>
					</Anchors>
				</FontString>
				<Texture parentKey="Class" file="Interface\Glues\CharacterCreate\UI-CharacterCreate-Classes">
					<Size x="16" y="16"/>
					<Anchors>
						<Anchor point="LEFT" relativeKey="$parent.Level" relativePoint="RIGHT" x="8" y="0"/>
					</Anchors>
				</Texture>
				<FontString parentKey="Zone" inherits="GameFontHighlightSmall" justifyH="LEFT" wordwrap="false">
					<Size x="90" y="0"/>
					<Anchors>
						<Anchor point="LEFT" relativeKey="$parent.NameFrame" relativePoint="RIGHT" x="8" y="0"/>
					</Anchors>
				</FontString>
				<FontString parentKey="Rank" inherits="GameFontHighlightSmall" justifyH="LEFT" wordwrap="false">
					<Size x="70" y="0"/>
					<Anchors>
						<Anchor point="LEFT" relativeKey="$parent.NameFrame" relativePoint="RIGHT" x="8" y="0"/>
					</Anchors>
				</FontString>
				<FontString parentKey="Note" inherits="GameFontHighlightSmall" justifyH="LEFT" wordwrap="false">
					<Size x="93" y="0"/>
					<Anchors>
						<Anchor point="LEFT" relativeKey="$parent.Rank" relativePoint="RIGHT" x="8" y="0"/>
					</Anchors>
				</FontString>
				<FontString parentKey="GuildInfo" inherits="GameFontHighlightSmall" justifyH="LEFT" wordwrap="false">
					<Anchors>
						<Anchor point="LEFT" relativeKey="$parent.Note" relativePoint="RIGHT" x="20" y="0"/>
						<Anchor point="RIGHT" relativeKey="$parent" relativePoint="RIGHT" x="-4" y="0"/>
					</Anchors>
				</FontString>
				<Texture parentKey="VoiceChatStatusIcon">
					<Size x="16" y="16"/>
					<Anchors>
						<Anchor point="LEFT" relativePoint="RIGHT" relativeKey="$parent.Name"/>
					</Anchors>
				</Texture>
			</Layer>
		</Layers>
		<Scripts>
			<OnShow method="OnShow"/>
			<OnHide method="OnHide"/>
			<OnEvent method="OnEvent"/>
			<OnClick method="OnClick"/>
			<OnEnter method="OnEnter"/>
			<OnLeave method="OnLeave"/>
		</Scripts>
		<NormalTexture setAllPoints="true" file="Interface\GuildFrame\GuildFrame">
			<TexCoords left="0.36230469" right="0.38183594" top="0.95898438" bottom="0.99804688"/>
		</NormalTexture>
		<HighlightTexture file="Interface\FriendsFrame\UI-FriendsFrame-HighlightBar" alphaMode="ADD" setAllPoints="true"/>
	</Button>

	<Frame name="CommunitiesMemberListFrameTemplate" mixin="CommunitiesMemberListMixin" virtual="true">
		<Layers>
			<Layer level="BORDER">
				<FontString parentKey="MemberCount" inherits="GameFontNormalSmall">
					<Anchors>
						<Anchor point="BOTTOMLEFT" relativeKey="$parent" relativePoint="TOPLEFT" x="0" y="17"/>
					</Anchors>
				</FontString>
			</Layer>
		</Layers>
		<Frames>
			<Frame parentKey="WatermarkFrame" setAllPoints="true" clipChildren="true">
				<Layers>
					<Layer level="BORDER">
						<Texture parentKey="Watermark" alphaMode="ADD" alpha="0.10">
							<Anchors>
								<Anchor point="TOPRIGHT" relativeKey="$parent" relativePoint="BOTTOMRIGHT" x="44" y="131"/>
								<Anchor point="TOPLEFT" relativeKey="$parent" relativePoint="BOTTOMRIGHT" x="-84" y="131"/>
								<Anchor point="BOTTOMRIGHT" relativeKey="$parent" relativePoint="BOTTOMRIGHT" x="44" y="3"/>
								<Anchor point="BOTTOMLEFT" relativeKey="$parent" relativePoint="BOTTOMRIGHT" x="-84" y="3"/>
							</Anchors>
						</Texture>
						<MaskTexture parentKey="WatermarkCircleMask" file="Interface\CharacterFrame\TempPortraitAlphaMask" hWrapMode="CLAMPTOBLACKADDITIVE" vWrapMode="CLAMPTOBLACKADDITIVE">
							<Anchors>
								<Anchor point="TOPLEFT" relativeKey="$parent.Watermark" x="6" y="-6"/>
								<Anchor point="BOTTOMRIGHT" relativeKey="$parent.Watermark" x="-6" y="6"/>
							</Anchors>
							<MaskedTextures>
								<MaskedTexture childKey="Watermark"/>
							</MaskedTextures>
						</MaskTexture>
					</Layer>
				</Layers>
			</Frame>
			<CheckButton parentKey="ShowOfflineButton" inherits="UICheckButtonTemplate" hidden="true">
				<Anchors>
					<Anchor point="BOTTOMLEFT" relativeKey="$parent" relativePoint="TOPLEFT" x="0" y="26"/>
				</Anchors>
				<Scripts>
					<OnLoad>
						self.text:SetText(COMMUNITIES_MEMBER_LIST_SHOW_OFFLINE);
					</OnLoad>
					<OnClick>
						PlaySound(SOUNDKIT.IG_MAINMENU_OPTION_CHECKBOX_ON);
						self:GetParent():SetShowOfflinePlayers(self:GetChecked());
					</OnClick>
				</Scripts>
			</CheckButton>
			<Frame parentKey="ColumnDisplay" useParentLevel="true" inherits="ColumnDisplayTemplate" hidden="true">
				<Anchors>
					<Anchor point="TOPLEFT" relativePoint="TOPLEFT" x="-3" y="60"/>
					<Anchor point="TOPRIGHT" relativePoint="TOPRIGHT" x="22" y="60"/>
				</Anchors>
				<KeyValues>
					<KeyValue key="sortingFunction" value="CommunitiesMemberListColumnDisplay_OnClick" type="global"/>
				</KeyValues>
				<Layers>
					<Layer level="BORDER">
						<Texture parentKey="InsetBorderTopLeft" inherits="UI-Frame-InnerTopLeft">
							<Anchors>
								<Anchor point="TOPLEFT" relativeKey="$parent.Background" relativePoint="BOTTOMLEFT" x="0" y="3"/>
							</Anchors>
						</Texture>
						<Texture parentKey="InsetBorderTopRight" inherits="UI-Frame-InnerTopRight">
							<Anchors>
								<Anchor point="TOPRIGHT" relativeKey="$parent.Background" relativePoint="BOTTOMRIGHT" x="0" y="3"/>
							</Anchors>
						</Texture>
						<Texture parentKey="InsetBorderBottomLeft" inherits="UI-Frame-InnerBotLeftCorner">
							<Anchors>
								<Anchor point="BOTTOMLEFT" relativeKey="$parent.$parent" x="-3" y="-3"/>
							</Anchors>
						</Texture>
						<Texture parentKey="InsetBorderTop" inherits="_UI-Frame-InnerTopTile">
							<Anchors>
								<Anchor point="TOPLEFT" relativeKey="$parent.InsetBorderTopLeft" relativePoint="TOPRIGHT"/>
								<Anchor point="TOPRIGHT" relativeKey="$parent.InsetBorderTopRight" relativePoint="TOPLEFT"/>
							</Anchors>
						</Texture>
						<Texture parentKey="InsetBorderLeft" inherits="!UI-Frame-InnerLeftTile">
							<Anchors>
								<Anchor point="TOPLEFT" relativeKey="$parent.InsetBorderTopLeft" relativePoint="BOTTOMLEFT" x="0" y="0"/>
								<Anchor point="BOTTOMLEFT" relativeKey="$parent.InsetBorderBottomLeft" relativePoint="TOPLEFT"/>
							</Anchors>
						</Texture>
					</Layer>
				</Layers>
			</Frame>
			<ScrollFrame parentKey="ListScrollFrame" inherits="HybridScrollFrameTemplate">
				<Anchors>
					<Anchor point="TOPLEFT"/>
					<Anchor point="BOTTOMRIGHT"/>
				</Anchors>
				<Frames>
					<Slider parentKey="scrollBar" inherits="HybridScrollBarTemplate">
						<Anchors>
							<Anchor point="TOPLEFT" relativePoint="TOPRIGHT" x="0" y="-15"/>
							<Anchor point="BOTTOMLEFT" relativePoint="BOTTOMRIGHT" x="0" y="11"/>
						</Anchors>
						<Layers>
							<Layer level="BACKGROUND">
								<Texture parentKey="Background" file="Interface\FrameGeneral\UI-Background-Marble" horizTile="true" vertTile="true" setAllPoints="true"/>
							</Layer>
						</Layers>
					</Slider>
				</Frames>
			</ScrollFrame>
			<Frame parentKey="DropDown" hidden="true" inherits="UIDropDownMenuTemplate">
				<Scripts>
					<OnLoad function="CommunitiesMemberListDropDown_OnLoad"/>
					<OnHide function="CommunitiesMemberListDropDown_OnHide"/>
				</Scripts>
			</Frame>
			<Frame parentKey="InsetFrame" useParentLevel="false" inherits="InsetFrameTemplate">
				<Anchors>
					<Anchor point="TOPLEFT" x="-3" y="3"/>
					<Anchor point="BOTTOMRIGHT" x="-2" y="-2"/>
				</Anchors>
				<Scripts>
					<OnLoad>
						self.Bg:Hide();
						self:SetFrameLevel(100);
					</OnLoad>
				</Scripts>
			</Frame>
		</Frames>
		<Scripts>
			<OnLoad method="OnLoad"/>
			<OnShow method="OnShow"/>
			<OnEvent method="OnEvent"/>
			<OnHide method="OnHide"/>
			<OnUpdate method="OnUpdate"/>
		</Scripts>
	</Frame>

	<Frame name="GuildMemberListDropDownMenuTemplate" inherits="UIDropDownMenuTemplate" mixin="GuildMemberListDropDownMenuMixin" virtual="true">
		<Size x="40" y="28"/>
		<Frames>
			<Frame parentKey="NotificationOverlay" frameLevel="100" setAllPoints="true" hidden="true">
				<Layers>
					<Layer level="OVERLAY">
						<Texture parentKey="UnreadNotificationIcon" atlas="communities-icon-notification">
							<Size x="11" y="11"/>
							<Anchors>
								<Anchor point="CENTER" relativeKey="$parent" relativePoint="TOPRIGHT" x="-19" y="-4"/>
							</Anchors>
						</Texture>
					</Layer>
				</Layers>
			</Frame>
		</Frames>
		<Scripts>
			<OnLoad method="OnLoad"/>
			<OnShow method="OnShow"/>
			<OnHide method="OnHide"/>
		</Scripts>
	</Frame>
	
	<Frame name="CommunityMemberListDropDownMenuTemplate" inherits="UIDropDownMenuTemplate" mixin="CommunityMemberListDropDownMenuMixin" virtual="true">
		<Size x="40" y="28"/>
		<Frames>
			<Frame parentKey="NotificationOverlay" frameLevel="100" setAllPoints="true" hidden="true">
				<Layers>
					<Layer level="OVERLAY">
						<Texture parentKey="UnreadNotificationIcon" atlas="communities-icon-notification">
							<Size x="11" y="11"/>
							<Anchors>
								<Anchor point="CENTER" relativeKey="$parent" relativePoint="TOPRIGHT" x="-19" y="-4"/>
							</Anchors>
						</Texture>
					</Layer>
				</Layers>
			</Frame>
		</Frames>
		<Scripts>
			<OnLoad method="OnLoad"/>
			<OnShow method="OnShow"/>
			<OnHide method="OnHide"/>
		</Scripts>
	</Frame>
</Ui>