<Ui xmlns="http://www.blizzard.com/wow/ui/" xmlns:xsi="http://www.w3.org/2001/XMLSchema-instance" xsi:schemaLocation="http://www.blizzard.com/wow/ui/
..\..\FrameXML\UI.xsd">
	<Script file="CommunitiesList.lua"/>

	<Button name="CommunitiesListEntryTemplate" registerForClicks="LeftButtonUp, RightButtonUp" virtual="true" mixin="CommunitiesListEntryMixin">
		<Size x="178" y="68"/>
		<Layers>
			<Layer level="BACKGROUND">
				<Texture parentKey="Background" file="Interface\Common\bluemenu-main">
					<Size x="0" y="80"/>
					<TexCoords left="0.00390625" right="0.87890625" top="0.75195313" bottom="0.83007813"/>
					<Anchors>
						<Anchor point="LEFT"/>
						<Anchor point="RIGHT"/>
					</Anchors>
				</Texture>
			</Layer>
			<Layer level="BACKGROUND" textureSubLevel="2">
				<Texture parentKey="GuildTabardBackground" atlas="communities-guildbanner-background">
					<Size x="52" y="51"/>
					<Anchors>
						<Anchor point="TOPLEFT" x="6" y="-11"/>
					</Anchors>
				</Texture>
			</Layer>
			<Layer level="BACKGROUND" textureSubLevel="1">
				<Texture parentKey="Selection" file="Interface\Common\bluemenu-main" hidden="true">
					<Size x="0" y="80"/>
					<Anchors>
						<Anchor point="LEFT"/>
						<Anchor point="RIGHT"/>
					</Anchors>
					<TexCoords left="0.00390625" right="0.87890625" top="0.59179688" bottom="0.66992188"/>
				</Texture>
			</Layer>
			<Layer level="ARTWORK">
				<Texture parentKey="Icon">
					<Size x="38" y="38"/>
					<Anchors>
						<Anchor point="TOPLEFT" x="11" y="-15"/>
					</Anchors>
				</Texture>
				<MaskTexture parentKey="CircleMask" file="Interface\CharacterFrame\TempPortraitAlphaMask" hWrapMode="CLAMPTOBLACKADDITIVE" vWrapMode="CLAMPTOBLACKADDITIVE">
					<Anchors>
						<Anchor point="TOPLEFT" relativeKey="$parent.Icon" x="2" y="-2"/>
						<Anchor point="BOTTOMRIGHT" relativeKey="$parent.Icon" x="-2" y="2"/>
					</Anchors>
					<MaskedTextures>
						<MaskedTexture childKey="Icon"/>
					</MaskedTextures>
				</MaskTexture>
				<FontString parentKey="Name" inherits="GameFontNormal" justifyH="LEFT">
					<Anchors>
						<Anchor point="LEFT" relativeKey="$parent.Icon" relativePoint="RIGHT" x="11" y="0"/>
						<Anchor point="RIGHT" x="-24" y="0"/>
						<Anchor point="TOP" x="0" y="-6"/>
						<Anchor point="BOTTOM" x="0" y="6"/>
					</Anchors>
				</FontString>
			</Layer>
			<Layer level="BORDER" textureSubLevel="1">
				<Texture parentKey="GuildTabardEmblem" file="Interface\GuildFrame\GuildEmblemsLG_01">
					<Size x="42" y="42"/>
					<Anchors>
						<Anchor point="TOPLEFT" x="11" y="-10"/>
					</Anchors>
				</Texture>
			</Layer>
			<Layer level="OVERLAY">
				<Texture parentKey="GuildTabardBorder" atlas="communities-guildbanner-border">
					<Size x="52" y="51"/>
					<Anchors>
						<Anchor point="TOPLEFT" x="6" y="-11"/>
					</Anchors>
				</Texture>
				<Texture parentKey="InvitationIcon" atlas="communities-icon-invitemail">
					<Size x="57" y="55"/>
					<Anchors>
						<Anchor point="TOPLEFT" x="3" y="-8"/>
					</Anchors>
				</Texture>
				<Texture parentKey="IconRing" atlas="communities-ring-gold">
					<Size x="48" y="48"/>
					<Anchors>
						<Anchor point="CENTER" relativeKey="$parent.Icon" x="0" y="0"/>
					</Anchors>
				</Texture>
				<Texture parentKey="UnreadNotificationIcon" atlas="communities-icon-notification" hidden="true">
					<Size x="11" y="11"/>
					<Anchors>
						<Anchor point="RIGHT" x="-16" y="0"/>
					</Anchors>
				</Texture>
			</Layer>
			<Layer level="OVERLAY" textureSubLevel="10">
				<Texture parentKey="FavoriteIcon" atlas="collections-icon-favorites" useAtlasSize="true" scale="0.75">
					<Anchors>
						<Anchor point="TOPLEFT" x="5" y="-9"/>
					</Anchors>
				</Texture>
			</Layer>
		</Layers>
		<HighlightTexture file="Interface\Common\bluemenu-main" alphaMode="ADD" alpha="0.8">
			<Size x="0" y="80"/>
			<TexCoords left="0.00390625" right="0.87890625" top="0.75195313" bottom="0.83007813"/>
			<Anchors>
				<Anchor point="LEFT"/>
				<Anchor point="RIGHT"/>
			</Anchors>
		</HighlightTexture>
		<Scripts>
			<OnShow method="OnShow"/>
			<OnHide method="OnHide"/>
			<OnEvent method="OnEvent"/>
			<OnEnter method="OnEnter"/>
			<OnLeave function="GameTooltip_Hide"/>
			<OnClick method="OnClick"/>
		</Scripts>
	</Button>

	<Frame name="CommunitiesListFrameTemplate" useParentLevel="true" mixin="CommunitiesListMixin" virtual="true">
		<Layers>
			<Layer level="ARTWORK" textureSubLevel="1">
				<Texture parentKey="Bg" file="Interface\Common\bluemenu-main">
					<Anchors>
						<Anchor point="TOPLEFT" x="2" y="0" />
						<Anchor point="BOTTOMRIGHT" x="-2" y="0" />
					</Anchors>
					<TexCoords left="0.00390625" right="0.82421875" top="0.18554688" bottom="0.58984375"/>
				</Texture>
			</Layer>
			<Layer level="ARTWORK" textureSubLevel="2">
				<Texture parentKey="TopFiligree" file="Interface\Common\bluemenu-main">
					<Size x="155" y="55"/>
					<Anchors>
						<Anchor point="TOPLEFT" x="14" y="-6" />
					</Anchors>
					<TexCoords left="0.00390625" right="0.72656250" top="0.12988281" bottom="0.18359375"/>
				</Texture>
				<Texture parentKey="BottomFiligree" file="Interface\Common\bluemenu-main">
					<Size x="155" y="55"/>
					<Anchors>
						<Anchor point="BOTTOMLEFT" x="14" y="1" />
					</Anchors>
					<TexCoords left="0.26171875" right="0.98437500" top="0.06542969" bottom="0.11914063"/>
				</Texture>
			</Layer>
		</Layers>
		<Frames>
			<ScrollFrame name="$parentListScrollFrame" parentKey="ListScrollFrame" useParentLevel="true" inherits="HybridScrollFrameTemplate">
				<Anchors>
					<Anchor point="TOPLEFT"/>
					<Anchor point="BOTTOMRIGHT"/>
				</Anchors>
				<KeyValues>
					<KeyValue key="stepSize" value="40" type="number"/>
				</KeyValues>
				<Frames>
					<Slider parentKey="ScrollBar" frameLevel="100" inherits="HybridScrollBarTemplate">
						<Anchors>
							<Anchor point="TOPLEFT" relativePoint="TOPRIGHT" x="0" y="-15"/>
							<Anchor point="BOTTOMLEFT" relativePoint="BOTTOMRIGHT" x="0" y="11"/>
						</Anchors>
						<Layers>
							<Layer level="BACKGROUND">
								<Texture parentKey="Background" file="Interface\FrameGeneral\UI-Background-Marble" horizTile="true" vertTile="true" setAllPoints="true"/>
							</Layer>
						</Layers>
					</Slider>
				</Frames>
				<Scripts>
					<OnVerticalScroll function="CommunitiesListScrollFrame_OnVerticalScroll"/>
				</Scripts>
			</ScrollFrame>
			<Frame parentKey="EntryDropDown" inherits="UIDropDownMenuTemplate">
				<Scripts>
					<OnLoad function="CommunitiesListEntryDropDown_OnLoad"/>
					<OnHide function="CommunitiesListEntryDropDown_OnHide"/>
				</Scripts>
			</Frame>
			<Frame parentKey="FilligreeOverlay" frameLevel="100">
				<Anchors>
					<Anchor point="TOPLEFT" x="3" y="-1"/>
					<Anchor point="BOTTOMRIGHT" x="-2" y="0"/>
				</Anchors>
				<Layers>
					<Layer level="ARTWORK">
						<Texture parentKey="TLCorner" file="Interface\Common\bluemenu-main">
							<Size x="64" y="64"/>
							<Anchors>
								<Anchor point="TOPLEFT" x="3" y="2"/>
							</Anchors>
							<TexCoords left="0.00390625" right="0.25390625" top="0.00097656" bottom="0.06347656"/>
						</Texture>
						<Texture parentKey="TRCorner" file="Interface\Common\bluemenu-main">
							<Size x="64" y="64"/>
							<Anchors>
								<Anchor point="TOPRIGHT" x="-1" y="2"/>
							</Anchors>
							<TexCoords left="0.51953125" right="0.76953125" top="0.00097656" bottom="0.06347656"/>
						</Texture>
					</Layer>
					<Layer level="OVERLAY">
						<Texture parentKey="BRCorner" file="Interface\Common\bluemenu-main">
							<Size x="64" y="64"/>
							<Anchors>
								<Anchor point="BOTTOMRIGHT" x="0" y="0"/>
							</Anchors>
							<TexCoords left="0.51171875" right="0.26171875" top="0.00097656" bottom="0.06347656"/>
						</Texture>
						<Texture parentKey="BLCorner" file="Interface\Common\bluemenu-main">
							<Size x="64" y="64"/>
							<Anchors>
								<Anchor point="BOTTOMLEFT" x="3" y="0"/>
							</Anchors>
							<TexCoords left="0.26171875" right="0.51171875" top="0.00097656" bottom="0.06347656"/>
						</Texture>
						<Texture parentKey="LeftBar" file="Interface\Common\bluemenu-vert" vertTile="true">
							<Size x="43" y="247"/>
							<Anchors>
								<Anchor point="TOPLEFT" x="3" y="-62" />
							</Anchors>
							<TexCoords left="0.06250000" right="0.39843750" top="0.00000000" bottom="1.00000000"/>
						</Texture>
						<Texture parentKey="RightBar" file="Interface\Common\bluemenu-vert" vertTile="true">
							<Size x="43" y="0"/>
							<Anchors>
								<Anchor point="TOPRIGHT" relativeKey="$parent.TRCorner" relativePoint="BOTTOMRIGHT" x="0" y="0" />
								<Anchor point="BOTTOMRIGHT" relativeKey="$parent.BRCorner" relativePoint="TOPRIGHT" x="0" y="0" />
							</Anchors>
							<TexCoords left="0.41406250" right="0.75000000" top="0.00000000" bottom="1.00000000"/>
						</Texture>
					</Layer>
					<Layer level="BORDER">
						<Texture parentKey="TopBar" file="Interface\Common\bluemenu-goldborder-horiz" horizTile="true">
							<Size x="0" y="43"/>
							<Anchors>
								<Anchor point="TOPLEFT" relativeKey="$parent.TLCorner" relativePoint="TOPRIGHT" x="0" y="0" />
								<Anchor point="TOPRIGHT" relativeKey="$parent.TRCorner" relativePoint="TOPLEFT" x="0" y="0" />
							</Anchors>
							<TexCoords left="0.00000000" right="1.00000000" top="0.00781250" bottom="0.34375000"/>
						</Texture>
						<Texture parentKey="BottomBar" file="Interface\Common\bluemenu-goldborder-horiz" horizTile="true">
							<Size x="0" y="43"/>
							<Anchors>
								<Anchor point="BOTTOMLEFT" relativeKey="$parent.BLCorner" relativePoint="BOTTOMRIGHT" x="0" y="0" />
								<Anchor point="BOTTOMRIGHT" relativeKey="$parent.BRCorner" relativePoint="BOTTOMLEFT" x="0" y="0" />
							</Anchors>
							<TexCoords left="0.00000000" right="1.00000000" top="0.35937500" bottom="0.69531250"/>
						</Texture>
					</Layer>
				</Layers>
			</Frame>
			<Frame parentKey="InsetFrame" frameLevel="200" inherits="InsetFrameTemplate">
				<Anchors>
					<Anchor point="TOPLEFT" x="3" y="1"/>
					<Anchor point="BOTTOMRIGHT" x="0" y="-3"/>
				</Anchors>
				<Scripts>
					<OnLoad>
						self.Bg:Hide();
					</OnLoad>
				</Scripts>
			</Frame>
		</Frames>
		<Scripts>
			<OnLoad method="OnLoad"/>
			<OnShow method="OnShow"/>
			<OnEvent method="OnEvent"/>
		</Scripts>
	</Frame>

	<Frame name="CommunitiesListDropDownMenuTemplate" inherits="UIDropDownMenuTemplate" mixin="CommunitiesListDropDownMenuMixin" virtual="true">
		<Size x="40" y="28"/>
		<Frames>
			<Frame parentKey="NotificationOverlay" frameLevel="100" setAllPoints="true" hidden="true">
				<Layers>
					<Layer level="OVERLAY">
						<Texture parentKey="UnreadNotificationIcon" atlas="communities-icon-notification">
							<Size x="11" y="11"/>
							<Anchors>
								<Anchor point="CENTER" relativeKey="$parent" relativePoint="TOPRIGHT" x="-19" y="-4"/>
							</Anchors>
						</Texture>
					</Layer>
				</Layers>
			</Frame>
		</Frames>
		<Scripts>
			<OnLoad method="OnLoad"/>
			<OnShow method="OnShow"/>
			<OnHide method="OnHide"/>
		</Scripts>
	</Frame>
</Ui>