<Ui xmlns="http://www.blizzard.com/wow/ui/" xmlns:xsi="http://www.w3.org/2001/XMLSchema-instance" xsi:schemaLocation="http://www.blizzard.com/wow/ui/
..\..\FrameXML\UI.xsd">
	<Script file="CommunitiesFrame.lua"/>

	<Frame name="GuildBenefitsFrameTemplate" virtual="true">
		<Frames>
			<Frame parentKey="Perks" inherits="CommunitiesGuildPerksFrameTemplate">
				<Size x="270" y="0"/>
				<Anchors>
					<Anchor point="TOPLEFT" x="0" y="0"/>
					<Anchor point="BOTTOMLEFT" x="0" y="0"/>
				</Anchors>
			</Frame>
			<Frame parentKey="Rewards" inherits="CommunitiesGuildRewardsFrameTemplate">
				<Size x="302" y="0"/>
				<Anchors>
					<Anchor point="TOPRIGHT" x="-15" y="0"/>
					<Anchor point="BOTTOMRIGHT" x="-15" y="0"/>
				</Anchors>
			</Frame>
			<Button parentKey="GuildRewardsTutorialButton" inherits="GuildRewardsTutorialButtonTemplate">
				<Anchors>
					<Anchor point="LEFT" relativeKey="$parent.Rewards.TitleText" relativePoint="RIGHT" x="0" y="1"/>
				</Anchors>
			</Button>
			<Frame parentKey="GuildAchievementPointDisplay" inherits="GuildAchievementPointDisplayTemplate">
				<Anchors>
					<Anchor point="BOTTOMRIGHT" relativeKey="$parent.Rewards" relativePoint="TOPRIGHT" x="15" y="0"/>
				</Anchors>
			</Frame>
			<Frame parentKey="FactionFrame">
				<Size x="1" y="20"/>
				<Anchors>
					<Anchor point="BOTTOMLEFT" x="0" y="-25"/>
				</Anchors>
				<Layers>
					<Layer level="ARTWORK">
						<FontString parentKey="Label" inherits="GameFontNormalSmall" text="GUILD_REPUTATION_COLON">
							<Anchors>
								<Anchor point="BOTTOMLEFT" x="0" y="4.5"/>
							</Anchors>
						</FontString>
					</Layer>
				</Layers>
				<Frames>
					<Frame parentKey="Bar" inherits="CommunitiesGuildProgressBarTemplate">
						<Size x="184" y="20"/>
						<Anchors>
							<Anchor point="LEFT" relativeKey="$parent.Label" relativePoint="RIGHT" x="4" y="1.5"/>
						</Anchors>
					</Frame>
				</Frames>
			</Frame>
		</Frames>
		<Layers>
			<Layer level="OVERLAY">
				<Texture parentKey="InsetBorderTopLeft" inherits="UI-Frame-InnerTopLeft">
					<Anchors>
						<Anchor point="TOPRIGHT" relativeKey="$parent.Rewards" relativePoint="TOPLEFT" x="3" y="3"/>
					</Anchors>
				</Texture>
				<Texture parentKey="InsetBorderTopRight" inherits="UI-Frame-InnerTopRight">
					<Anchors>
						<Anchor point="TOPLEFT" relativeKey="$parent.Perks" relativePoint="TOPRIGHT"  x="12" y="3"/>
					</Anchors>
				</Texture>
				<Texture parentKey="InsetBorderBottomLeft" inherits="UI-Frame-InnerBotLeftCorner">
					<Anchors>
						<Anchor point="BOTTOMRIGHT" relativeKey="$parent.Rewards" relativePoint="BOTTOMLEFT" x="3" y="-5"/>
					</Anchors>
				</Texture>
				<Texture parentKey="InsetBorderBottomRight" inherits="UI-Frame-InnerBotRight">
					<Anchors>
						<Anchor point="BOTTOMLEFT" relativeKey="$parent.Perks" relativePoint="BOTTOMRIGHT"  x="12" y="-5"/>
					</Anchors>
				</Texture>
				<Texture parentKey="InsetBorderLeft" inherits="!UI-Frame-InnerLeftTile">
					<Anchors>
						<Anchor point="TOPLEFT" relativeKey="$parent.InsetBorderTopLeft" relativePoint="BOTTOMLEFT"/>
						<Anchor point="BOTTOMLEFT" relativeKey="$parent.InsetBorderBottomLeft" relativePoint="TOPLEFT"/>
					</Anchors>
				</Texture>
				<Texture parentKey="InsetBorderRight" inherits="!UI-Frame-InnerRightTile">
					<Anchors>
						<Anchor point="TOPRIGHT" relativeKey="$parent.InsetBorderTopRight" relativePoint="BOTTOMRIGHT"/>
						<Anchor point="BOTTOMRIGHT" relativeKey="$parent.InsetBorderBottomRight" relativePoint="TOPRIGHT" />
					</Anchors>
				</Texture>
				<Texture parentKey="InsetBorderTopLeft2" inherits="UI-Frame-InnerTopLeft">
					<Anchors>
						<Anchor point="TOPRIGHT" relativeKey="$parent.Perks" relativePoint="TOPLEFT" x="3" y="3"/>
					</Anchors>
				</Texture>
				<Texture parentKey="InsetBorderBottomLeft2" inherits="UI-Frame-InnerBotLeftCorner">
					<Anchors>
						<Anchor point="BOTTOMRIGHT" relativeKey="$parent.Perks" relativePoint="BOTTOMLEFT" x="3" y="-5"/>
					</Anchors>
				</Texture>
				<Texture parentKey="InsetBorderLeft2" inherits="!UI-Frame-InnerLeftTile">
					<Anchors>
						<Anchor point="TOPLEFT" relativeKey="$parent.InsetBorderTopLeft2" relativePoint="BOTTOMLEFT"/>
						<Anchor point="BOTTOMLEFT" relativeKey="$parent.InsetBorderBottomLeft2" relativePoint="TOPLEFT"/>
					</Anchors>
				</Texture>
			</Layer>
		</Layers>
	</Frame>

	<Frame name="GuildDetailsFrameTemplate" virtual="true">
		<Frames>
			<Frame parentKey="Info" name="$parentInfo" inherits="CommunitiesGuildInfoFrameTemplate">
				<Size x="270" y="0"/>
				<Anchors>
					<Anchor point="TOPLEFT" x="0" y="0"/>
					<Anchor point="BOTTOMLEFT" x="0" y="0"/>
				</Anchors>
			</Frame>
			<Frame parentKey="News" name="$parentNews" inherits="CommunitiesGuildNewsFrameTemplate">
				<Size x="316" y="0"/>
				<Anchors>
					<Anchor point="TOPRIGHT" x="-4" y="0"/>
					<Anchor point="BOTTOMRIGHT" x="-4" y="0"/>
				</Anchors>
			</Frame>
		</Frames>
		<Layers>
			<Layer level="OVERLAY">
				<Texture parentKey="InsetBorderTopLeft" inherits="UI-Frame-InnerTopLeft">
					<Anchors>
						<Anchor point="TOPRIGHT" relativeKey="$parent.News" relativePoint="TOPLEFT" x="6" y="3"/>
					</Anchors>
				</Texture>
				<Texture parentKey="InsetBorderTopRight" inherits="UI-Frame-InnerTopRight">
					<Anchors>
						<Anchor point="TOPLEFT" relativeKey="$parent.Info" relativePoint="TOPRIGHT"  x="12" y="3"/>
					</Anchors>
				</Texture>
				<Texture parentKey="InsetBorderBottomLeft" inherits="UI-Frame-InnerBotLeftCorner">
					<Anchors>
						<Anchor point="BOTTOMRIGHT" relativeKey="$parent.News" relativePoint="BOTTOMLEFT" x="6" y="-5"/>
					</Anchors>
				</Texture>
				<Texture parentKey="InsetBorderBottomRight" inherits="UI-Frame-InnerBotRight">
					<Anchors>
						<Anchor point="BOTTOMLEFT" relativeKey="$parent.Info" relativePoint="BOTTOMRIGHT"  x="12" y="-5"/>
					</Anchors>
				</Texture>
				<Texture parentKey="InsetBorderLeft" inherits="!UI-Frame-InnerLeftTile">
					<Anchors>
						<Anchor point="TOPLEFT" relativeKey="$parent.InsetBorderTopLeft" relativePoint="BOTTOMLEFT"/>
						<Anchor point="BOTTOMLEFT" relativeKey="$parent.InsetBorderBottomLeft" relativePoint="TOPLEFT"/>
					</Anchors>
				</Texture>
				<Texture parentKey="InsetBorderRight" inherits="!UI-Frame-InnerRightTile">
					<Anchors>
						<Anchor point="TOPRIGHT" relativeKey="$parent.InsetBorderTopRight" relativePoint="BOTTOMRIGHT"/>
						<Anchor point="BOTTOMRIGHT" relativeKey="$parent.InsetBorderBottomRight" relativePoint="TOPRIGHT" />
					</Anchors>
				</Texture>
				<Texture parentKey="InsetBorderTopLeft2" inherits="UI-Frame-InnerTopLeft">
					<Anchors>
						<Anchor point="TOPRIGHT" relativeKey="$parent.Info" relativePoint="TOPLEFT" x="3" y="3"/>
					</Anchors>
				</Texture>
				<Texture parentKey="InsetBorderBottomLeft2" inherits="UI-Frame-InnerBotLeftCorner">
					<Anchors>
						<Anchor point="BOTTOMRIGHT" relativeKey="$parent.Info" relativePoint="BOTTOMLEFT" x="3" y="-5"/>
					</Anchors>
				</Texture>
				<Texture parentKey="InsetBorderLeft2" inherits="!UI-Frame-InnerLeftTile">
					<Anchors>
						<Anchor point="TOPLEFT" relativeKey="$parent.InsetBorderTopLeft2" relativePoint="BOTTOMLEFT"/>
						<Anchor point="BOTTOMLEFT" relativeKey="$parent.InsetBorderBottomLeft2" relativePoint="TOPLEFT"/>
					</Anchors>
				</Texture>
			</Layer>
		</Layers>
	</Frame>

	<Button name="CommunitiesSubPanelButtonScriptTemplate" virtual="true">
		<Scripts>
			<OnClick>
				CallMethodOnNearestAncestor(self, "ToggleSubPanel", self.frame);
			</OnClick>
		</Scripts>
	</Button>

	<Frame name="CommunitiesControlFrameTemplate" mixin="CommunitiesControlFrameMixin" virtual="true">
		<Frames>
			<Button parentKey="CommunitiesSettingsButton" inherits="CommunitiesSettingsButtonTemplate">
				<Size x="165" y="20"/>
				<Anchors>
					<Anchor point="BOTTOMRIGHT"/>
				</Anchors>
			</Button>
			<Button parentKey="GuildControlButton" inherits="UIPanelButtonTemplate, CommunitiesSubPanelButtonScriptTemplate" text="GUILD_CONTROL_BUTTON_TEXT">
				<Size x="130" y="20"/>
				<Anchors>
					<Anchor point="BOTTOMRIGHT"/>
				</Anchors>
				<KeyValues>
					<KeyValue key="frame" value="GuildControlUI" type="Global"/>
				</KeyValues>
			</Button>
			<Button parentKey="GuildRecruitmentButton" inherits="UIPanelButtonTemplate" text="GUILD_RECRUITMENT">
				<Size x="130" y="20"/>
				<Anchors>
					<Anchor point="RIGHT" relativeKey="$parent.GuildControlButton" relativePoint="LEFT" x="-2" y="0"/>
				</Anchors>
				<Scripts>
					<OnClick>
						PlaySound(SOUNDKIT.IG_MAINMENU_OPEN);
						local recruitmentDialog = self:GetParent():GetParent().RecruitmentDialog;
						recruitmentDialog:SetShown(not recruitmentDialog:IsShown());
					</OnClick>
				</Scripts>
			</Button>
		</Frames>
		<Scripts>
			<OnShow method="OnShow"/>
		</Scripts>
	</Frame>

	<Frame name="CommunitiesFrame" toplevel="true" parent="UIParent" movable="true" enableMouse="true" hidden="true" inherits="ButtonFrameTemplateMinimizable" mixin="CommunitiesFrameMixin">
		<Size x="814" y="426"/>
		<Anchors>
			<Anchor point="CENTER"/>
		</Anchors>
		<Frames>
			<Frame parentKey="PortraitOverlay" frameLevel="300" setAllPoints="true">
				<Layers>
					<Layer level="BACKGROUND" textureSubLevel="1">
						<Texture parentKey="Portrait">
							<Size x="61" y="61"/>
							<Anchors>
								<Anchor point="TOPLEFT" x="-6" y="8" />
							</Anchors>
						</Texture>
						<MaskTexture parentKey="CircleMask" file="Interface\CharacterFrame\TempPortraitAlphaMask" hWrapMode="CLAMPTOBLACKADDITIVE" vWrapMode="CLAMPTOBLACKADDITIVE">
							<Anchors>
								<Anchor point="TOPLEFT" relativeKey="$parent.Portrait"/>
								<Anchor point="BOTTOMRIGHT" relativeKey="$parent.Portrait"/>
							</Anchors>
							<MaskedTextures>
								<MaskedTexture childKey="Portrait"/>
							</MaskedTextures>
						</MaskTexture>
						<Texture parentKey="TabardBackground" file="Interface\GuildFrame\GuildFrame" hidden="true">
							<Size x="62" y="62"/>
							<Anchors>
								<Anchor point="TOPLEFT" x="-7" y="8"/>
							</Anchors>
							<TexCoords left="0.63183594" right="0.69238281" top="0.61914063" bottom="0.74023438"/>
						</Texture>
					</Layer>
					<Layer level="BACKGROUND" textureSubLevel="2">
						<Texture parentKey="TabardEmblem" file="Interface\GuildFrame\GuildEmblemsLG_01" hidden="true">
							<Size x="64" y="64"/>
							<Anchors>
								<Anchor point="TOPLEFT" x="-8" y="9"/>
							</Anchors>
						</Texture>
					</Layer>
					<Layer level="BACKGROUND" textureSubLevel="3">
						<Texture parentKey="TabardBorder" file="Interface\GuildFrame\GuildFrame" hidden="true">
							<Size x="61" y="60"/>
							<Anchors>
								<Anchor point="TOPLEFT" x="-6" y="7"/>
							</Anchors>
							<TexCoords left="0.63183594" right="0.69238281" top="0.74414063" bottom="0.86523438"/>
						</Texture>
					</Layer>
				</Layers>
			</Frame>
			<Frame parentKey="MaximizeMinimizeFrame" inherits="MaximizeMinimizeButtonFrameTemplate">
				<Anchors>
					<Anchor point="RIGHT" relativeKey="$parent.CloseButton" relativePoint="LEFT" x="8.5" y="0"/>
				</Anchors>
				<Scripts>
					<OnLoad function="CommunitiesFrameMaximizeMinimizeButton_OnLoad" inherit="append"/>
				</Scripts>
			</Frame>
			<Frame name="$parentCommunitiesList" parentKey="CommunitiesList" useParentLevel="true" inherits="CommunitiesListFrameTemplate">
				<Anchors>
					<Anchor point="TOPLEFT" x="-1" y="-23"/>
					<Anchor point="BOTTOMRIGHT" relativePoint="BOTTOMLEFT" x="170" y="29"/>
				</Anchors>
			</Frame>
			<CheckButton parentKey="ChatTab" hidden="true" inherits="CommunitiesChatTabTemplate">
				<Anchors>
					<Anchor point="TOPLEFT" relativePoint="TOPRIGHT" x="0" y="-36"/>
				</Anchors>
			</CheckButton>
			<CheckButton parentKey="RosterTab" hidden="true" inherits="CommunitiesRosterTabTemplate">
				<Anchors>
					<Anchor point="TOPLEFT" relativeKey="$parent.ChatTab" relativePoint="BOTTOMLEFT" x="0" y="-20"/>
				</Anchors>
			</CheckButton>
			<CheckButton parentKey="GuildBenefitsTab" hidden="true" inherits="CommunitiesGuildBenefitsTabTemplate">
				<Anchors>
					<Anchor point="TOPLEFT" relativeKey="$parent.RosterTab" relativePoint="BOTTOMLEFT" x="0" y="-20"/>
				</Anchors>
			</CheckButton>
			<CheckButton parentKey="GuildInfoTab" hidden="true" inherits="CommunitiesGuildInfoTabTemplate">
				<Anchors>
					<Anchor point="TOPLEFT" relativeKey="$parent.GuildBenefitsTab" relativePoint="BOTTOMLEFT" x="0" y="-20"/>
				</Anchors>
			</CheckButton>
			<Frame parentKey="StreamDropDownMenu" inherits="StreamDropDownMenuTemplate">
				<Size x="40" y="28"/>
				<Anchors>
					<Anchor point="TOPLEFT" x="188" y="-32"/>
				</Anchors>
			</Frame>
			<Frame parentKey="GuildMemberListDropDownMenu" inherits="GuildMemberListDropDownMenuTemplate">
				<Size x="40" y="28"/>
				<Anchors>
					<Anchor point="TOPRIGHT" x="-10" y="-27"/>
				</Anchors>
			</Frame>
			<Frame parentKey="CommunityMemberListDropDownMenu" inherits="CommunityMemberListDropDownMenuTemplate">
				<Size x="40" y="28"/>
				<Anchors>
					<Anchor point="TOPRIGHT" x="-10" y="-27"/>
				</Anchors>
			</Frame> 
			<Frame parentKey="CommunitiesListDropDownMenu" inherits="CommunitiesListDropDownMenuTemplate">
				<Size x="40" y="28"/>
				<Anchors>
					<Anchor point="TOPLEFT" x="-10" y="-28"/>
				</Anchors>
			</Frame>
			<Frame parentKey="VoiceChatHeadset" inherits="VoiceChatHeadsetTemplate">
				<Size x="30" y="30"/>
				<!-- Anchored in code -->
			</Frame>
			<Button parentKey="CommunitiesCalendarButton" hidden="true" inherits="CommunitiesCalendarButtonTemplate">
				<Anchors>
					<Anchor point="RIGHT" relativeKey="$parent.VoiceChatHeadset" relativePoint="LEFT" x="-2" y="-1"/>
				</Anchors>
			</Button>
			<Frame parentKey="MemberList" inherits="CommunitiesMemberListFrameTemplate">
				<Anchors>
					<Anchor point="TOPLEFT" relativePoint="TOPRIGHT" x="-165" y="-63"/>
					<Anchor point="BOTTOMRIGHT" x="-26" y="28"/>
				</Anchors>
			</Frame>
			<Frame parentKey="ApplicantList" hidden="true" inherits="ClubFinderApplicantListFrameTemplate">
				<Anchors>
					<Anchor point="TOPLEFT" relativeKey="$parent.CommunitiesList" relativePoint="TOPRIGHT" x="24" y="-60"/>
					<Anchor point="BOTTOMRIGHT" x="-9" y="29"/>
				</Anchors>
			</Frame>
			<Frame parentKey="GuildFinderFrame" name="ClubFinderGuildFinderFrame" inherits="ClubFinderGuildAndCommunityFrameTemplate">
				<Anchors>
					<Anchor point="TOPLEFT" relativeKey="$parent.CommunitiesList" relativePoint="TOPRIGHT" x="24" y="-60"/>
					<Anchor point="BOTTOMRIGHT" x="-9" y="29"/>
				</Anchors>
				<Scripts>
					<OnLoad> 
						ClubFinderGuildAndCommunityMixin.OnLoad(self); 
					</OnLoad>
				</Scripts>
			</Frame>
			<Frame parentKey="CommunityFinderFrame" name="ClubFinderCommunityAndGuildFinderFrame" inherits="ClubFinderGuildAndCommunityFrameTemplate">
				<Anchors>
					<Anchor point="TOPLEFT" relativeKey="$parent.CommunitiesList" relativePoint="TOPRIGHT" x="24" y="-60"/>
					<Anchor point="BOTTOMRIGHT" x="-9" y="29"/>
				</Anchors>
			</Frame>
			<Frame parentKey="Chat" inherits="CommunitiesChatTemplate">
				<Anchors>
					<Anchor point="TOPLEFT" relativeKey="$parent.CommunitiesList" relativePoint="TOPRIGHT" x="31" y="-46"/>
					<Anchor point="BOTTOMRIGHT" relativeKey="$parent.MemberList" relativePoint="BOTTOMLEFT" x="-22" y="28"/>
				</Anchors>
			</Frame>
			<EditBox parentKey="ChatEditBox" frameLevel="1200" inherits="CommunitiesChatEditBoxTemplate">
				<Size x="0" y="32"/>
				<!-- Anchored in code -->
			</EditBox>
			<Frame parentKey="InvitationFrame" inherits="CommunitiesInvitationFrameTemplate" hidden="true">
				<Anchors>
					<Anchor point="TOPLEFT" relativeKey="$parent.CommunitiesList" relativePoint="TOPRIGHT" x="24" y="-40"/>
					<Anchor point="BOTTOMRIGHT" x="-9" y="29"/>
				</Anchors>
			</Frame>
			<Frame parentKey="ClubFinderInvitationFrame" inherits="ClubFinderInvitationsFrameTemplate" hidden="true">
				<Anchors>
					<Anchor point="TOPLEFT" relativeKey="$parent.CommunitiesList" relativePoint="TOPRIGHT" x="24" y="-40"/>
					<Anchor point="BOTTOMRIGHT" x="-9" y="29"/>
				</Anchors>
				<Frames>
					<Frame parentKey="RequestToJoinFrame" inherits="ClubFinderRequestToJoinTemplate" hidden="true">
						<Anchors>
							<Anchor point="RIGHT" x="100"/>
						</Anchors>
					</Frame>
				</Frames>
			</Frame>
			<Frame parentKey="TicketFrame" inherits="CommunitiesTicketFrameTemplate" hidden="true">
				<Anchors>
					<Anchor point="TOPLEFT" relativeKey="$parent.CommunitiesList" relativePoint="TOPRIGHT" x="24" y="-40"/>
					<Anchor point="BOTTOMRIGHT" x="-12" y="30"/>
				</Anchors>
			</Frame>
			<Frame parentKey="GuildBenefitsFrame" inherits="GuildBenefitsFrameTemplate">
				<Anchors>
					<Anchor point="TOPLEFT" relativeKey="$parent.CommunitiesList" relativePoint="TOPRIGHT" x="24" y="-40"/>
					<Anchor point="BOTTOMRIGHT" x="-12" y="30"/>
				</Anchors>
			</Frame>
			<Frame parentKey="GuildDetailsFrame" name="$parentGuildDetailsFrame" inherits="GuildDetailsFrameTemplate">
				<Anchors>
					<Anchor point="TOPLEFT" relativeKey="$parent.CommunitiesList" relativePoint="TOPRIGHT" x="24" y="-40"/>
					<Anchor point="BOTTOMRIGHT" x="-12" y="30"/>
				</Anchors>
			</Frame>
			<Button parentKey="GuildNameAlertFrame" inherits="CommunitiesGuildNameChangeAlertFrameTemplate" frameLevel="2"/>
			<Frame parentKey="GuildNameChangeFrame" inherits="CommunitiesGuildNameChangeFrameTemplate" frameLevel="1"/>
			<Frame parentKey="EditStreamDialog" frameStrata="DIALOG" inherits="CommunitiesEditStreamDialogTemplate" hidden="true">
				<Size x="320" y="260"/>
				<Anchors>
					<Anchor point="TOP" relativeTo="UIParent" x="0" y="-142"/>
				</Anchors>
			</Frame>
			<Frame parentKey="NotificationSettingsDialog" frameStrata="DIALOG" inherits="CommunitiesNotificationSettingsDialogTemplate" hidden="true">
				<Size x="638" y="508"/>
				<Anchors>
					<Anchor point="TOP" relativeTo="UIParent" x="0" y="-142"/>
				</Anchors>
			</Frame>
			<Frame parentKey="RecruitmentDialog" hidden="true" inherits="ClubsRecruitmentDialogTemplate">
				<Anchors>
					<Anchor point="TOP" relativeTo="UIParent" x="65" y="-105"/>
				</Anchors>
			</Frame>
			<Button parentKey="AddToChatButton" inherits="AddToChatButtonTemplate">
				<Size x="22" y="22"/>
				<Anchors>
					<Anchor point="TOPRIGHT" relativeKey="$parent.ChatEditBox" relativePoint="BOTTOMRIGHT" x="4" y="5"/>
				</Anchors>
				<HighlightTexture file="Interface\Buttons\UI-Common-MouseHilight" alphaMode="ADD"/>
			</Button>
			<Button parentKey="InviteButton" inherits="CommunitiesInviteButtonTemplate">
				<Size x="130" y="20"/>
				<Anchors>
					<Anchor point="BOTTOMRIGHT" x="-5" y="5"/>
				</Anchors>
			</Button>
			<Frame parentKey="CommunitiesControlFrame" inherits="CommunitiesControlFrameTemplate">
				<Size x="500" y="20"/>
				<Anchors>
					<Anchor point="BOTTOMRIGHT" x="-5" y="5"/>
				</Anchors>
			</Frame>
			<Button parentKey="GuildLogButton" inherits="UIPanelButtonTemplate, CommunitiesSubPanelButtonScriptTemplate" text="GUILD_VIEW_LOG" >
				<Size x="130" y="20"/>
				<Anchors>
					<Anchor point="BOTTOMLEFT" x="190" y="5"/>
				</Anchors>
				<KeyValues>
					<KeyValue key="frame" value="CommunitiesGuildLogFrame" type="Global"/>
				</KeyValues>
			</Button>
			<Frame parentKey="GuildMemberDetailFrame" frameLevel="1000" inherits="CommunitiesGuildMemberDetailFrameTemplate" hidden="true">
				<Anchors>
					<Anchor point="TOPLEFT" relativeKey="$parent" relativePoint="TOPRIGHT" x="-8" y="-76"/>
				</Anchors>
			</Frame>
		</Frames>
		<Scripts>
			<OnLoad method="OnLoad"/>
			<OnShow method="OnShow"/>
			<OnEvent method="OnEvent"/>
			<OnHide method="OnHide"/>
		</Scripts>
	</Frame>
</Ui>