<Ui xmlns="http://www.blizzard.com/wow/ui/" xmlns:xsi="http://www.w3.org/2001/XMLSchema-instance" xsi:schemaLocation="http://www.blizzard.com/wow/ui/
..\..\FrameXML\UI.xsd">
	<Script file="CommunitiesAddDialog.lua"/>
	
	<ScopedModifier forbidden="true" scriptsUseGivenEnv="true">
		<Frame name="CommunitiesAddDialog" parent="UIParent" enableMouse="true" frameStrata="DIALOG" mixin="CommunitiesAddDialogMixin" hidden="true">
			<Size x="514" y="426"/>
			<Anchors>
				<Anchor point="TOP" relativeTo="UIParent" x="0" y="-142"/>
			</Anchors>
			<Layers>
				<Layer level="ARTWORK">
					<FontString parentKey="DialogLabel" text="COMMUNITIES_ADD_DIALOG_LABEL" inherits="GameFontHighlight">
						<Size x="300" y="0"/>
						<Anchors>
							<Anchor point="TOP" x="0" y="-18"/>
						</Anchors>
					</FontString>
					<FontString parentKey="CreateWoWCommunityLabel" text="COMMUNITIES_ADD_DIALOG_CREATE_WOW_LABEL" justifyH="LEFT" inherits="GameFontHighlightMedium">
						<Size x="280" y="0"/>
						<Anchors>
							<Anchor point="TOPLEFT" x="36" y="-80"/>
						</Anchors>
					</FontString>
					<FontString parentKey="CreateWoWCommunityDescription" text="COMMUNITIES_ADD_DIALOG_CREATE_WOW_DESCRIPTION" justifyH="LEFT" inherits="GameFontNormal">
						<Size x="280" y="0"/>
						<Anchors>
							<Anchor point="TOPLEFT" relativeKey="$parent.CreateWoWCommunityLabel" relativePoint="BOTTOMLEFT" x="0" y="-4"/>
						</Anchors>
					</FontString>
					<FontString parentKey="CreateBattleNetGroupLabel" text="COMMUNITIES_ADD_DIALOG_CREATE_BNET_LABEL" justifyH="LEFT" inherits="GameFontHighlightMedium">
						<Size x="280" y="0"/>
						<Anchors>
							<Anchor point="TOPLEFT" relativeKey="$parent.CreateWoWCommunityDescription" relativePoint="BOTTOMLEFT" x="0" y="-30"/>
						</Anchors>
					</FontString>
					<FontString parentKey="CreateBattleNetGroupDescription" text="COMMUNITIES_ADD_DIALOG_CREATE_BNET_DESCRIPTION" justifyH="LEFT" inherits="GameFontNormal">
						<Size x="280" y="0"/>
						<Anchors>
							<Anchor point="TOPLEFT" relativeKey="$parent.CreateBattleNetGroupLabel" relativePoint="BOTTOMLEFT" x="0" y="-4"/>
						</Anchors>
					</FontString>
					<Texture parentKey="Separator">
						<Size x="438" y="1"/>
						<Anchors>
							<Anchor point="LEFT" relativeKey="$parent.CreateBattleNetGroupDescription" relativePoint="LEFT" x="0" y="0"/>
							<Anchor point="TOP" x="0" y="-290"/>
						</Anchors>
						<Color r="1" g="1" b="1" a="0.2"/>
					</Texture>
					<FontString parentKey="InviteLinkLabel" text="COMMUNITIES_ADD_DIALOG_INVITE_LINK_LABEL" justifyH="LEFT" inherits="GameFontHighlightMedium">
						<Size x="300" y="0"/>
						<Anchors>
							<Anchor point="TOPLEFT" relativeKey="$parent.Separator" relativePoint="BOTTOMLEFT" x="0" y="-32"/>
						</Anchors>
					</FontString>
					<FontString parentKey="InviteLinkDescription" text="COMMUNITIES_ADD_DIALOG_INVITE_LINK_DESCRIPTION" justifyH="LEFT" inherits="GameFontNormal">
						<Size x="300" y="0"/>
						<Anchors>
							<Anchor point="TOPLEFT" relativeKey="$parent.InviteLinkLabel" relativePoint="BOTTOMLEFT" x="0" y="-4"/>
						</Anchors>
					</FontString>
				</Layer>
			</Layers>
			<Frames>
				<Frame parentKey="BG" inherits="DialogBorderDarkTemplate"/>
				<EditBox parentKey="InviteLinkBox" autoFocus="false" inherits="InputBoxTemplate" letters="120">
					<Size x="288" y="22"/>
					<Anchors>
						<Anchor point="TOPLEFT" relativeKey="$parent.InviteLinkDescription" relativePoint="BOTTOMLEFT" x="6" y="-13"/>
					</Anchors>
					<Layers>
						<Layer level="BORDER">
							<Texture parentKey="Left" file="Interface\ChatFrame\UI-ChatInputBorder-Left2">
								<Size x="32" y="32"/>
								<Anchors>
									<Anchor point="LEFT" x="-10"/>
								</Anchors>
							</Texture>
							<Texture parentKey="Right" file="Interface\ChatFrame\UI-ChatInputBorder-Right2">
								<Size x="32" y="32"/>
								<Anchors>
									<Anchor point="RIGHT" x="10"/>
								</Anchors>
							</Texture>
						</Layer>
						<Layer level="BACKGROUND">
							<Texture parentKey="Mid" file="Interface\ChatFrame\UI-ChatInputBorder-Mid2" horizTile="true">
								<Size x="0" y="32"/>
								<Anchors>
									<Anchor point="TOPLEFT" relativeKey="$parent.Left" relativePoint="TOPRIGHT" x="0" y="0"/>
									<Anchor point="TOPRIGHT" relativeKey="$parent.Right" relativePoint="TOPLEFT" x="0" y="0"/>
								</Anchors>
							</Texture>
						</Layer>
					</Layers>
					<Scripts>
						<OnEscapePressed function="EditBox_ClearFocus"/>
						<OnEditFocusLost function="EditBox_ClearHighlight"/>
						<OnEditFocusGained function="EditBox_HighlightText"/>
						<OnEnterPressed>
							local joinButton = self:GetParent().JoinButton;
							if joinButton:IsEnabled() then
								joinButton:GetScript("OnClick")(joinButton);
							end
						</OnEnterPressed>
					</Scripts>
					<FontString inherits="ChatFontNormal"/>
				</EditBox>
				<Button parentKey="JoinButton" inherits="UIPanelButtonNoTooltipTemplate" text="COMMUNITIES_ADD_DIALOG_INVITE_LINK_JOIN">
					<Size x="104" y="22"/>
					<Anchors>
						<Anchor point="LEFT" relativeKey="$parent.InviteLinkBox" relativePoint="RIGHT" x="20" y="0"/>
					</Anchors>
					<Scripts>
						<OnClick function="CommunitiesAddDialogJoinButton_OnClick"/>
					</Scripts>
				</Button>
				<Button parentKey="CreateWoWCommunityButton" motionScriptsWhileDisabled="true">
					<Size x="132" y="70"/>
					<Anchors>
						<Anchor point="TOPLEFT" relativeKey="$parent.CreateWoWCommunityLabel" relativePoint="TOPRIGHT" x="20" y="0"/>
					</Anchors>
					<Layers>
						<Layer level="OVERLAY">
							<Texture parentKey="FactionIcon" atlas="communities-create-button-wow-horde" useAtlasSize="true">
								<Anchors>
									<Anchor point="RIGHT" x="-30" y="0"/>
								</Anchors>
							</Texture>
						</Layer>
					</Layers>
					<Scripts>
						<OnEnter function="CommunitiesAddDialogWoWButton_OnEnter"/>
						<OnLeave function="CommunitiesAddDialogWoWButton_OnLeave"/>
						<OnClick function="CommunitiesAddDialogWoWButton_OnClick"/>
					</Scripts>
					<NormalTexture atlas="communities-create-button-wow-up"/>
					<PushedTexture atlas="communities-create-button-wow-down"/>
					<HighlightTexture atlas="communities-create-button-highlight"/>
					<DisabledTexture atlas="communities-create-button-wow-up" desaturated="true"/>
				</Button>
				<Button parentKey="CreateBattleNetGroupButton" motionScriptsWhileDisabled="true">
					<Size x="116" y="67"/>
					<Anchors>
						<Anchor point="TOPLEFT" relativeKey="$parent.CreateBattleNetGroupLabel" relativePoint="TOPRIGHT" x="28" y="0"/>
					</Anchors>
					<Scripts>
						<OnEnter function="CommunitiesAddDialogBattleNetButton_OnEnter"/>
						<OnClick function="CommunitiesAddDialogBattleNetButton_OnClick"/>
					</Scripts>
					<NormalTexture atlas="communities-create-button-bnet-up"/>
					<PushedTexture atlas="communities-create-button-bnet-down"/>
					<HighlightTexture atlas="communities-create-button-bnet-highlight"/>
					<DisabledTexture atlas="communities-create-button-bnet-up" desaturated="true"/>
				</Button>
				<Button parentKey="CloseButton">
					<Size x="32" y="32"/>
					<Anchors>
						<Anchor point="TOPRIGHT" x="-4" y="-4"/>
					</Anchors>
					<Scripts>
						<OnClick>
							PlaySound(SOUNDKIT.IG_CHARACTER_INFO_CLOSE);
							self:GetParent():Hide();
						</OnClick>
					</Scripts>
					<DisabledTexture file="Interface\Buttons\UI-Panel-MinimizeButton-Disabled"/>
					<NormalTexture file="Interface\Buttons\UI-Panel-MinimizeButton-Up"/>
					<PushedTexture file="Interface\Buttons\UI-Panel-MinimizeButton-Down"/>
					<HighlightTexture file="Interface\Buttons\UI-Panel-MinimizeButton-Highlight" alphaMode="ADD"/>
				</Button>
			</Frames>
			<Scripts>
				<OnShow method="OnShow"/>
				<OnAttributeChanged method="OnAttributeChanged"/>
				<OnHide method="OnHide"/>
			</Scripts>
		</Frame>
		<Frame name="CommunitiesCreateDialog" parent="UIParent" enableMouse="true" frameStrata="DIALOG" mixin="CommunitiesCreateDialogMixin" hidden="true">
			<Size x="412" y="375"/>
			<Anchors>
				<Anchor point="TOP" relativeTo="UIParent" x="0" y="-142"/>
			</Anchors>
			<Layers>
				<Layer level="OVERLAY">
					<Texture parentKey="IconPreviewRing" atlas="communities-ring-gold">
						<Size x="79" y="80"/>
						<Anchors>
							<Anchor point="BOTTOM" x="-48" y="65"/>
						</Anchors>
					</Texture>
				</Layer>
				<Layer level="ARTWORK">
					<Texture parentKey="IconPreview">
						<Size x="64" y="64"/>
						<Anchors>
							<Anchor point="CENTER" relativeKey="$parent.IconPreviewRing" x="0" y="0"/>
						</Anchors>
					</Texture>
					<MaskTexture parentKey="CircleMask" file="Interface\CharacterFrame\TempPortraitAlphaMask" hWrapMode="CLAMPTOBLACKADDITIVE" vWrapMode="CLAMPTOBLACKADDITIVE">
						<Anchors>
							<Anchor point="TOPLEFT" relativeKey="$parent.IconPreview" x="2" y="-2"/>
							<Anchor point="BOTTOMRIGHT" relativeKey="$parent.IconPreview" x="-2" y="2"/>
						</Anchors>
						<MaskedTextures>
							<MaskedTexture childKey="IconPreview"/>
						</MaskedTextures>
					</MaskTexture>
					<FontString parentKey="DialogLabel" text="COMMUNITIES_ADD_DIALOG_BATTLE_NET_LABEL" inherits="GameFontHighlight">
						<Size x="300" y="0"/>
						<Anchors>
							<Anchor point="TOP" x="0" y="-18"/>
						</Anchors>
					</FontString>
					<FontString parentKey="NameLabel" text="COMMUNITIES_SETTINGS_NAME_LABEL" justifyH="LEFT" inherits="GameFontNormal">
						<Size x="0" y="0"/>
						<Anchors>
							<Anchor point="TOPLEFT" x="30" y="-52"/>
							<Anchor point="TOPRIGHT" x="-30" y="-52"/>
						</Anchors>
					</FontString>
					<FontString parentKey="ShortNameLabel" text="COMMUNITIES_CREATE_DIALOG_SHORT_NAME_LABEL" justifyH="LEFT" inherits="GameFontNormal">
						<Size x="0" y="0"/>
						<Anchors>
							<Anchor point="TOPLEFT" relativeKey="$parent.NameLabel" relativePoint="BOTTOMLEFT" x="0" y="-34"/>
							<Anchor point="TOPRIGHT" relativeKey="$parent.NameLabel" relativePoint="BOTTOMRIGHT" x="0" y="-34"/>
						</Anchors>
					</FontString>
					<FontString parentKey="DescriptionLabel" text="COMMUNITIES_CREATE_DIALOG_DESCRIPTION_LABEL" justifyH="LEFT" inherits="GameFontNormal">
						<Size x="0" y="0"/>
						<Anchors>
							<Anchor point="TOPLEFT" relativeKey="$parent.ShortNameLabel" relativePoint="BOTTOMLEFT" x="0" y="-34"/>
							<Anchor point="TOPRIGHT" relativeKey="$parent.ShortNameLabel" relativePoint="BOTTOMRIGHT" x="0" y="-34"/>
						</Anchors>
					</FontString>
				</Layer>
			</Layers>
			<Frames>
				<Frame parentKey="BG" inherits="DialogBorderDarkTemplate"/>
				<EditBox parentKey="NameBox" autoFocus="false" inherits="InputBoxTemplate" letters="50">
					<Size x="0" y="22"/>
					<Anchors>
						<Anchor point="TOPLEFT" relativeKey="$parent.NameLabel" relativePoint="BOTTOMLEFT" x="0" y="-2"/>
						<Anchor point="TOPRIGHT" relativeKey="$parent.NameLabel" relativePoint="BOTTOMRIGHT" x="5" y="-2"/>
					</Anchors>
					<Layers>
						<Layer>
							<FontString parentKey="Instructions" text="COMMUNITIES_CREATE_DIALOG_NAME_INSTRUCTIONS" justifyH="LEFT" inherits="GameFontDisableSmall">
								<Anchors>
									<Anchor point="TOPLEFT" x="0" y="-1"/>
									<Anchor point="BOTTOMRIGHT" x="0" y="0"/>
								</Anchors>
								<Color r="0.35" g="0.35" b="0.35"/>
							</FontString>
						</Layer>
					</Layers>
					<Scripts>
						<OnShow>
							self:SetFocus();
						</OnShow>
						<OnTabPressed>
							self:GetParent().ShortNameBox:SetFocus();
						</OnTabPressed>
						<OnEnterPressed>
							local createButton = self:GetParent().CreateButton;
							if createButton:IsEnabled() then
								createButton:GetScript("OnClick")(createButton);
							end
						</OnEnterPressed>
						<OnTextChanged>
							self.Instructions:SetShown(self:GetText() == "");
							self:GetParent():UpdateCreateButton();
						</OnTextChanged>
					</Scripts>
				</EditBox>
				<EditBox parentKey="ShortNameBox" autoFocus="false" inherits="InputBoxTemplate" letters="6">
					<Size x="0" y="22"/>
					<Anchors>
						<Anchor point="TOPLEFT" relativeKey="$parent.ShortNameLabel" relativePoint="BOTTOMLEFT" x="0" y="-2"/>
						<Anchor point="TOPRIGHT" relativeKey="$parent.ShortNameLabel" relativePoint="BOTTOMRIGHT" x="5" y="-2"/>
					</Anchors>
					<Layers>
						<Layer>
							<FontString parentKey="Instructions" text="COMMUNITIES_CREATE_DIALOG_SHORT_NAME_INSTRUCTIONS" justifyH="LEFT" inherits="GameFontDisableSmall">
								<Anchors>
									<Anchor point="TOPLEFT" x="0" y="-1"/>
									<Anchor point="BOTTOMRIGHT" x="0" y="0"/>
								</Anchors>
								<Color r="0.35" g="0.35" b="0.35"/>
							</FontString>
						</Layer>
					</Layers>
					<Scripts>
						<OnTabPressed>
							self:GetParent().DescriptionFrame.EditBox:SetFocus();
						</OnTabPressed>
						<OnEnterPressed>
							local createButton = self:GetParent().CreateButton;
							if createButton:IsEnabled() then
								createButton:GetScript("OnClick")(createButton);
							end
						</OnEnterPressed>
						<OnEnter>
							Outbound.ShowGameTooltip(COMMUNITIES_CREATE_DIALOG_SHORT_NAME_INSTRUCTIONS_TOOLTIP, self:GetRight(), self:GetTop(), true);
						</OnEnter>
						<OnLeave>
							Outbound.HideGameTooltip()
						</OnLeave>
						<OnTextChanged>
							self.Instructions:SetShown(self:GetText() == "");
							self:GetParent():UpdateCreateButton();
						</OnTextChanged>
					</Scripts>
				</EditBox>
				<ScrollFrame parentKey="DescriptionFrame" inherits="InputScrollFrameTemplate">
					<Size x="0" y="50"/>
					<Anchors>
						<Anchor point="TOPLEFT" relativeKey="$parent.DescriptionLabel" relativePoint="BOTTOMLEFT" x="0" y="-8"/>
						<Anchor point="TOPRIGHT" relativeKey="$parent.DescriptionLabel" relativePoint="BOTTOMRIGHT" x="0" y="-8"/>
					</Anchors>
					<KeyValues>
						<KeyValue key="maxLetters" value="255" type="number"/>
						<KeyValue key="instructions" value="COMMUNITIES_CREATE_DIALOG_DESCRIPTION_INSTRUCTIONS" type="global"/>
						<KeyValue key="hideCharCount" value="true" type="boolean"/>
					</KeyValues>
					<Scripts>
						<OnLoad>
							self.EditBox:SetScript("OnTabPressed", function(self)
								self:GetParent():GetParent().NameBox:SetFocus();
							end);
							self.EditBox:SetMaxLetters(500);
							InputScrollFrame_OnLoad(self);
						</OnLoad>
					</Scripts>
				</ScrollFrame>
				<Button parentKey="ChangeAvatarButton" inherits="UIPanelButtonNoTooltipTemplate" text="COMMUNITIES_CREATE_DIALOG_ICON_SELECTION_BUTTON">
					<Size x="100" y="24"/>
					<Anchors>
						<Anchor point="LEFT" relativeKey="$parent.IconPreviewRing" relativePoint="RIGHT" x="6" y="0"/>
					</Anchors>
					<Scripts>
						<OnClick function="CommunitiesCreateDialogChangeAvatarButton_OnClick"/>
					</Scripts>
				</Button>
				<Button parentKey="CreateButton" inherits="UIPanelButtonNoTooltipTemplate" motionScriptsWhileDisabled="true" text="COMMUNITIES_CREATE_COMMUNITY">
					<Size x="165" y="24"/>
					<Anchors>
						<Anchor point="BOTTOM" x="-65" y="32"/>
					</Anchors>
					<Scripts>
						<OnClick function="CommunitiesCreateDialogCreateButton_OnClick"/>
						<OnEnter function="CommunitiesCreateDialogCreateButton_OnEnter"/>
						<OnLeave function="CommunitiesCreateDialogCreateButton_OnLeave"/>
					</Scripts>
				</Button>
				<Button parentKey="CancelButton" inherits="UIPanelButtonNoTooltipTemplate" text="CANCEL">
					<Size x="105" y="24"/>
					<Anchors>
						<Anchor point="BOTTOM" x="80" y="32"/>
					</Anchors>
					<Scripts>
						<OnClick function="CommunitiesCreateDialogCancelButton_OnClick"/>
					</Scripts>
				</Button>
			</Frames>
			<Scripts>
				<OnShow method="OnShow"/>
				<OnAttributeChanged method="OnAttributeChanged"/>
				<OnHide method="OnHide"/>
			</Scripts>
		</Frame>
	</ScopedModifier>
</Ui>