<Ui xmlns="http://www.blizzard.com/wow/ui/" xmlns:xsi="http://www.w3.org/2001/XMLSchema-instance" xsi:schemaLocation="http://www.blizzard.com/wow/ui/
..\FrameXML\UI.xsd">
	<Script file="Blizzard_AlliedRacesFrameUI.lua"/>
	<Script file="AlliedRacesModelControlButtonMixin.lua"/>

	<Button name="AlliedRacesModelControlFrameButtonTemplate" mixin="AlliedRacesModelControlButtonMixin" virtual="true">
		<Size x="26" y="25"/>
		<Layers>
			<Layer level="ARTWORK">
				<Texture atlas="AlliedRace-UnlockingFrame-ZoomIn" parentKey="Icon" useAtlasSize="true">
					<Size x="26" y="25"/>
					<Anchors>
						<Anchor point="CENTER"/>
					</Anchors>
				</Texture>
			</Layer>
			<Layer level="HIGHLIGHT">
				<Texture atlas="AlliedRace-UnlockingFrame-BottomButtonsMouseOverGlow" useAtlasSize="true">
					<Size x="26" y="25"/>
					<Anchors>
						<Anchor point="CENTER"/>
					</Anchors>
				</Texture>
			</Layer>
		</Layers>
		<Scripts>
			<OnLoad method="OnLoad" />
			<OnMouseDown method="OnMouseDown" />
			<OnMouseUp method="OnMouseUp" />
			<OnClick method="OnClick" />
		</Scripts>
	</Button>
	<Frame name="AlliedRaceOverviewBulletsTemplate" mixin="AlliedRacesBulletFrameMixin" virtual="true">
		<Size x="200" y="20"/>
		<Layers>
			<Layer level="ARTWORK">
				<Texture parentKey="Check" atlas="AlliedRace-UnlockingFrame-Checkmark" useAtlasSize="true">
					<Anchors>
						<Anchor point="TOPLEFT"/>
					</Anchors>
				</Texture>			
			</Layer>
			<Layer level="OVERLAY">
				<FontString parentKey="Dash" inherits="GameFontBlackMedium" text="QUEST_DASH">
					<Anchors>
						<Anchor point="TOPLEFT" x="7"/>
					</Anchors>
					<Color r="1" g="1" b="1"/>
				</FontString>
				<FontString parentKey="Text" inherits="GameFontBlackMedium" justifyH="LEFT" justifyV="TOP">
					<Size x="230" y="0"/>
					<Anchors>
						<Anchor point="TOPLEFT" x="27" y="0"/>
					</Anchors>
					<Color r="0.25" g="0.1484375" b=".02" a="1"/>
				</FontString>
			</Layer>
		</Layers>
		<Scripts>
			<OnEnter method="OnEnter"/>
			<OnLeave method="OnLeave"/>
			<OnMouseUp method="OnMouseUp"/>
		</Scripts>
	</Frame>
	<Frame name="AlliedRaceAbilityTemplate" virtual="true">
		<Size x="300" y="36"/>
		<Layers>
			<Layer level="ARTWORK">
				<Texture parentKey="Icon" setAllPoints="true">
					<Size x ="36" y="36" />
					<Anchors>
						<Anchor point="LEFT" x="5" y="0"/>
					</Anchors>
				</Texture>
			</Layer>
			<Layer level="OVERLAY">
				<FontString parentKey="Text" inherits="GameFontBlackMedium" justifyH="RIGHT">
					<Anchors>
						<Anchor point="LEFT" relativeKey="$parent.Icon" relativePoint="RIGHT" x="10" />
					</Anchors>
					<Color r="0.208" g="0" b="0"/>
				</FontString>
				<Texture atlas="AlliedRace-TraitsBorder" useAtlasSize="true">
					<Anchors>
						<Anchor point="LEFT" relativeKey="$parent.Icon"/>
					</Anchors>
				</Texture>
			</Layer>
		</Layers>
		<Scripts>
			<OnEnter>
				GameTooltip:SetOwner(self.Icon, "ANCHOR_RIGHT", 6, 0);
				GameTooltip:SetText(self.abilityName, HIGHLIGHT_FONT_COLOR:GetRGB());
				GameTooltip:AddLine(self.abilityDescription, NORMAL_FONT_COLOR.r, NORMAL_FONT_COLOR.g, NORMAL_FONT_COLOR.b, true);			
				GameTooltip:Show();
			</OnEnter>
			<OnLeave>
				GameTooltip:Hide();
			</OnLeave>
		</Scripts>
	</Frame>
	<Frame name="AlliedRacesFrame" toplevel="true" parent="UIParent" inherits="ButtonFrameTemplate" mixin="AlliedRacesFrameMixin" enableMouse="true" hidden="true">
		<Size x="704" y="607"/>
		<Anchors>
			<Anchor point="LEFT" x="20" y="40"/> 
		</Anchors>
		<Frames>
			<PlayerModel parentKey="ModelFrame" mixin="ModelFrameMixin" enableMouse="true" useParentLevel="true" drawLayer="BORDER" inherits="ModelTemplate">
				<Size x="313" y="580"/>
				<Anchors>
					<Anchor point="LEFT" x="5" y="-9"/>
				</Anchors>
				<Layers>
					<Layer level="BORDER">
						<Texture parentKey="ModelBackground">
							<Size x="315" y="580"/>
							<Anchors>
								<Anchor point="TOPLEFT" x="0" y="0"/>
							</Anchors>
						</Texture>
					</Layer>
					 <Layer level="ARTWORK">
						<Texture parentKey="​BackgroundOverlay" atlas="AlliedRace-UnlockingFrame-ModelFrame" useAtlasSize="true">
							<Anchors>
								<Anchor point="BOTTOMLEFT" x="-8" y="-5"/>
							</Anchors>
						</Texture>
					 </Layer>
				</Layers>
				<Frames>
					<CheckButton parentKey="AlliedRacesMaleButton">
						<Size x="35" y="35"/>
						<Anchors>
							<Anchor point="TOPRIGHT" relativeKey="$parent.ModelFrame" relativePoint="TOPRIGHT" x="-10" y="-15"/>
						</Anchors>
						<NormalTexture atlas="AlliedRace-UnlockingFrame-Male"/>
						<CheckedTexture atlas="AlliedRace-UnlockingFrame-GenderSelectionGlow"/>
						<HighlightTexture atlas="AlliedRace-UnlockingFrame-GenderMouseOverGlow"/>
						<Scripts>
							<OnClick>
								local alliedRaceModelFrame = self:GetParent();
								alliedRaceModelFrame.AlliedRacesFemaleButton:SetChecked(false);
								
								local alliedRaceFrame = self:GetParent():GetParent(); 
								alliedRaceFrame:UpdateModel(self.MaleModelID);
								alliedRaceFrame:SetRaceNameForGender("male");
								PlaySound(SOUNDKIT.IG_INVENTORY_ROTATE_CHARACTER); 
							</OnClick>
						</Scripts>
					</CheckButton>
					<CheckButton parentKey="AlliedRacesFemaleButton">
						<Size x="35" y="35"/>
						<Anchors>
							<Anchor point="BOTTOM" relativeKey="$parent.AlliedRacesMaleButton" relativePoint="BOTTOM" y ="-35"/>
						</Anchors>
						<Scripts>
							<OnClick>
								local alliedRaceModelFrame = self:GetParent();
								alliedRaceModelFrame.AlliedRacesMaleButton:SetChecked(false);
								local alliedRaceFrame = self:GetParent():GetParent(); 
								alliedRaceFrame:UpdateModel(self.FemaleModelID);
								alliedRaceFrame:SetRaceNameForGender("female");
								PlaySound(SOUNDKIT.IG_INVENTORY_ROTATE_CHARACTER); 
							</OnClick>
						</Scripts>
						<NormalTexture atlas="AlliedRace-UnlockingFrame-Female"/>
						<CheckedTexture atlas="AlliedRace-UnlockingFrame-GenderSelectionGlow"/>
						<HighlightTexture atlas="AlliedRace-UnlockingFrame-GenderMouseOverGlow"/>
					</CheckButton>
					<Button parentKey="ZoomInButton" mixin="AlliedRacesModelControlZoomButtonMixin" inherits="AlliedRacesModelControlFrameButtonTemplate">
						<Size x="26" y="25"/>
						<Anchors>
							<Anchor point="BOTTOMLEFT" relativeKey="$parent.ModelFrame" relativePoint="BOTTOM" x="-50" y="10" />
						</Anchors>
						<KeyValues>
							<KeyValue key="zoomIn" value="true" type="boolean"/>
						</KeyValues>
					</Button>
					<Button parentKey="ZoomOutButton" mixin="AlliedRacesModelControlZoomButtonMixin" inherits="AlliedRacesModelControlFrameButtonTemplate">
						<Size x="26" y="25"/>
						<Anchors>
							<Anchor point="BOTTOMLEFT" relativeKey="$parent.ZoomInButton" relativePoint="BOTTOMRIGHT"/>
						</Anchors>
						<KeyValues>
							<KeyValue key="zoomIn" value="false" type="boolean"/>
						</KeyValues>
					</Button>
					<Button parentKey="RotateLeftButton" mixin="AlliedRacesModelControlRotateButtonMixin" inherits="AlliedRacesModelControlFrameButtonTemplate">
						<Size x="26" y="25"/>
						<Anchors>
							<Anchor point="BOTTOMLEFT" relativeKey="$parent.ZoomOutButton" relativePoint="BOTTOMRIGHT"/>
						</Anchors>
						<KeyValues>
							<KeyValue key="rotateDirection" value="left" type="string"/>
						</KeyValues>
					</Button>
					<Button parentKey="RotateRightButton" mixin="AlliedRacesModelControlRotateButtonMixin" inherits="AlliedRacesModelControlFrameButtonTemplate">
						<Size x="26" y="25"/>
						<Anchors>
							<Anchor point="BOTTOMLEFT" relativeKey="$parent.RotateLeftButton" relativePoint="BOTTOMRIGHT"/>
						</Anchors>
						<KeyValues>
							<KeyValue key="rotateDirection" value="right" type="string"/>
						</KeyValues>
					</Button>
				</Frames>
				<Scripts>
					<OnMouseWheel method="OnMouseWheel" />
				</Scripts>
			</PlayerModel>
			<Frame parentKey="RaceInfoFrame">
				<Size x="330" y="464"/>
				<Anchors>
					<Anchor point="TOPRIGHT" relativeTo="AlliedRacesFrame"  x="-26" y="-1"/>
				</Anchors>
				<Frames>
					<ScrollFrame parentKey="ScrollFrame" inherits="UIPanelScrollFrameCodeTemplate">
						<Size x="330" y="520"/>
						<Anchors>
							<Anchor point="RIGHT" relativeTo="AlliedRacesFrame" x="-25" y="-36"/>
						</Anchors>
						<ScrollChild>
							<Frame parentKey="Child">
								<Size x="275" y="1"/>
								<Frames>
									<Frame parentKey="ObjectivesFrame">
										<Size x="287" y="0"/>
										<Anchors>
											<Anchor point="TOP" x="28" y="-20"/>
										</Anchors>
										<Layers>
											<Layer level="BORDER">
												<Texture parentKey="HeaderBackground" atlas="AlliedRace-UnlockingFrame-BoxTopper" useAtlasSize="true">
													<Anchors>
														<Anchor point="TOP"/>
													</Anchors>
												</Texture>
											</Layer>
											<Layer level="BACKGROUND">
												<Texture parentKey="DescriptionBGBottom" atlas="AlliedRace-UnlockingFrame-Box" useAtlasSize="true">
													<Anchors>
														<Anchor point="BOTTOM" x="1" y="0"/>
													</Anchors>
												</Texture>
												<Texture parentKey="DescriptionBG" atlas="!AlliedRace-UnlockingFrame-BoxTile">
													<Size x="287" y="0"/>
													<Anchors>
														<Anchor point="TOP" relativeKey="$parent.HeaderBackground" relativePoint="BOTTOM" x="1" y="6"/>
														<Anchor point="BOTTOM" relativeKey="$parent.DescriptionBGBottom" relativePoint="TOP" x="1" y="0"/>
													</Anchors>
												</Texture>
											</Layer>
											<Layer level="ARTWORK">
												<FontString parentKey="Title" justifyH="LEFT" inherits="GameFontNormal" text="ALLIED_RACE_UNLOCK_TEXT">
													<Size x="200" y="0"/>
													<Anchors>
														<Anchor point="LEFT" relativeKey="$parent.HeaderBackground" x="11" y="3"/>
													</Anchors>
													<Color r="0.929" g="0.788" b="0.620"/>
												</FontString>
												<FontString parentKey="Description" inherits="GameFontBlack" justifyH="LEFT">
													<Size x="260" y="30"/>
													<Anchors>
														<Anchor point="TOP" relativePoint="BOTTOM" relativeKey="$parent.HeaderBackground" x="=-20" y="-9"/>
													</Anchors>
													<Color r="0.25" g="0.1484375" b=".02" a="1"/>
												</FontString>
											</Layer>
										</Layers>
									</Frame>
								</Frames>
								<Layers>
									<Layer level="BACKGROUND">
										<FontString parentKey="RaceDescriptionText" inherits="QuestFont" justifyH="LEFT" >
											<Anchors>
												<Anchor point="LEFT" x="30"/>
												<Anchor point="RIGHT" x="20"/>
												<Anchor point="TOP" relativeKey="$parent.ObjectivesFrame" relativePoint="BOTTOM" y="-20"/>
											</Anchors>
											<Color r="0.208" g="0" b="0"/>
										</FontString>
										<FontString parentKey="RacialTraitsLabel" inherits="QuestFont" text="RACIAL_TRAITS">
											<Anchors>
												<Anchor point="TOPLEFT" relativeKey="$parent.RaceDescriptionText" relativePoint="BOTTOMLEFT" x="0" y="-17"/>
											</Anchors>
											<Color r="0.208" g="0" b="0"/>
										</FontString>
									</Layer>
								</Layers>
							</Frame>
						</ScrollChild>
						<Frames>
							<Slider parentKey="ScrollBar" inherits="MinimalScrollBarWithBorderTemplate">
								<Anchors>
									<Anchor point="TOPLEFT" relativePoint="TOPRIGHT" x="0" y="38"/>
									<Anchor point="BOTTOMLEFT" relativePoint="BOTTOMRIGHT" x="0" y="14"/>
								</Anchors>
							</Slider>
						</Frames>
						<Scripts>
							<OnLoad>
								ScrollFrame_OnLoad(self);
							</OnLoad>
						</Scripts>
					</ScrollFrame>
				</Frames>
				<Layers>
					<Layer level="ARTWORK">
						<FontString parentKey="AlliedRacesRaceName" inherits="Fancy48Font" justifyH="CENTER" mixin="ShrinkUntilTruncateFontStringMixin">
							<Size x="270" y="40"/>
							<Anchors>
								<Anchor point="TOPRIGHT" relativeTo="AlliedRacesFrame" x="-52" y="-38"/>
							</Anchors>
							<Color r="0.1" g="0.1" b="0.1"/>
						</FontString>
					</Layer>
				</Layers>
			</Frame>
		</Frames>
		<Layers>
			<Layer level="BACKGROUND">
				<Texture parentKey="FrameBackground" atlas="AlliedRace-UnlockingFrame-Background" useAtlasSize="true">
					<Anchors>
						<Anchor point="BOTTOMLEFT" x="0" y="0"/>
					</Anchors>
				</Texture>
			</Layer>
			<Layer level="BACKGROUND" textureSubLevel="1">
				<Texture parentKey="Banner" atlas="AlliedRace-UnlockingFrame-RaceBanner" useAtlasSize="true">
					<Anchors>
						<Anchor point="TOPLEFT" relativeKey="$parent.ModelFrame" relativePoint="TOPRIGHT" x="-76" y="0"/>
					</Anchors>
				</Texture>
			</Layer>
		</Layers>
		<Scripts>
			<OnLoad  method="OnLoad"/>
			<OnEvent method="OnEvent"/>
			<OnHide  method="OnHide"/>
			<OnShow  method="OnShow"/>
		</Scripts> 
	</Frame>
</Ui>