<Ui xmlns="http://www.blizzard.com/wow/ui/" xmlns:xsi="http://www.w3.org/2001/XMLSchema-instance" xsi:schemaLocation="http://www.blizzard.com/wow/ui/
..\FrameXML\UI.xsd">
	<Script file="Blizzard_LootJournal.lua"/>

	<Button name="LootJournalItemButtonTemplate" virtual="true">
		<Scripts>
			<OnEnter function="LootJournalItemButtonTemplate_OnEnter"/>
			<OnLeave function="LootJournalItemButtonTemplate_OnLeave"/>
			<OnClick>
				HandleModifiedItemClick(self.itemInfo and self.itemInfo.link or self.itemLink);
			</OnClick>
		</Scripts>
	</Button>

	<Button name="LootJournalItemSetItemButtonTemplate" parentArray="ItemButtons" inherits="LootJournalItemButtonTemplate" virtual="true">
		<Size x="32" y="32"/>
		<Layers>
			<Layer level="BACKGROUND">
				<Texture parentKey="Icon">
					<Size x="28" y="28"/>
					<Anchors>
						<Anchor point="CENTER"/>
					</Anchors>
				</Texture>
			</Layer>
			<Layer level="BORDER">
				<Texture parentKey="Border" atlas="loottab-set-itemborder-green" useAtlasSize="true">
					<Anchors>
						<Anchor point="RIGHT" relativeKey="$parent.Icon" relativePoint="CENTER" x="20" y="1"/>
					</Anchors>
				</Texture>
			</Layer>
		</Layers>
	</Button>

	<Button name="LootJournalItemSetButtonTemplate" virtual="true">
		<Size x="744" y="41"/>
		<Layers>
			<Layer level="BACKGROUND">
				<Texture parentKey="Background" atlas="loottab-set-background" useAtlasSize="true">
					<Anchors>
						<Anchor point="TOPLEFT" x="0" y="0"/>
					</Anchors>
				</Texture>
			</Layer>
			<Layer level="ARTWORK">
				<FontString parentKey="SetName" inherits="GameFontNormalMed2" maxLines="1" justifyH="LEFT">
					<Size x="550" y="0"/>
					<Anchors>
						<Anchor point="TOPLEFT" x="39" y="-6"/>
					</Anchors>
				</FontString>
				<FontString parentKey="ItemLevel" inherits="GameFontNormal" text="Item Level" maxLines="1" justifyH="LEFT">
					<Size x="550" y="0"/>
					<Anchors>
						<Anchor point="TOPLEFT" relativeKey="$parent.SetName" relativePoint="BOTTOMLEFT" x="0" y="-2"/>
					</Anchors>
					<Color r="0.718" g="0.561" b="0.416"/>
				</FontString>
			</Layer>
		</Layers>
		<Frames>
			<Button inherits="LootJournalItemSetItemButtonTemplate">
				<Anchors>
					<Anchor point="LEFT" x="397" y="0"/>
				</Anchors>
			</Button>
		</Frames>
	</Button>
	
	<Frame parent="EncounterJournal" parentKey="LootJournal" hidden="true" mixin="LootJournalMixin">
		<Anchors>
			<Anchor point="TOPLEFT" relativeTo="$parentInset" x="4" y="-51" />
			<Anchor point="BOTTOMRIGHT" relativeTo="$parentInset" x="-4" y="0"/>
		</Anchors>
		<Layers>
			<Layer level="BACKGROUND">
				<Texture atlas="loottab-background" useAtlasSize="true">
					<Anchors>
						<Anchor point="TOP" x="0" y="4"/>
					</Anchors>
				</Texture>
			</Layer>
		</Layers>
		<Frames>
			<Frame name="LootJournalClassDropDown" parentKey="ClassDropDown" inherits="UIDropDownMenuTemplate" hidden="true">
				<Scripts>
					<OnLoad function="LootJournalClassDropDown_OnLoad"/>
				</Scripts>
			</Frame>
			<ScrollFrame parentKey="ItemSetsFrame" inherits="MinimalHybridScrollFrameTemplate" hidden="true" mixin="LootJournalListMixin, LootJournalItemSetsMixin">
				<Size x="762" y="332"/>
				<Anchors>
					<Anchor point="BOTTOMLEFT" x="0" y="3"/>
				</Anchors>
				<Frames>
					<Button parentKey="ClassButton" inherits="EJButtonTemplate">
						<Size x="114" y="26"/>
						<Anchors>
							<Anchor point="TOPRIGHT" x="-12" y="35"/>
						</Anchors>
						<Scripts>
							<OnClick>
								ToggleDropDownMenu(1, nil, self:GetParent():GetParent().ClassDropDown, self, 5, 0);
								PlaySound(SOUNDKIT.IG_MAINMENU_OPTION_CHECKBOX_ON);
							</OnClick>
						</Scripts>
					</Button>
				</Frames>
				<Scripts>
					<OnLoad method="OnLoad"/>
					<OnShow method="OnShow"/>
					<OnHide method="OnHide"/>
					<OnEvent method="OnEvent"/>
				</Scripts>
			</ScrollFrame>
		</Frames>
		<Scripts>
			<OnLoad method="OnLoad"/>
			<OnEvent method="OnEvent"/>
		</Scripts>
	</Frame>

</Ui>
