<Ui xmlns="http://www.blizzard.com/wow/ui/" xmlns:xsi="http://www.w3.org/2001/XMLSchema-instance" xsi:schemaLocation="http://www.blizzard.com/wow/ui/
..\FrameXML\UI.xsd">
	<Script file="Blizzard_GarrisonMonumentUI.lua"/>
	
	<Frame name="GarrisonMonumentFrame" parent="UIParent" frameStrata="HIGH" enableMouse="true" toplevel="true" hidden="true">
		<Size x="333" y="91"/>
		<Anchors>
			<Anchor point="BOTTOM" x="0" y="125"/>
		</Anchors>
		<Layers>
			<Layer level="BACKGROUND">
				<Texture parentKey="Background" atlas="Monuments-Frame" useAtlasSize="true">
					<Anchors>
						<Anchor point="CENTER"/>
					</Anchors>
				</Texture>
				<FontString parentKey="Title" inherits="GameFontHighlightSmall" justifyH="CENTER" justifyV="CENTER" text="GARRISON_MONUMENTS_TITLE">
					<Size x="120" y="20"/>
					<Anchors>
						<Anchor point="TOP" relativeKey="$parent.Background" x="0" y="-13"/>
					</Anchors>
				</FontString>
			</Layer>
			<Layer level="OVERLAY">
				<FontString parentKey="Text" inherits="QuestFont_Huge" justifyH="CENTER" justifyV="CENTER" text="Badass Statue 1" setAllPoints="true">
					<Size x="160" y="32"/>
					<Anchors>
						<Anchor point="CENTER" relativeKey="$parent.Background" x="0-" y="-6"/>
					</Anchors>
					<Color r="1" g=".82" b="0"/>
				</FontString>
			</Layer>
		</Layers>
		<Frames>
			<Frame parentKey="Body">
				<Size x="136" y="56"/>
				<Anchors>
					<Anchor point="CENTER" x="0" y="-8"/>
				</Anchors>
				<Frames>
					<Frame parentKey="Lock" hidden="true" setAllPoints="true">
						<Layers>
							<Layer level="BACKGROUND">
								<Texture parentKey="Background" atlas="Monuments-LockedOverlay" useAtlasSize="true">
									<Anchors>
										<Anchor point="CENTER"/>
									</Anchors>
								</Texture>
							</Layer>
							<Layer level="OVERLAY">
								<Texture parentKey="Texture" atlas="Monuments-Lock" useAtlasSize="true">
									<Anchors>
										<Anchor point="CENTER"/>
									</Anchors>
								</Texture>
							</Layer>
						</Layers>
					</Frame>
				</Frames>
				<Scripts>
					<OnEnter function="GarrisonMonuntmentLock_OnEnter"/>
					<OnLeave function="GameTooltip_Hide"/>
				</Scripts>
			</Frame>

			<Button parentKey="LeftBtn">
				<Size x="35" y="35"/>
				<Anchors>
					<Anchor point="LEFT" x="22" y="-8"/>
				</Anchors>
				<Layers>
					<Layer level="ARTWORK">
						<Texture parentKey="Texture" atlas="Monuments-LeftButton-Up" useAtlasSize="true">
						</Texture>
					</Layer>
				</Layers>
				
				<Scripts>
					<OnMouseDown function="GarrisonMonuntmentLeftBtn_OnMouseDown"/>
					<OnMouseUp function="GarrisonMonuntmentLeftBtn_OnMouseUp"/>
				</Scripts>
				<HighlightTexture file="Interface\Buttons\ButtonHilight-Square" alphaMode="ADD"/>
			</Button>
			
			<Button parentKey="RightBtn">
				<Size x="35" y="35"/>
				<Anchors>
					<Anchor point="RIGHT" x="-22" y="-8"/>
				</Anchors>
				<Layers>
					<Layer level="ARTWORK">
						<Texture parentKey="Texture" atlas="Monuments-RightButton-Up" useAtlasSize="true">
						</Texture>
					</Layer>
				</Layers>
				
				<Scripts>
					<OnMouseDown function="GarrisonMonuntmentRightBtn_OnMouseDown"/>
					<OnMouseUp function="GarrisonMonuntmentRightBtn_OnMouseUp"/>
				</Scripts>
				<HighlightTexture file="Interface\Buttons\ButtonHilight-Square" alphaMode="ADD"/>
			</Button>
		</Frames>
		<Scripts>
			<OnLoad function="GarrisonMonuntmentFrame_OnLoad"/>
			<OnEvent function="GarrisonMonuntmentFrame_OnEvent"/>
			<OnShow function="GarrisonMonuntmentFrame_OnShow"/>
			<OnHide function="GarrisonMonuntmentFrame_OnHide"/>
		</Scripts>
	</Frame>
</Ui>