<Ui xmlns="http://www.blizzard.com/wow/ui/" xmlns:xsi="http://www.w3.org/2001/XMLSchema-instance" xsi:schemaLocation="http://www.blizzard.com/wow/ui/
../FrameXML/UI.xsd">
	<Script file="Blizzard_GarrisonMissionUI.lua"/>

	<CinematicModel name="GarrisonCinematicModelBaseTemplate" virtual="true">
		<Scripts>
			<OnLoad function="GarrisonCinematicModelBase_OnLoad"/>
			<OnEvent function="GarrisonCinematicModelBase_OnEvent"/>
		</Scripts>
	</CinematicModel>

	<PlayerModel name="MissionCompletePreloadModelTemplate" alpha="0" frameStrata="LOW" virtual="true">
		<Size x="100" y="100"/>
		<Anchors>
			<Anchor point="TOPLEFT" x="10" y="-10"/>
		</Anchors>
		<Scripts>
			<OnModelLoaded function="MissionCompletePreload_OnModelLoaded"/>
		</Scripts>
	</PlayerModel>

	<Frame name="GarrisonFollowerMissionPortraitTemplate" inherits="GarrisonFollowerPortraitTemplate" virtual="true">
		<Layers>
			<Layer level="OVERLAY" textureSubLevel="1">
				<Texture parentKey="Empty" atlas="GarrMission_PortraitRing_Empty" useAtlasSize="true">
					<Anchors>
						<Anchor point="TOP" relativeKey="$parent.PortraitRing"/>
					</Anchors>
				</Texture>
			</Layer>
			<Layer level="OVERLAY" textureSubLevel="2">
				<Texture parentKey="Highlight" hidden="false" alpha="0" alphaMode="ADD" atlas="GarrMission_PortraitRing_Glow" useAtlasSize="true">
					<Anchors>
						<Anchor point="CENTER" x="0" y="-1"/>
					</Anchors>
				</Texture>
				<Texture parentKey="SpellTargetHighlight" hidden="true" alpha="1" alphaMode="ADD" atlas="GarrMission_PortraitRing_Highlight" useAtlasSize="true">
					<Anchors>
						<Anchor point="CENTER"/>
					</Anchors>
				</Texture>
			</Layer>
			<Layer level="ARTWORK">
				<Texture parentKey="PortraitFeedbackGlow" hidden="false" alpha="0.01" alphaMode="ADD" atlas="GarrMission_PortraitRing_Highlight" useAtlasSize="true">
					<Anchors>
						<Anchor point="CENTER"/>
					</Anchors>
				</Texture>
			</Layer>
		</Layers>
		<Animations>
			<AnimationGroup parentKey="PulseAnim" setToFinalAlpha="true" looping="REPEAT">
				<Alpha childKey="Highlight" duration="0.5" order="1" fromAlpha="0.5" toAlpha="1"/>
				<Alpha childKey="Highlight" startDelay="1" duration="0.5" order="1" fromAlpha="1" toAlpha="0.5"/>
			</AnimationGroup>
			<AnimationGroup parentKey="PortraitFeedbackGlowAnim" setToFinalAlpha="true">
				<Alpha childKey="PortraitFeedbackGlow" smoothing="IN" duration="0.25" order="1" fromAlpha="0" toAlpha="1"/>
				<Scale childKey="PortraitFeedbackGlow" duration="0.35" order="1" fromScaleX="0.8" fromScaleY="0.8" toScaleX="1.2" toScaleY="1.2"/>
				<Alpha childKey="PortraitFeedbackGlow" startDelay="0.3" duration="0.5" order="1" fromAlpha="1" toAlpha="0"/>
			</AnimationGroup>
		</Animations>
	</Frame>

	<Button name="GarrisonMissionListTabTemplate" virtual="true">
		<Size x="268" y="40"/>
		<Layers>
			<Layer level="BORDER" textureSubLevel="1">
				<Texture parentKey="Left" atlas="GarrMission_ParchmentHeader-End" useAtlasSize="true">
					<Anchors>
						<Anchor point="BOTTOMLEFT"/>
					</Anchors>
				</Texture>
				<Texture parentKey="Right" atlas="GarrMission_ParchmentHeader-End" useAtlasSize="true">
					<Anchors>
						<Anchor point="BOTTOMRIGHT"/>
					</Anchors>
					<TexCoords left="1.0" right="0.0" top="0.0" bottom="1.0"/>
				</Texture>
			</Layer>
			<Layer level="BORDER">
				<Texture parentKey="Middle" atlas="_GarrMission_ParchmentHeader-Mid" useAtlasSize="true" horizTile="true">
					<Anchors>
						<Anchor point="LEFT" relativeKey="$parent.Left" relativePoint="RIGHT" x="-35"/>
						<Anchor point="RIGHT" relativeKey="$parent.Right" relativePoint="LEFT" x="35"/>
					</Anchors>
				</Texture>
			</Layer>
			<Layer level="BORDER" textureSubLevel="3">
				<Texture parentKey="SelectedLeft" atlas="GarrMission_ParchmentHeaderSelect-End" useAtlasSize="true">
					<Anchors>
						<Anchor point="BOTTOMLEFT"/>
					</Anchors>
				</Texture>
				<Texture parentKey="SelectedRight" atlas="GarrMission_ParchmentHeaderSelect-End" useAtlasSize="true">
					<Anchors>
						<Anchor point="BOTTOMRIGHT"/>
					</Anchors>
					<TexCoords left="1.0" right="0.0" top="0.0" bottom="1.0"/>
				</Texture>
			</Layer>
			<Layer level="BORDER" textureSubLevel="2">
				<Texture parentKey="SelectedMid" atlas="_GarrMission_ParchmentHeaderSelect-Mid" useAtlasSize="true" horizTile="true">
					<Anchors>
						<Anchor point="LEFT" relativeKey="$parent.SelectedLeft" relativePoint="RIGHT" x="-35"/>
						<Anchor point="RIGHT" relativeKey="$parent.SelectedRight" relativePoint="LEFT" x="35"/>
					</Anchors>
				</Texture>
			</Layer>
		</Layers>
		<ButtonText name="$parentText" parentKey="Text" inherits="QuestFont_Huge">
			<Anchors>
				<Anchor point="CENTER" x="0" y="0"/>
			</Anchors>
			<Shadow>
				<Offset x="1" y="-1"/>
			</Shadow>
		</ButtonText>
		<Scripts>
			<OnClick function="GarrisonMissionListTab_OnClick"/>
		</Scripts>
	</Button>

	<Frame name="GarrisonMissionAbilityLargeCounterTemplate" inherits="GarrisonAbilityLargeCounterTemplate" virtual="true">
		<Scripts>
			<OnEnter function="GarrisonMissionMechanicFollowerCounter_OnEnter"/>
			<OnLeave function="GarrisonMissionMechanicFollowerCounter_OnLeave"/>
		</Scripts>
	</Frame>

	<Button name="GarrisonFollowerPageAbilityIconButtonTemplate" virtual="true">
		<Layers>
			<Layer level="BACKGROUND" textureSubLevel="-1">
				<Texture parentKey="Icon" alphaMode="BLEND" file="Interface\icons\inv_drink_31_embalmingfluid">
					<Size x="35" y="35"/>
					<Anchors>
						<Anchor point="CENTER"/>
					</Anchors>
				</Texture>
			</Layer>
			<Layer level="BORDER">
				<Texture parentKey="SmokeyCenter2" alpha="0" alphaMode="ADD" atlas="BonusChest-CircleGlow" useAtlasSize="true">
					<Anchors>
						<Anchor point="CENTER"/>
					</Anchors>
				</Texture>
			</Layer>
			<Layer level="BORDER" textureSubLevel="2">
				<Texture parentKey="OldIcon" alpha="0" alphaMode="BLEND" file="Interface\Icons\ability_warrior_savageblow">
					<Size x="35" y="35"/>
					<Anchors>
						<Anchor point="CENTER"/>
					</Anchors>
				</Texture>
			</Layer>
			<Layer level="BORDER" textureSubLevel="3">
				<Texture parentKey="Border" atlas="GarrMission_EncounterAbilityBorder-Lg" hidden="true">
					<Size x="60" y="60"/>
					<Anchors>
						<Anchor point="CENTER"/>
					</Anchors>
				</Texture>
			</Layer>
			<Layer level="ARTWORK">
				<Texture parentKey="SmokeyCenter" alpha="0" alphaMode="ADD" atlas="BonusChest-Smoke-Uncommon" useAtlasSize="true">
					<Anchors>
						<Anchor point="CENTER"/>
					</Anchors>
				</Texture>
				<Texture parentKey="WideGlow" alpha="0" alphaMode="BLEND" atlas="BonusChest-OrangeGlow-Wide" useAtlasSize="true">
					<Anchors>
						<Anchor point="LEFT" relativeKey="$parent.SmokeyCenter2" relativePoint="CENTER" x="-100" y="0"/>
					</Anchors>
				</Texture>
			</Layer>
			<Layer level="OVERLAY">
				<Texture parentKey="ValidSpellHighlight" atlas="GarrMission-AbilityHighlight" useAtlasSize="true" hidden="true">
					<Anchors>
						<Anchor point="CENTER"/>
					</Anchors>
				</Texture>
			</Layer>
		</Layers>
		<Size x="35" y="35"/>
		<Anchors>
			<Anchor point="TOPLEFT"/>
		</Anchors>
		<Scripts>
			<OnClick function="GarrisonFollowerPageAbility_OnClick"/>
			<OnEnter>
				ShowGarrisonFollowerAbilityTooltipWithExtraDescriptionText(self, self.abilityID, self:GetParent().followerTypeID, self.extraDescriptionText);
			</OnEnter>
			<OnLeave>
				HideGarrisonFollowerAbilityTooltipWithExtraDescriptionText(self:GetParent().followerTypeID);
			</OnLeave>
		</Scripts>
	</Button>

	<Frame name="GarrisonFollowerPageAbilityTemplate" parentArray="Abilities" virtual="true">
		<Size x="240" y="60"/>
		<KeyValues>
			<KeyValue key="followerTypeID" value="1" type="number"/>
			<KeyValue key="hideCounters" value="false" type="boolean"/>
		</KeyValues>
		<Layers>
			<Layer level="ARTWORK">
				<FontString parentKey="Name" inherits="GameFontNormalLarge2" justifyH="LEFT" maxLines="1"/>

				<FontString parentKey="Category" inherits="GameFontHighlight" justifyH="LEFT">
					<Size x="220" y="0"/>
					<Anchors>
						<Anchor point="TOPLEFT" relativeKey="$parent.Name" relativePoint="BOTTOMLEFT" y="-3"/>
					</Anchors>
				</FontString>
				<FontString parentKey="CounterString" inherits="GameFontHighlight" justifyH="LEFT" text="GARRISON_ABILITY_COUNTERS">
					<Anchors>
						<Anchor point="TOPLEFT" relativeKey="$parent.Category" relativePoint="BOTTOMLEFT" y="-6"/>
					</Anchors>
				</FontString>
			</Layer>
		</Layers>
		<Frames>
			<Button inherits="GarrisonFollowerPageAbilityIconButtonTemplate" parentKey="IconButton">
				<Layers>
					<Layer level="ARTWORK" textureSubLevel="1">
						<Texture parentKey="LockBackground" setAllPoints="true" hidden="true">
							<Color a="0.35" r="0.0" g="0.0" b="0.0b"/>
						</Texture>
					</Layer>
					<Layer level="ARTWORK" textureSubLevel="2">
						<Texture parentKey="Lock" atlas="legionmission-lock" hidden="true">
							<Size x="26" y="34"/>
							<Anchors>
								<Anchor point="CENTER"/>
							</Anchors>
						</Texture>
					</Layer>
				</Layers>
			</Button>
		</Frames>
		<Layers>
			<Layer level="ARTWORK">
				<Texture parentKey="LargeAbilityFeedbackGlow" hidden="false" alpha="0.01" alphaMode="ADD" atlas="GarrMission-AbilityHighlight" useAtlasSize="true">
					<Anchors>
						<Anchor point="CENTER" relativeKey="$parent.IconButton"/>
					</Anchors>
				</Texture>
			</Layer>
		</Layers>
		<Animations>
			<AnimationGroup parentKey="LargeAbilityFeedbackGlowAnim" setToFinalAlpha="true">
				<Alpha childKey="LargeAbilityFeedbackGlow" smoothing="IN" duration="0.25" order="1" fromAlpha="0" toAlpha="1"/>
				<Scale childKey="LargeAbilityFeedbackGlow" duration="0.25" order="1" fromScaleX="0.8" fromScaleY="0.8" toScaleX="1.4" toScaleY="1.4"/>
				<Alpha childKey="LargeAbilityFeedbackGlow" startDelay="0.2" duration="0.5" order="1" fromAlpha="1" toAlpha="0"/>
				<Scripts>
					<OnFinished>
						self:GetParent():GetParent():GetParent().lastUpdate = GetTime();
					</OnFinished>
				</Scripts>
			</AnimationGroup>
			<AnimationGroup parentKey="AbilityOverwriteAnim" setToFinalAlpha="true">
				<Alpha childKey="IconButton.SmokeyCenter" duration="0.25" order="1" fromAlpha="0" toAlpha="1"/>
				<Scale childKey="IconButton.SmokeyCenter" smoothing="OUT" duration="0.75" order="1" fromScaleX="0.75" fromScaleY="0.75" toScaleX="1.75" toScaleY="1.75"/>
				<Alpha childKey="IconButton.SmokeyCenter" startDelay="0.25" smoothing="IN_OUT" duration="0.6" order="1" fromAlpha="1" toAlpha="0"/>
				<Alpha childKey="IconButton.SmokeyCenter2" startDelay="0.1" smoothing="IN" duration="0.25" order="1" fromAlpha="0" toAlpha="1"/>
				<Scale childKey="IconButton.SmokeyCenter2" smoothing="IN_OUT" duration="1" order="1" fromScaleX="0.75" fromScaleY="0.75" toScaleX="1.25" toScaleY="1.25"/>
				<Alpha childKey="IconButton.SmokeyCenter2" startDelay="0.5" duration="0.5" order="1" fromAlpha="1" toAlpha="0"/>
				<Alpha childKey="IconButton.WideGlow" startDelay="0.15" duration="0.5" order="1" fromAlpha="0" toAlpha="1"/>
				<Scale childKey="IconButton.WideGlow" startDelay="0.15" smoothing="IN_OUT" duration="0.5" order="1" fromScaleX="0.5" fromScaleY="1" toScaleX="1.25" toScaleY="1">
					<Origin point="LEFT">
						<Offset x="25" y="0"/>
					</Origin>
				</Scale>
				<Translation childKey="IconButton.WideGlow" startDelay="0.15" duration="1" order="1" offsetX="25" offsetY="0"/>
				<Alpha childKey="IconButton.WideGlow" startDelay="0.65" duration="0.25" order="1" fromAlpha="1" toAlpha="0"/>
				<Alpha childKey="IconButton.OldIcon" startDelay="0.5" duration="0.15" order="1" fromAlpha="1" toAlpha="0"/>
				<Alpha childKey="IconButton.Icon" startDelay="0.15" duration="0.25" order="1" fromAlpha="0" toAlpha="1"/>
				<Scripts>
					<OnFinished>
						self:GetParent():GetParent():GetParent().lastUpdate = GetTime();
					</OnFinished>
				</Scripts>
			</AnimationGroup>
		</Animations>
	</Frame>

	<Frame name="GarrisonMissionListButtonRewardTemplate" enableMouse="true" virtual="true">
		<Size x="72" y="72"/>
		<Layers>
			<Layer level="BACKGROUND">
				<Texture atlas="GarrMission_RewardsShadow" useAtlasSize="true">
					<Anchors>
						<Anchor point="CENTER"/>
					</Anchors>
				</Texture>
			</Layer>
			<Layer level="ARTWORK">
				<Texture parentKey="Icon">
					<Size x="48" y="48"/>
					<Anchors>
						<Anchor point="CENTER"/>
					</Anchors>
				</Texture>
			</Layer>
			<Layer level="ARTWORK" textureSubLevel="1">
				<FontString parentKey="Quantity" inherits="NumberFontNormal">
					<Anchors>
						<Anchor point="BOTTOMRIGHT" relativeKey="$parent.Icon"/>
					</Anchors>
				</FontString>
				<Texture parentKey="IconBorder" file="Interface\Common\WhiteIconFrame">
					<Size x="48" y="48"/>
					<Anchors>
						<Anchor point="CENTER" relativeKey="$parent.Icon"/>
					</Anchors>
				</Texture>
			</Layer>
			<Layer level="OVERLAY" textureSubLevel="1">
				<Texture parentKey="IconOverlay" hidden="true">
					<Size x="48" y="48"/>
					<Anchors>
						<Anchor point="CENTER" relativeKey="$parent.Icon"/>
					</Anchors>
				</Texture>
			</Layer>
		</Layers>
		<Scripts>
			<OnEnter>
				GarrisonMissionButtonRewards_OnEnter(self); 
			</OnEnter>
			<OnLeave function="GameTooltip_Hide"/>
		</Scripts>
	</Frame>

	<Frame name="GarrisonMissionListButtonNewHighlightTemplate" virtual="true" hidden="true">
		<Animations>
			<AnimationGroup parentKey="NewMissionGlowAnim" setToFinalAlpha="true" looping="REPEAT">
				<Alpha childKey="Select" duration="0.4" order="1" fromAlpha="0" toAlpha="1"/>
				<Alpha childKey="Select" startDelay="0.6" duration="1" order="1" fromAlpha="1" toAlpha="0"/>
			</AnimationGroup>
		</Animations>
		<Layers>
			<Layer level="OVERLAY">
				<Texture parentKey="SelectT" atlas="_GarrMission_TopBorder-Select" useAtlasSize="true" horizTile="true">
					<Anchors>
						<Anchor point="TOPLEFT" x="21" y="4"/>
						<Anchor point="TOPRIGHT" x="-22" y="4"/>
					</Anchors>
				</Texture>
				<Texture parentKey="SelectB" atlas="_GarrMission_TopBorder-Select" useAtlasSize="true" horizTile="true">
					<Anchors>
						<Anchor point="BOTTOMLEFT" x="21" y="-4"/>
						<Anchor point="BOTTOMRIGHT" x="-22" y="-4"/>
					</Anchors>
					<TexCoords left="0.0" right="1.0" top="1.0" bottom="0.0"/>
				</Texture>
				<Texture parentKey="SelectTL" atlas="GarrMission_TopBorderCorner-Select" useAtlasSize="true">
					<Anchors>
						<Anchor point="TOPLEFT" x="-5" y="4"/>
					</Anchors>
				</Texture>
				<Texture parentKey="SelectTR" atlas="GarrMission_TopBorderCorner-Select" useAtlasSize="true">
					<Anchors>
						<Anchor point="TOPRIGHT" x="4" y="4"/>
					</Anchors>
					<TexCoords left="1.0" right="0.0" top="0.0" bottom="1.0"/>
				</Texture>
				<Texture parentKey="SelectBL" atlas="GarrMission_TopBorderCorner-Select" useAtlasSize="true">
					<Anchors>
						<Anchor point="BOTTOMLEFT" x="-5" y="-4"/>
					</Anchors>
					<TexCoords left="0.0" right="1.0" top="1.0" bottom="0.0"/>
				</Texture>
				<Texture parentKey="SelectBR" atlas="GarrMission_TopBorderCorner-Select" useAtlasSize="true">
					<Anchors>
						<Anchor point="BOTTOMRIGHT" x="4" y="-4"/>
					</Anchors>
					<TexCoords left="1.0" right="0.0" top="1.0" bottom="0.0"/>
				</Texture>
			</Layer>
			<Layer level="OVERLAY" textureSubLevel="1">
				<Texture parentKey="Select" atlas="GarrMission_ListGlow-Select" useAtlasSize="true">
					<Anchors>
						<Anchor point="TOPLEFT" y="0"/>
						<Anchor point="TOPRIGHT" y="0"/>
					</Anchors>
				</Texture>
			</Layer>
		</Layers>
		<Scripts>
			<OnShow>
				self.NewMissionGlowAnim:Play();
			</OnShow>
			<OnHide>
				self.NewMissionGlowAnim:Stop();
			</OnHide>
		</Scripts>
	</Frame>

	<Button name="GarrisonMissionListButtonTemplate" virtual="true">
		<Size x="832" y="80"/>
		<Layers>
			<Layer level="BACKGROUND">
				<Texture atlas="GarrMission_MissionParchment" useAtlasSize="true" vertTile="true" horizTile="true">
					<Anchors>
						<Anchor point="TOPLEFT" x="3"/>
						<Anchor point="BOTTOMRIGHT" x="-3"/>
					</Anchors>
				</Texture>
			</Layer>
			<Layer level="BACKGROUND" textureSubLevel="1">
				<Texture atlas="!GarrMission_Bg-Edge" vertTile="true" useAtlasSize="true">
					<Anchors>
						<Anchor point="TOPLEFT" x="-10"/>
						<Anchor point="BOTTOMLEFT"  x="-10"/>
					</Anchors>
				</Texture>
				<Texture atlas="!GarrMission_Bg-Edge" vertTile="true" useAtlasSize="true">
					<Anchors>
						<Anchor point="TOPRIGHT" x="10"/>
						<Anchor point="BOTTOMRIGHT" x="10"/>
					</Anchors>
					<TexCoords left="1.0" right="0.0" top="0.0" bottom="1.0"/>
				</Texture>
			</Layer>
			<Layer level="BACKGROUND" textureSubLevel="2">
				<Texture atlas="_GarrMission_MissionListTopHighlight" horizTile="true" useAtlasSize="true">
					<Anchors>
						<Anchor point="TOPLEFT" x="3"/>
						<Anchor point="TOPRIGHT" x="-3"/>
					</Anchors>
				</Texture>
				<Texture atlas="_GarrMission_Bg-BottomEdgeSmall" horizTile="true" useAtlasSize="true">
					<Anchors>
						<Anchor point="BOTTOMLEFT" x="3"/>
						<Anchor point="BOTTOMRIGHT" x="-3"/>
					</Anchors>
				</Texture>
			</Layer>
			<Layer level="BACKGROUND" textureSubLevel="3">
				<Texture parentKey="IconBG" atlas="Garr_MissionList-IconBG" useAtlasSize="true">
					<Anchors>
						<Anchor point="TOPLEFT" y="-1"/>
					</Anchors>
					<Color r="0" g="0" b="0" a="0.4"/>
				</Texture>
			</Layer>
			<Layer level="BORDER">
				<Texture atlas="_GarrMission_TopBorder" useAtlasSize="true" horizTile="true">
					<Anchors>
						<Anchor point="TOPLEFT" x="20" y="4"/>
						<Anchor point="TOPRIGHT" x="-20" y="4"/>
					</Anchors>
				</Texture>
				<Texture atlas="_GarrMission_TopBorder" useAtlasSize="true" horizTile="true">
					<Anchors>
						<Anchor point="BOTTOMLEFT" x="20" y="-4"/>
						<Anchor point="BOTTOMRIGHT" x="-20" y="-4"/>
					</Anchors>
					<TexCoords left="0.0" right="1.0" top="1.0" bottom="0.0"/>
				</Texture>
			</Layer>
			<Layer level="BORDER" textureSubLevel="1">
				<Texture atlas="GarrMission_TopBorderCorner" useAtlasSize="true">
					<Anchors>
						<Anchor point="TOPLEFT" x="-5" y="4"/>
					</Anchors>
				</Texture>
				<Texture atlas="GarrMission_TopBorderCorner" useAtlasSize="true">
					<Anchors>
						<Anchor point="TOPRIGHT" x="4" y="4"/>
					</Anchors>
					<TexCoords left="1.0" right="0.0" top="0.0" bottom="1.0"/>
				</Texture>
				<Texture atlas="GarrMission_TopBorderCorner" useAtlasSize="true">
					<Anchors>
						<Anchor point="BOTTOMLEFT" x="-5" y="-4"/>
					</Anchors>
					<TexCoords left="0.0" right="1.0" top="1.0" bottom="0.0"/>
				</Texture>
				<Texture atlas="GarrMission_TopBorderCorner" useAtlasSize="true">
					<Anchors>
						<Anchor point="BOTTOMRIGHT" x="4" y="-4"/>
					</Anchors>
					<TexCoords left="1.0" right="0.0" top="1.0" bottom="0.0"/>
				</Texture>
			</Layer>
			<Layer level="ARTWORK" textureSubLevel="2">
				<Texture parentKey="LocBG">
					<Size x="792" y="78"/>
					<Anchors>
						<Anchor point="RIGHT"/>
					</Anchors>
				</Texture>
				<Texture parentKey="RareOverlay" atlas="GarrMission_RareOverlay" useAtlasSize="true">
					<Anchors>
						<Anchor point="BOTTOMLEFT" x="-5" y="-4"/>
					</Anchors>
				</Texture>
				<FontString parentKey="RareText" inherits="QuestFont_Huge" justifyH="LEFT" text="GARRISON_MISSION_RARE">
					<Size x="290" y="15"/>
					<Anchors>
						<Anchor point="BOTTOMLEFT" relativeKey="$parent.RareOverlay" x="25" y="11"/>
					</Anchors>
					<Shadow>
						<Offset x="1" y="-1"/>
						<Color r="0" g="0" b="0"/>
					</Shadow>
					<Color r="0.098" g="0.537" b="0.969" a="1"/>
				</FontString>
			</Layer>
			<Layer level="ARTWORK">
				<FontString parentKey="Level" inherits="Game30Font">
					<Anchors>
						<Anchor point="CENTER" relativePoint="TOPLEFT" x="40" y="-36"/>
					</Anchors>
					<Color r="0.84" g="0.72" b="0.57"/>
				</FontString>
				<FontString parentKey="ItemLevel" inherits="GameFontNormalLarge" hidden="true">
					<Anchors>
						<Anchor point="TOP" relativeKey="$parent.Level" relativePoint="BOTTOM" x="0" y="2"/>
					</Anchors>
					<Color r="0.84" g="0.72" b="0.57"/>
				</FontString>
				<Texture parentKey="MissionType" atlas="GarrMission_MissionIcon-Combat">
					<Size x="75" y="75"/>
					<Anchors>
						<Anchor point="TOPLEFT" x="68" y="-2"/>
					</Anchors>
				</Texture>
				<FontString parentKey="Title" inherits="QuestFont_Super_Huge" justifyH="LEFT" maxLines="1">
					<Anchors>
						<Anchor point="LEFT" x="165" y="0"/>
					</Anchors>
					<Shadow>
						<Offset x="1" y="-1"/>
						<Color r="0" g="0" b="0"/>
					</Shadow>
					<Color r="1" g="1" b="1"/>
				</FontString>
				<FontString parentKey="Summary" inherits="GameFontNormalLarge2" justifyH="LEFT">
					<Size x="0" y="0"/>
					<Anchors>
						<Anchor point="BOTTOMLEFT" relativeKey="$parent.Title" relativePoint="BOTTOMRIGHT" x="8" y="0"/>
					</Anchors>
					<Color r="0.8" g="0.8" b="0.8"/>
				</FontString>
			</Layer>
			<Layer level="HIGHLIGHT">
				<Texture parentKey="HighlightT" atlas="_GarrMission_TopBorder-Highlight" useAtlasSize="true" horizTile="true">
					<Anchors>
						<Anchor point="TOPLEFT" x="21" y="4"/>
						<Anchor point="TOPRIGHT" x="-22" y="4"/>
					</Anchors>
				</Texture>
				<Texture parentKey="HighlightB" atlas="_GarrMission_TopBorder-Highlight" useAtlasSize="true" horizTile="true">
					<Anchors>
						<Anchor point="BOTTOMLEFT" x="21" y="-4"/>
						<Anchor point="BOTTOMRIGHT" x="-22" y="-4"/>
					</Anchors>
					<TexCoords left="0.0" right="1.0" top="1.0" bottom="0.0"/>
				</Texture>
			</Layer>
			<Layer level="HIGHLIGHT" textureSubLevel="1">
				<Texture parentKey="HighlightTL" atlas="GarrMission_TopBorderCorner-Highlight" useAtlasSize="true">
					<Anchors>
						<Anchor point="TOPLEFT" x="-5" y="4"/>
					</Anchors>
				</Texture>
				<Texture parentKey="HighlightTR" atlas="GarrMission_TopBorderCorner-Highlight" useAtlasSize="true">
					<Anchors>
						<Anchor point="TOPRIGHT" x="4" y="4"/>
					</Anchors>
					<TexCoords left="1.0" right="0.0" top="0.0" bottom="1.0"/>
				</Texture>
				<Texture parentKey="HighlightBL" atlas="GarrMission_TopBorderCorner-Highlight" useAtlasSize="true">
					<Anchors>
						<Anchor point="BOTTOMLEFT" x="-5" y="-4"/>
					</Anchors>
					<TexCoords left="0.0" right="1.0" top="1.0" bottom="0.0"/>
				</Texture>
				<Texture parentKey="HighlightBR" atlas="GarrMission_TopBorderCorner-Highlight" useAtlasSize="true">
					<Anchors>
						<Anchor point="BOTTOMRIGHT" x="4" y="-4"/>
					</Anchors>
					<TexCoords left="1.0" right="0.0" top="1.0" bottom="0.0"/>
				</Texture>
				<Texture parentKey="Highlight" atlas="GarrMission_ListGlow-Highlight" useAtlasSize="true">
					<Anchors>
						<Anchor point="TOPLEFT" y="0"/>
						<Anchor point="TOPRIGHT" y="0"/>
					</Anchors>
				</Texture>
			</Layer>
		</Layers>
		<Frames>
			<Frame parentArray="Rewards" inherits="GarrisonMissionListButtonRewardTemplate">
				<Anchors>
					<Anchor point="RIGHT" relativeKey="$parent.RewardsBG"/>
				</Anchors>
			</Frame>
			<Frame parentKey="Overlay" setAllPoints="true" hidden="true">
				<Layers>
					<Layer level="OVERLAY">
						<Texture parentKey="Overlay" setAllPoints="true">
							<Color r="0" g="0" b="0" a=".4"/>
						</Texture>
					</Layer>
				</Layers>
			</Frame>
		</Frames>
		<Scripts>
			<OnClick function="GarrisonMissionButton_OnClick"/>
			<OnEnter function="GarrisonMissionButton_OnEnter"/>
			<OnLeave function="GameTooltip_Hide"/>
		</Scripts>
	</Button>

	<Frame name="GarrisonFollowerMissionRewardsFrameTemplate" virtual="true">
		<Layers>
			<Layer level="BACKGROUND">
				<Texture atlas="GarrMission_RewardsBG-Desaturate">
					<Anchors>
						<Anchor point="TOPLEFT"/>
						<Anchor point="BOTTOMRIGHT"/>
					</Anchors>
				</Texture>
			</Layer>
			<Layer level="BORDER">
				<Texture atlas="!GarrMission_RewardsBorder-Left-Desaturate" vertTile="true" useAtlasSize="true">
					<Anchors>
						<Anchor point="TOPLEFT" x="-10"/>
						<Anchor point="BOTTOMLEFT" x="-10"/>
					</Anchors>
				</Texture>
				<Texture atlas="!GarrMission_RewardsBorder-Left-Desaturate" vertTile="true" useAtlasSize="true">
					<Anchors>
						<Anchor point="TOPRIGHT" x="10"/>
						<Anchor point="BOTTOMRIGHT" x="10"/>
					</Anchors>
					<TexCoords left="1.0" right="0.0" top="0.0" bottom="1.0"/>
				</Texture>
				<Texture atlas="_GarrMission_RewardsBorder-Top-Desaturate" horizTile="true" useAtlasSize="true">
					<Anchors>
						<Anchor point="TOPLEFT" y="11"/>
						<Anchor point="TOPRIGHT" y="11"/>
					</Anchors>
				</Texture>
				<Texture atlas="_GarrMission_RewardsBorder-Top-Desaturate" horizTile="true" useAtlasSize="true">
					<Anchors>
						<Anchor point="BOTTOMLEFT" y="-10"/>
						<Anchor point="BOTTOMRIGHT" y="-10"/>
					</Anchors>
					<TexCoords left="0.0" right="1.0" top="1.0" bottom="0.0"/>
				</Texture>
			</Layer>
			<Layer level="BORDER" textureSubLevel="1">
				<Texture atlas="GarrMission_RewardsBorder-Corner-Desaturate" useAtlasSize="true">
					<Anchors>
						<Anchor point="TOPLEFT" x="-10" y="11"/>
					</Anchors>
				</Texture>
				<Texture atlas="GarrMission_RewardsBorder-Corner-Desaturate" useAtlasSize="true">
					<Anchors>
						<Anchor point="TOPRIGHT" x="10" y="11"/>
					</Anchors>
					<TexCoords left="1.0" right="0.0" top="0.0" bottom="1.0"/>
				</Texture>
				<Texture atlas="GarrMission_RewardsBorder-Corner-Desaturate" useAtlasSize="true">
					<Anchors>
						<Anchor point="BOTTOMLEFT" x="-10" y="-11"/>
					</Anchors>
					<TexCoords left="0.0" right="1.0" top="1.0" bottom="0.0"/>
				</Texture>
				<Texture atlas="GarrMission_RewardsBorder-Corner-Desaturate" useAtlasSize="true">
					<Anchors>
						<Anchor point="BOTTOMRIGHT" x="10" y="-11"/>
					</Anchors>
					<TexCoords left="1.0" right="0.0" top="1.0" bottom="0.0"/>
				</Texture>
			</Layer>
		</Layers>
	</Frame>

	<Frame name="GarrisonMissionPartyBuffTemplate" parentArray="Buffs" virtual="true">
		<Size x="20" y="20"/>
		<Layers>
			<Layer level="ARTWORK">
				<Texture parentKey="Icon" setAllPoints="true"/>
				<Texture parentKey="AbilityFeedbackGlow" hidden="false" alpha="0.01" alphaMode="ADD" atlas="GarrMission-AbilityHighlight">
					<Size x="30" y="30"/>
					<Anchors>
						<Anchor point="CENTER"/>
					</Anchors>
				</Texture>
			</Layer>
		</Layers>
		<Animations>
			<AnimationGroup parentKey="AbilityFeedbackGlowAnim" setToFinalAlpha="true">
				<Alpha childKey="AbilityFeedbackGlow" smoothing="IN" duration="0.25" order="1" fromAlpha="0" toAlpha="1"/>
				<Scale childKey="AbilityFeedbackGlow" duration="0.25" order="1" fromScaleX="0.8" fromScaleY="0.8" toScaleX="1.4" toScaleY="1.4"/>
				<Alpha childKey="AbilityFeedbackGlow" startDelay="0.2" duration="0.5" order="1" fromAlpha="1" toAlpha="0"/>
			</AnimationGroup>
		</Animations>
		<Scripts>
			<OnEnter>
				GameTooltip:SetOwner(self, "ANCHOR_RIGHT");
				GameTooltip:SetText(C_Garrison.GetFollowerAbilityName(self.id), NORMAL_FONT_COLOR.r, NORMAL_FONT_COLOR.g, NORMAL_FONT_COLOR.b);
				GameTooltip:AddLine(C_Garrison.GetFollowerAbilityDescription(self.id), HIGHLIGHT_FONT_COLOR.r, HIGHLIGHT_FONT_COLOR.g, HIGHLIGHT_FONT_COLOR.b, true);
				GameTooltip:Show();
			</OnEnter>
			<OnLeave function="GameTooltip_Hide"/>
		</Scripts>
	</Frame>

	<Frame name="GarrisonMissionPageFollowerTemplate" virtual="true">
		<Size x="161" y="58"/>
		<Layers>
			<Layer level="BACKGROUND">
				<Texture atlas="GarrMission_FollowerPartyBox_Sm" useAtlasSize="true">
					<Anchors>
						<Anchor point="RIGHT" x="13"/>
					</Anchors>
				</Texture>
			</Layer>
			<Layer level="ARTWORK">
				<Texture parentKey="Class" atlas="GarrMission_ClassIcon-Shaman" useAtlasSize="true" hidden="true" alpha="0.2">
					<Anchors>
						<Anchor point="RIGHT" x="-4" y="-1"/>
					</Anchors>
				</Texture>
			</Layer>
			<Layer level="ARTWORK">
				<Texture parentKey="DurabilityBackground" atlas="legionmission-hearts-background" useAtlasSize="true" hidden="true">
					<Anchors>
						<Anchor point="CENTER" relativePoint="BOTTOM" x="10" y="0"/>
					</Anchors>
				</Texture>
			</Layer>
			<Layer level="OVERLAY">
				<FontString parentKey="Name" inherits="GameFontNormal" hidden="true">
					<Size x="140" y="0"/>
					<Anchors>
						<Anchor point="BOTTOM" relativePoint="TOP" x="0" y="4"/>
					</Anchors>
				</FontString>
			</Layer>
		</Layers>
		<Frames>
			<Frame parentKey="PortraitFrame" inherits="GarrisonFollowerMissionPortraitTemplate">
				<Anchors>
					<Anchor point="LEFT"/>
				</Anchors>
				<Layers>
					<Layer level="OVERLAY" textureSubLevel="3">
						<Texture parentKey="Caution" file="Interface\DialogFrame\UI-Dialog-Icon-AlertNew" hidden="true">
							<Anchors>
								<Anchor point="BOTTOMRIGHT" x="1" y="14"/>
							</Anchors>
							<Size x="20" y="20"/>
						</Texture>
					</Layer>
				</Layers>
			</Frame>
			<Frame parentArray="Counters" inherits="GarrisonMissionAbilityLargeCounterTemplate" hidden="true">
				<Anchors>
					<Anchor point="LEFT" x="64" y="-1"/>
				</Anchors>
			</Frame>
			<Frame parentKey="Durability" inherits="GarrisonMissionFollowerDurabilityFrameTemplate" hidden="true">
				<Anchors>
					<Anchor point="CENTER" relativeKey="$parent.DurabilityBackground"/>
				</Anchors>
			</Frame>
		</Frames>
		<Scripts>
			<OnLoad>
				self:RegisterForDrag("LeftButton");
			</OnLoad>
			<OnDragStart function="GarrisonMissionPageFollowerFrame_OnDragStart"/>
			<OnDragStop function="GarrisonMissionPageFollowerFrame_OnDragStop"/>
			<OnReceiveDrag function="GarrisonMissionPageFollowerFrame_OnReceiveDrag"/>
			<OnEnter function="GarrisonMissionPageFollowerFrame_OnEnter"/>
			<OnLeave function="GarrisonMissionPageFollowerFrame_OnLeave"/>
			<OnMouseUp function="GarrisonMissionPageFollowerFrame_OnMouseUp"/>
		</Scripts>
	</Frame>

	<Frame name="GarrisonEnemyPortraitTemplate" virtual="true">
		<Size x="53" y="53"/>
		<Layers>
			<Layer level="BORDER">
				<Texture parentKey="PortraitRing" atlas="GarrMission_EncounterBar-PortraitRing" useAtlasSize="true">
					<Anchors>
						<Anchor point="CENTER"/>
					</Anchors>
				</Texture>
			</Layer>
			<Layer level="BACKGROUND">
				<Texture parentKey="Portrait" mask="INTERFACE\CHARACTERFRAME\TempPortraitAlphaMaskSmall">
					<Size x="50" y="50"/>
					<Anchors>
						<Anchor point="CENTER" relativeKey="$parent.PortraitRing"/>
					</Anchors>
				</Texture>
			</Layer>
			<Layer level="OVERLAY">
				<Texture parentKey="Elite" atlas="GarrMission_EncounterBar-Elite" useAtlasSize="true">
					<Anchors>
						<Anchor point="CENTER"/>
					</Anchors>
				</Texture>
			</Layer>
		</Layers>
	</Frame>

	<Frame name="GarrisonMissionPageEnemyTemplate" virtual="true">
		<Size x="53" y="53"/>
		<Layers>
			<Layer level="OVERLAY">
				<FontString parentKey="Name" inherits="GameFontHighlight">
					<Size x="161" y="0"/>
					<Anchors>
						<Anchor point="BOTTOM" relativePoint="TOP" x="0" y="4"/>
					</Anchors>
				</FontString>
			</Layer>
		</Layers>
		<Frames>
			<Frame parentKey="PortraitFrame" inherits="GarrisonEnemyPortraitTemplate">
				<Anchors>
					<Anchor point="TOP"/>
				</Anchors>
			</Frame>
			<Button parentArray="Mechanics" inherits="GarrisonMissionEnemyLargeMechanicTemplate"/>
		</Frames>
	</Frame>

	<Frame name="GarrisonEncounterPortraitCheckTemplate" virtual="true">
		<Size x="64" y="61"/>
		<Layers>
			<Layer level="ARTWORK">
				<Texture parentKey="CheckSmoke" hidden="false" alpha="0" alphaMode="ADD" atlas="GarrMission_EncounterBar-CheckMarkCircleSwipe" useAtlasSize="true">
					<Anchors>
						<Anchor point="CENTER"/>
					</Anchors>
					<Animations>
						<AnimationGroup parentKey="Anim" setToFinalAlpha="true">
							<Alpha duration="0.25" order="1" fromAlpha="0" toAlpha="1"/>
							<Alpha startDelay="1" duration="0.25" order="2" fromAlpha="1" toAlpha="0"/>
						</AnimationGroup>
					</Animations>
				</Texture>
			</Layer>
			<Layer level="OVERLAY">
				<Texture parentKey="CrossLeft" hidden="false" alpha="0" atlas="GarrMission_EncounterBar-Xleft" useAtlasSize="true">
					<Anchors>
						<Anchor point="CENTER"/>
					</Anchors>
				</Texture>
				<Texture parentKey="CrossRight" hidden="false" alpha="0" atlas="GarrMission_EncounterBar-Xright" useAtlasSize="true">
					<Anchors>
						<Anchor point="CENTER"/>
					</Anchors>
				</Texture>
				<Texture parentKey="CheckMarkLeft" hidden="false" alpha="0" atlas="GarrMission_EncounterBar-CheckMark-Left" useAtlasSize="true">
					<Anchors>
						<Anchor point="CENTER"/>
					</Anchors>
				</Texture>
				<Texture parentKey="CheckMarkRight" hidden="false" alpha="0" atlas="GarrMission_EncounterBar-CheckMark-Right" useAtlasSize="true">
					<Anchors>
						<Anchor point="CENTER"/>
					</Anchors>
				</Texture>
				<Texture parentKey="CheckMark" hidden="false" alpha="0" alphaMode="BLEND" atlas="GarrMission_EncounterBar-CheckMark" useAtlasSize="true">
					<Anchors>
						<Anchor point="CENTER"/>
					</Anchors>
				</Texture>
				<Texture parentKey="CheckMarkGlow" hidden="false" alpha="0" alphaMode="ADD" atlas="GarrMission_EncounterBar-CheckMark" useAtlasSize="true">
					<Anchors>
						<Anchor point="CENTER"/>
					</Anchors>
				</Texture>
			</Layer>
		</Layers>
		<Animations>
			<AnimationGroup parentKey="FailureAnim" setToFinalAlpha="true">
				<Scale childKey="CrossLeft" duration="0.15" order="1" fromScaleX="5" fromScaleY="5" toScaleX="1" toScaleY="1"/>
				<Alpha childKey="CrossLeft" duration="0.1" order="1" fromAlpha="0" toAlpha="1"/>
				<Scale childKey="CrossRight" startDelay="0.1" duration="0.15" order="1" fromScaleX="5" fromScaleY="5" toScaleX="1" toScaleY="1"/>
				<Alpha childKey="CrossRight" startDelay="0.1" duration="0.1" order="1" fromAlpha="0" toAlpha="1"/>
			</AnimationGroup>
			<AnimationGroup parentKey="SuccessAnim" setToFinalAlpha="true">
				<Alpha childKey="CheckMarkLeft" duration="0.1" order="1" fromAlpha="0" toAlpha="1"/>
				<Scale childKey="CheckMarkLeft" duration="0.1" order="1" fromScaleX="0.5" fromScaleY="0.5" toScaleX="1" toScaleY="1">
					<Origin point="CENTER">
						<Offset x="-24" y="-2"/>
					</Origin>
				</Scale>
				<Alpha childKey="CheckMarkLeft" startDelay="2" duration="0.5" order="1" fromAlpha="1" toAlpha="0"/>
				<Alpha childKey="CheckMarkRight" startDelay="0.1" duration="0.1" order="1" fromAlpha="0" toAlpha="1"/>
				<Scale childKey="CheckMarkRight" startDelay="0.1" duration="0.1" order="1" fromScaleX="0.5" fromScaleY="0.5" toScaleX="1" toScaleY="1">
					<Origin point="CENTER">
						<Offset x="-11" y="-22"/>
					</Origin>
				</Scale>
				<Alpha childKey="CheckMarkRight" startDelay="2.1" duration="0.5" order="1" fromAlpha="1" toAlpha="0"/>
				<Alpha childKey="CheckMark" startDelay="0.15" duration="0.25" order="1" fromAlpha="0" toAlpha="1"/>
				<Alpha childKey="CheckMarkGlow" startDelay="0.15" duration="0.25" order="1" fromAlpha="0" toAlpha="1"/>
				<Alpha childKey="CheckMarkGlow" startDelay="0.3" duration="0.5" order="1" fromAlpha="1" toAlpha="0"/>
				<Scale childKey="CheckMarkGlow" startDelay="0.3" duration="0.5" order="1" fromScaleX="1" fromScaleY="1" toScaleX="1.2" toScaleY="1.2"/>
				<Alpha childKey="CheckSmoke" startDelay="0.25" duration="0.25" order="1" fromAlpha="0" toAlpha="1"/>
				<Scale childKey="CheckSmoke" startDelay="0.15" duration="0.5" order="1" fromScaleX="0.75" fromScaleY="0.75" toScaleX="1.25" toScaleY="1.25"/>
				<Alpha childKey="CheckSmoke" startDelay="0.3" duration="0.7" order="1" fromAlpha="1" toAlpha="0"/>
			</AnimationGroup>
		</Animations>
	</Frame>

	<Frame name="GarrisonEncounterGlowTemplate" virtual="true">
		<Size x="64" y="61"/>
		<Layers>
			<Layer level="BORDER">
				<Texture parentKey="SpikeyGlow" alpha="0" alphaMode="ADD" atlas="GarrMission_CurrentEncounter-SpikeyGlow" useAtlasSize="true">
					<Anchors>
						<Anchor point="CENTER"/>
					</Anchors>
				</Texture>
			</Layer>
			<Layer level="OVERLAY">
				<Texture parentKey="EncounterGlow" alpha="0" alphaMode="ADD" atlas="GarrMission_CurrentEncounter-Glow" useAtlasSize="true">
					<Anchors>
						<Anchor point="CENTER"/>
					</Anchors>
				</Texture>
			</Layer>
		</Layers>
		<Animations>
			<AnimationGroup parentKey="OnAnim" setToFinalAlpha="true">
				<Alpha childKey="EncounterGlow" duration="0.15" order="1" fromAlpha="0" toAlpha="1"/>
				<Alpha childKey="SpikeyGlow" startDelay="0.15" duration="0.15" order="1" fromAlpha="0" toAlpha="1"/>
				<Scale childKey="SpikeyGlow" duration="0.25" order="1" fromScaleX="0.25" fromScaleY="0.25" toScaleX="1" toScaleY="1"/>
			</AnimationGroup>
			<AnimationGroup parentKey="OffAnim" setToFinalAlpha="true">
				<Alpha childKey="EncounterGlow" duration="0.15" order="1" fromAlpha="1" toAlpha="0"/>
				<Alpha childKey="SpikeyGlow" startDelay="0.15" duration="0.15" order="1" fromAlpha="1" toAlpha="0"/>
			</AnimationGroup>
		</Animations>
	</Frame>

	<Frame name="GarrisonEncounterPortraitTemplate" virtual="true">
		<Size x="64" y="61"/>
		<Layers>
			<Layer level="ARTWORK" textureSubLevel="1">
				<Texture parentKey="Ring" atlas="GarrMission_EncounterBar-PortraitRing" useAtlasSize="true">
					<Anchors>
						<Anchor point="CENTER"/>
					</Anchors>
				</Texture>
			</Layer>
			<Layer level="ARTWORK">
				<Texture parentKey="Portrait">
					<Size x="50" y="50"/>
					<Anchors>
						<Anchor point="CENTER" relativeKey="$parent.Ring"/>
					</Anchors>
				</Texture>
				<FontString parentKey="Name" inherits="GameFontHighlight">
					<Size x="161" y="0"/>
					<Anchors>
						<Anchor point="BOTTOM" relativePoint="TOP" x="0" y="4"/>
					</Anchors>
				</FontString>
			</Layer>
			<Layer level="OVERLAY">
				<Texture parentKey="Elite" atlas="GarrMission_EncounterBar-Elite" useAtlasSize="true">
					<Anchors>
						<Anchor point="CENTER"/>
					</Anchors>
				</Texture>
			</Layer>
		</Layers>
		<Frames>
			<Frame parentKey="CheckFrame" inherits="GarrisonEncounterPortraitCheckTemplate">
				<Anchors>
					<Anchor point="CENTER"/>
				</Anchors>
			</Frame>
			<Frame parentKey="GlowFrame" inherits="GarrisonEncounterGlowTemplate">
				<Anchors>
					<Anchor point="CENTER"/>
				</Anchors>
			</Frame>
		</Frames>
	</Frame>

	<Frame name="GarrisonLargeFollowerXPFrameTemplate" virtual="true">
		<Size x="177" y="72"/>
		<Layers>
			<Layer level="BACKGROUND">
				<Texture atlas="GarrMission_FollowerPartyBox_Sm" useAtlasSize="true">
					<Anchors>
						<Anchor point="RIGHT"/>
					</Anchors>
				</Texture>
			</Layer>
			<Layer level="ARTWORK">
				<Texture parentKey="Class" atlas="GarrMission_ClassIcon-Shaman" useAtlasSize="true">
					<Anchors>
						<Anchor point="RIGHT" x="-15"/>
					</Anchors>
					<Color r="1" g="1" b="1" a=".2"/>
				</Texture>
			</Layer>
			<Layer level="OVERLAY">
				<FontString parentKey="Name" inherits="GameFontNormalSmall2" justifyH="LEFT">
					<Size x="96" y="0"/>
				</FontString>
				<Texture parentKey="DurabilityBackground" atlas="legionmission-hearts-background" useAtlasSize="true" hidden="true">
					<Anchors>
						<Anchor point="CENTER" relativePoint="BOTTOM" x="10" y="10"/>
					</Anchors>
				</Texture>
			</Layer>
		</Layers>
		<Frames>
			<Frame parentKey="PortraitFrame" inherits="GarrisonFollowerPortraitTemplate">
				<Anchors>
					<Anchor point="LEFT"/>
				</Anchors>
			</Frame>
			<StatusBar parentKey="XP" inherits="GarrisonFollowerXPBarTemplate">
				<Size x="103" y="9"/>
				<Anchors>
					<Anchor point="BOTTOMLEFT" x="55" y="13"/>
				</Anchors>
			</StatusBar>
			<Frame parentKey="XPGain" inherits="GarrisonFollowerXPGainTemplate" hidden="true">
				<Anchors>
					<Anchor point="BOTTOM" relativePoint="TOP" x="0" y="-10"/>
				</Anchors>
			</Frame>
			<Frame parentKey="LevelUpFrame" hidden="true" inherits="GarrisonFollowerLevelUpTemplate">
				<Anchors>
					<Anchor point="BOTTOM" x="16" y="-23"/>
				</Anchors>
			</Frame>
			<Frame parentKey="DurabilityFrame" inherits="GarrisonMissionFollowerDurabilityFrameTemplate" hidden="false">
				<Anchors>
					<Anchor point="CENTER" relativeKey="$parent.DurabilityBackground"/>
				</Anchors>
			</Frame>
		</Frames>
	</Frame>

	<Frame name="GarrisonSmallFollowerXPFrameTemplate" virtual="true">
		<Size x="85" y="90"/>
		<Layers>
			<Layer level="OVERLAY">
				<FontString parentKey="Name" inherits="GameFontNormalSmall">
					<Anchors>
						<Anchor point="TOP" relativePoint="BOTTOM" y="15"/>
					</Anchors>
				</FontString>
			</Layer>
		</Layers>
		<Frames>
			<Frame parentKey="PortraitFrame" inherits="GarrisonFollowerPortraitTemplate">
				<Anchors>
					<Anchor point="TOP"/>
				</Anchors>
			</Frame>
			<StatusBar parentKey="XP" inherits="GarrisonFollowerXPBarTemplate">
				<Size x="80" y="9"/>
				<Anchors>
					<Anchor point="BOTTOM" x="0" y="18"/>
				</Anchors>
			</StatusBar>
			<Frame parentKey="XPGain" inherits="GarrisonFollowerXPGainTemplate" hidden="true">
				<Anchors>
					<Anchor point="BOTTOM" relativePoint="TOP"/>
				</Anchors>
			</Frame>
			<Frame parentKey="LevelUpFrame" hidden="true" inherits="GarrisonFollowerLevelUpTemplate">
				<Anchors>
					<Anchor point="TOP" x="0" y="40"/>
				</Anchors>
			</Frame>
		</Frames>
	</Frame>

	<Frame name="GarrisonFollowerItemButtonTemplate" hidden="true" virtual="true">
		<Size x="225" y="42"/>
		<Layers>
			<Layer level="BORDER">
				<Texture parentKey="Icon">
					<Size x="42" y="42"/>
					<Anchors>
						<Anchor point="TOPLEFT"/>
					</Anchors>
				</Texture>
				<Texture parentKey="Border" atlas="GarrMission-FollowerItemBg" useAtlasSize="true">
					<Anchors>
						<Anchor point="TOPLEFT" relativeKey="$parent.Icon" relativePoint="TOPRIGHT" x="2" y="0"/>
					</Anchors>
				</Texture>
			</Layer>
			<Layer level="ARTWORK">
				<FontString parentKey="Name" inherits="GameFontNormalMed3" justifyH="LEFT" justifyV="TOP">
					<Size x="160" y="16"/>
					<Anchors>
						<Anchor point="TOPLEFT" relativeKey="$parent.Border" relativePoint="TOPLEFT" x="8" y="-6"/>
					</Anchors>
				</FontString>
				<FontString parentKey="ItemLevel" inherits="GameFontNormal">
					<Anchors>
						<Anchor point="BOTTOMLEFT" relativeKey="$parent.Border" relativePoint="BOTTOMLEFT" x="10" y="5"/>
					</Anchors>
				</FontString>
			</Layer>
		</Layers>
		<Scripts>
			<OnLoad>
				self:RegisterEvent("GET_ITEM_INFO_RECEIVED");
			</OnLoad>
			<OnEvent function="GarrisonFollowerPageItemButton_OnEvent"/>
			<OnEnter>
				GameTooltip:SetOwner(self, "ANCHOR_RIGHT");
				GameTooltip:SetText(GARRISON_FOLLOWER_ITEMS);
				GameTooltip:AddLine(GARRISON_FOLLOWER_ITEMS_TOOLTIP, 1, 1, 1, 1);
				GameTooltip:Show();
			</OnEnter>
			<OnLeave function="GameTooltip_Hide"/>
		</Scripts>
	</Frame>

	<Frame name="GarrisonMissionTutorialFrame" frameStrata="DIALOG" enableMouse="true">
		<Layers>
			<Layer level="BACKGROUND">
				<Texture setAllPoints="true">
					<Color r="0" g="0" b="0" a="0.5"/>
				</Texture>
			</Layer>
		</Layers>
		<Frames>
			<Frame name="GarrisonMissionFrameHelpBox" parentKey="GlowBox" inherits="GlowBoxTemplate">
				<Size x="190" y="200"/>
				<Layers>
					<Layer level="ARTWORK">
						<FontString parentKey="BigText" inherits="GameFontHighlight">
							<Size x="176" y="0"/>
							<Anchors>
								<Anchor point="TOP" x="0" y="-12"/>
							</Anchors>
						</FontString>
						<FontString parentKey="SmallText" inherits="GameFontHighlightSmall">
							<Size x="176" y="0"/>
							<Anchors>
								<Anchor point="TOP" relativeKey="$parent.BigText" relativePoint="BOTTOM" x="0" y="-12"/>
							</Anchors>
						</FontString>
						<Texture parentKey="ArrowUp" inherits="HelpPlateArrowUP">
							<Size x="53" y="21"/>
							<Anchors>
								<Anchor point="BOTTOM" relativePoint="TOP" x="0" y="-1"/>
							</Anchors>
						</Texture>
						<Texture parentKey="ArrowDown" inherits="HelpPlateArrowDOWN">
							<Size x="53" y="21"/>
							<Anchors>
								<Anchor point="TOP" relativePoint="BOTTOM" x="0" y="1"/>
							</Anchors>
						</Texture>
					</Layer>
					<Layer level="BORDER">
						<Texture parentKey="ArrowGlowDown" inherits="HelpPlateArrow-GlowDOWN" alphaMode="ADD" alpha="0.5">
							<Size x="53" y="21"/>
							<Anchors>
								<Anchor point="TOP" relativePoint="BOTTOM" x="0" y="1"/>
							</Anchors>
						</Texture>
						<Texture parentKey="ArrowGlowUp" inherits="HelpPlateArrow-GlowUP" alphaMode="ADD" alpha="0.5">
							<Size x="53" y="21"/>
							<Anchors>
								<Anchor point="BOTTOM" relativePoint="TOP" x="0" y="-1"/>
							</Anchors>
						</Texture>
					</Layer>
				</Layers>
				<Frames>
					<Button parentKey="Button" name="$parentButton" inherits="UIPanelButtonTemplate" text="NEXT">
						<Size x="110" y="22"/>
						<Anchors>
							<Anchor point="BOTTOM" x="0" y="12"/>
						</Anchors>
					</Button>
				</Frames>
			</Frame>
		</Frames>
	</Frame>

	<Frame name="GarrisonMissionPageBaseTemplate" virtual="true">
		<Size x="556" y="584"/>
		<Layers>
			<Layer level="BACKGROUND">
				<Texture atlas="GarrMission_MissionParchment" vertTile="true" horizTile="true" useAtlasSize="true">
					<Anchors>
						<Anchor point="TOPLEFT" x="3"/>
						<Anchor point="BOTTOMRIGHT" x="-3"/>
					</Anchors>
				</Texture>
			</Layer>
			<Layer level="BORDER">
				<Texture atlas="!GarrMission_Bg-Edge" vertTile="true" useAtlasSize="true">
					<Anchors>
						<Anchor point="TOPLEFT" x="-10"/>
						<Anchor point="BOTTOMLEFT"  x="-10"/>
					</Anchors>
				</Texture>
				<Texture atlas="!GarrMission_Bg-Edge" vertTile="true" useAtlasSize="true">
					<Anchors>
						<Anchor point="TOPRIGHT" x="10"/>
						<Anchor point="BOTTOMRIGHT" x="10"/>
					</Anchors>
					<TexCoords left="1.0" right="0.0" top="0.0" bottom="1.0"/>
				</Texture>
			</Layer>
			<Layer level="BORDER" textureSubLevel="1">
				<Texture atlas="!GarrMission_Bg-DarkEdge" vertTile="true" useAtlasSize="true">
					<Anchors>
						<Anchor point="TOPLEFT" x="-3"/>
						<Anchor point="BOTTOMLEFT"  x="-3"/>
					</Anchors>
				</Texture>
			</Layer>
			<Layer level="BORDER" textureSubLevel="2">
				<Texture atlas="GarrMission_Bg-DarkEdgeCorner" useAtlasSize="true">
					<Anchors>
						<Anchor point="BOTTOMLEFT" x="-12"/>
					</Anchors>
				</Texture>
				<Texture atlas="GarrMission_Bg-DarkEdgeCorner" useAtlasSize="true">
					<Anchors>
						<Anchor point="BOTTOMRIGHT" x="10"/>
					</Anchors>
					<TexCoords left="1.0" right="0.0" top="0.0" bottom="1.0"/>
				</Texture>
			</Layer>
			<Layer level="BORDER" textureSubLevel="3">
				<Texture atlas="_GarrMission_Bg-BottomEdge" horizTile="true" useAtlasSize="true">
					<Anchors>
						<Anchor point="BOTTOMLEFT" x="5"/>
						<Anchor point="BOTTOMRIGHT" x="-5"/>
					</Anchors>
				</Texture>
			</Layer>
			<Layer level="BORDER" textureSubLevel="4">
				<Texture atlas="_GarrMission_TopBorder" useAtlasSize="true" horizTile="true">
					<Anchors>
						<Anchor point="BOTTOMLEFT" x="20" y="-4"/>
						<Anchor point="BOTTOMRIGHT" x="-20" y="-4"/>
					</Anchors>
					<TexCoords left="0.0" right="1.0" top="1.0" bottom="0.0"/>
				</Texture>
			</Layer>
			<Layer level="BORDER" textureSubLevel="5">
				<Texture atlas="GarrMission_TopBorderCorner" useAtlasSize="true">
					<Anchors>
						<Anchor point="BOTTOMLEFT" x="-5" y="-4"/>
					</Anchors>
					<TexCoords left="0.0" right="1.0" top="1.0" bottom="0.0"/>
				</Texture>
				<Texture atlas="GarrMission_TopBorderCorner" useAtlasSize="true">
					<Anchors>
						<Anchor point="BOTTOMRIGHT" x="4" y="-4"/>
					</Anchors>
					<TexCoords left="1.0" right="0.0" top="1.0" bottom="0.0"/>
				</Texture>
			</Layer>
		</Layers>
	</Frame>

	<Frame name="GarrisonMissionTopBorderTemplate" virtual="true">
		<Layers>
			<Layer level="BORDER" textureSubLevel="4">
				<Texture atlas="_GarrMission_TopBorder" useAtlasSize="true" horizTile="true">
					<Anchors>
						<Anchor point="TOPLEFT" x="20" y="4"/>
						<Anchor point="TOPRIGHT" x="-20" y="4"/>
					</Anchors>
				</Texture>
			</Layer>
			<Layer level="BORDER" textureSubLevel="5">
				<Texture atlas="GarrMission_TopBorderCorner" useAtlasSize="true">
					<Anchors>
						<Anchor point="TOPLEFT" x="-5" y="4"/>
					</Anchors>
				</Texture>
				<Texture atlas="GarrMission_TopBorderCorner" useAtlasSize="true">
					<Anchors>
						<Anchor point="TOPRIGHT" x="4" y="4"/>
					</Anchors>
					<TexCoords left="1.0" right="0.0" top="0.0" bottom="1.0"/>
				</Texture>
			</Layer>
		</Layers>
	</Frame>

	<Frame name="GarrisonMissionListTemplate" inherits="GarrisonListTemplate" virtual="true" mixin="GarrisonMissionListMixin">
		<Size x="890" y="565"/>
		<Anchors>
			<Anchor point="TOPLEFT" x="35" y="-65"/>
		</Anchors>
		<Layers>
			<Layer level="OVERLAY">
				<FontString parentKey="EmptyListString" inherits="GameFontNormalHuge" text="GARRISON_EMPTY_MISSION_LIST">
					<Anchors>
						<Anchor point="CENTER" x="0" y="0"/>
					</Anchors>
				</FontString>
			</Layer>
		</Layers>
		<Frames>
			<Button parentKey="Tab1" name="$parentTab1" inherits="GarrisonMissionListTabTemplate" id="1">
				<Anchors>
					<Anchor point="BOTTOMLEFT" relativePoint="TOPLEFT" x="20" y="-8"/>
				</Anchors>
			</Button>
			<Button parentKey="Tab2" name="$parentTab2" inherits="GarrisonMissionListTabTemplate" id="2">
				<Anchors>
					<Anchor point="LEFT" relativeTo="$parentTab1" relativePoint="RIGHT" x="12"/>
				</Anchors>
				<Layers>
					<Layer level="OVERLAY">
						<Texture parentKey="MissionStart" hidden="false" alpha="0" atlas="GarrMission_MissionStart" useAtlasSize="true">
							<Anchors>
								<Anchor point="CENTER"/>
							</Anchors>
						</Texture>
					</Layer>
					<Layer level="OVERLAY" textureSubLevel="1">
						<FontString parentKey="MissionStartText" inherits="QuestFont_Huge" alpha="0" text="GARRISON_MISSION_STARTED">
							<Anchors>
								<Anchor point="TOPLEFT" relativeKey="$parent.MissionStart" x="60" y="-10"/>
							</Anchors>
						</FontString>
					</Layer>
					<Layer level="OVERLAY" textureSubLevel="2">
						<Texture parentKey="GlowHighlight" hidden="false" alpha="0" alphaMode="ADD" atlas="GarrMission_ChestOpenTextGlow">
							<Size x="220" y="37"/>
							<Anchors>
								<Anchor point="CENTER" relativeKey="$parent.MissionStart" x="0" y="-10"/>
							</Anchors>
						</Texture>
					</Layer>
				</Layers>
				<Animations>
					<AnimationGroup parentKey="MissionStartAnim" setToFinalAlpha="true">
						<Alpha childKey="MissionStart" duration="0.15" order="1" fromAlpha="0" toAlpha="1"/>
						<Alpha childKey="MissionStartText" duration="0.15" order="1" fromAlpha="0" toAlpha="1"/>
						<Translation childKey="MissionStart" smoothing="OUT" duration="0.25" order="1" offsetX="0" offsetY="15"/>
						<Translation childKey="MissionStartText" smoothing="OUT" duration="0.25" order="1" offsetX="0" offsetY="15"/>
						<Scale childKey="MissionStart" startDelay="0.4" duration="0.3" order="2" fromScaleX="1" fromScaleY="1" toScaleX="0.5" toScaleY="0.5"/>
						<Translation childKey="MissionStart" startDelay="0.4" smoothing="IN" duration="0.25" order="2" offsetX="0" offsetY="-20"/>
						<Alpha childKey="MissionStart" startDelay="0.4" duration="0.3" order="2" fromAlpha="1" toAlpha="0"/>
						<Scale childKey="MissionStartText" startDelay="0.4" duration="0.3" order="2" fromScaleX="1" fromScaleY="1" toScaleX="0.5" toScaleY="0.5">
							<Origin point="LEFT">
								<Offset x="30" y="4"/>
							</Origin>
						</Scale>
						<Translation childKey="MissionStartText" startDelay="0.4" smoothing="IN" duration="0.25" order="2" offsetX="0" offsetY="-20"/>
						<Alpha childKey="MissionStartText" startDelay="0.4" duration="0.3" order="2" fromAlpha="1" toAlpha="0"/>
						<Alpha childKey="GlowHighlight" duration="0.2" order="3" fromAlpha="0" toAlpha="1"/>
						<Alpha childKey="GlowHighlight" startDelay="0.2" duration="0.5" order="3" fromAlpha="1" toAlpha="0"/>
					</AnimationGroup>
				</Animations>
			</Button>
			<Frame parentKey="MaterialFrame" inherits="MaterialFrameTemplate">
				<Size x="316" y="43"/>
				<Anchors>
					<Anchor point="BOTTOMRIGHT" relativePoint="TOPRIGHT"/>
				</Anchors>
			</Frame>
			<Frame parentKey="CompleteDialog" enableMouse="true" hidden="true" frameLevel="10">
				<Size x="956" y="637"/>
				<Anchors>
					<Anchor point="TOPLEFT" x="-33" y="43"/>
				</Anchors>
				<Layers>
					<Layer level="BACKGROUND">
						<Texture parentKey="Background" setAllPoints="true">
							<Color r="0" g="0" b="0" a="0.8"/>
						</Texture>
					</Layer>
				</Layers>
				<Frames>
					<Frame parentKey="BorderFrame" inherits="GarrisonMissionPageBaseTemplate, GarrisonMissionCompleteDialogTemplate, GarrisonMissionTopBorderTemplate">
					</Frame>
				</Frames>
			</Frame>
		</Frames>
		<Scripts>
			<OnLoad method="OnLoad"/>
			<OnShow method="OnShow"/>
			<OnHide method="OnHide"/>
			<OnUpdate method="OnUpdate"/>
		</Scripts>
	</Frame>

	<Frame name="GarrisonFollowerTabTemplate" inherits="GarrisonMissionBaseFrameTemplate" mixin="GarrisonFollowerTabMixin" hidden="true" virtual="true">
		<Size x="580" y="565"/>
		<Anchors>
			<Anchor point="TOPRIGHT" x="-35" y="-64"/>
		</Anchors>
		<Layers>
			<Layer level="ARTWORK">
				<FontString parentKey="NoFollowersLabel" inherits="GameFontNormalLarge2" text="GARRISON_NO_SELECTED_FOLLOWER" hidden="true">
					<Size x="500" y="0"/>
					<Anchors>
						<Anchor point="CENTER"/>
					</Anchors>
				</FontString>
			</Layer>
			<Layer level="BORDER" textureSubLevel="3">
				<Texture parentKey="HeaderBG" atlas="GarrMission_FollowerPageHeaderBG">
					<Anchors>
						<Anchor point="TOPLEFT" y="-5"/>
						<Anchor point="BOTTOMRIGHT" relativePoint="TOPRIGHT" y="-83"/>
					</Anchors>
				</Texture>
			</Layer>
			<Layer level="ARTWORK">
				<FontString parentKey="NumFollowers" inherits="GameFontNormalMed3" justifyH="LEFT">
					<Anchors>
						<Anchor point="BOTTOMLEFT" relativePoint="TOPLEFT" y="12"/>
					</Anchors>
				</FontString>
				<Texture parentKey="Class" atlas="GarrMission_ClassIcon-Shaman" useAtlasSize="true">
					<Anchors>
						<Anchor point="TOPRIGHT" x="-10" y="-10"/>
					</Anchors>
					<Color r="1" g="1" b="1" a=".8"/>
				</Texture>
				<FontString parentKey="XPText" inherits="GameFontHighlightLarge2" justifyH="RIGHT">
					<Anchors>
						<Anchor point="TOPRIGHT" relativeKey="$parent.Class" relativePoint="TOPLEFT" x="-2" y="-6"/>
					</Anchors>
				</FontString>
				<FontString parentKey="XPLabel" inherits="GameFontHighlight" justifyH="RIGHT" text="GARRISON_FOLLOWER_XP_STRING">
					<Anchors>
						<Anchor point="TOPRIGHT" relativeKey="$parent.XPText" relativePoint="BOTTOMRIGHT" y="-4"/>
					</Anchors>
				</FontString>
				<FontString parentKey="Name" inherits="GameFontHighlightLarge2" justifyH="LEFT">
					<Size x="0" y="18"/>
					<Anchors>
						<Anchor point="TOPLEFT" x="74" y="-16"/>
						<Anchor point="RIGHT" relativeKey="$parent.XPText" relativePoint="LEFT" x="-8" y="0"/>
					</Anchors>
				</FontString>
				<FontString parentKey="ClassSpec" inherits="GameFontHighlight" justifyH="LEFT">
					<Anchors>
						<Anchor point="TOPLEFT" relativeKey="$parent.Name" relativePoint="BOTTOMLEFT" y="-4"/>
					</Anchors>
				</FontString>
			</Layer>
		</Layers>
		<Frames>
			<Frame parentKey="DurabilityFrame" inherits="GarrisonMissionFollowerDurabilityFrameTemplate">
				<Anchors>
					<Anchor point="TOPLEFT" relativeKey="$parent.Name" relativePoint="BOTTOMLEFT" y="-4"/>
				</Anchors>
			</Frame>
			<Frame parentKey="QualityFrame">
				<Size x="10" y="10"/>
				<Anchors>
					<Anchor point="TOPLEFT" x="20" y="-90"/>
				</Anchors>
				<Layers>
					<Layer level="OVERLAY">
						<FontString parentKey="Text" inherits="GameFontHighlight" justifyH="LEFT">
							<Anchors>
								<Anchor point="TOPLEFT"/>
							</Anchors>
						</FontString>
					</Layer>
				</Layers>
			</Frame>
			<Frame parentKey="PortraitFrame" inherits="GarrisonFollowerPortraitTemplate">
				<Anchors>
					<Anchor point="TOPLEFT" x="13" y="-13"/>
				</Anchors>
			</Frame>
			<ScrollFrame parentKey="ModelCluster" inherits="GarrisonFollowerTabModelCluster" setAllPoints="true"/>
			<StatusBar parentKey="XPBar" inherits="GarrisonFollowerXPBarTemplate" enableMouse="true">
				<Size x="500" y="9"/>
				<Anchors>
					<Anchor point="BOTTOMLEFT" relativeKey="$parent.PortraitFrame" relativePoint="BOTTOMRIGHT" x="7" y="5"/>
				</Anchors>
				<Layers>
					<Layer level="HIGHLIGHT">
						<FontString parentKey="Label" inherits="NumberFontNormalLarge">
							<Anchors>
								<Anchor point="CENTER"/>
							</Anchors>
						</FontString>
					</Layer>
				</Layers>
				<Scripts>
					<OnLoad inherit="append">
						self:SetFrameLevel(self:GetParent().ModelCluster:GetFrameLevel() + 1);
					</OnLoad>
				</Scripts>
			</StatusBar>
			<Frame parentKey="AbilitiesFrame" inherits="VerticalLayoutFrame" mixin="GarrisonAbilitiesFrameMixin" frameLevel="20">
				<Anchors>
					<Anchor point="TOPLEFT" x="290" y="-100"/>
				</Anchors>
				<KeyValues>
					<KeyValue key="expand" value="true" type="boolean"/>
					<KeyValue key="spacing" value="10" type="number"/>
				</KeyValues>
				<Layers>
					<Layer level="ARTWORK">
						<FontString parentKey="SpecializationLabel" inherits="GameFontNormalLarge2" justifyH="LEFT" text="SPECIALIZATION">
							<KeyValues>
								<KeyValue key="layoutIndex" value="100" type="number"/>
								<KeyValue key="topPadding" value="10" type="number"/>
								<KeyValue key="bottomPadding" value="5" type="number"/>
							</KeyValues>
						</FontString>
						<FontString parentKey="AbilitiesText" inherits="GameFontNormalLarge2" justifyH="LEFT" text="ABILITIES">
							<KeyValues>
								<KeyValue key="layoutIndex" value="200" type="number"/>
								<KeyValue key="topPadding" value="10" type="number"/>
								<KeyValue key="bottomPadding" value="0" type="number"/>
							</KeyValues>
						</FontString>
						<FontString parentKey="TraitsText" inherits="GameFontNormalLarge2" justifyH="LEFT" text="GARRISON_TRAITS">
							<KeyValues>
								<KeyValue key="layoutIndex" value="300" type="number"/>
								<KeyValue key="topPadding" value="10" type="number"/>
								<KeyValue key="bottomPadding" value="0" type="number"/>
							</KeyValues>
						</FontString>
						<FontString parentKey="CombatAllyLabel" inherits="GameFontNormalLarge2" justifyH="LEFT" text="ORDER_HALL_ZONE_SUPPORT">
							<KeyValues>
								<KeyValue key="layoutIndex" value="400" type="number"/>
								<KeyValue key="topPadding" value="10" type="number"/>
							</KeyValues>
						</FontString>
						<FontString parentKey="CombatAllyDescriptionLabel" inherits="GameFontHighlight" justifyV="TOP" justifyH="LEFT" text="ORDER_HALL_ZONE_SUPPORT_DESCRIPTION">
							<Size x="280" y="0"/>
							<KeyValues>
								<KeyValue key="layoutIndex" value="401" type="number"/>
								<KeyValue key="bottomPadding" value="0" type="number"/>
							</KeyValues>
						</FontString>
						<FontString parentKey="FlavorText" inherits="GameFontNormalLarge" justifyH="LEFT" hidden="true">
							<Size x="280" y="0"/>
							<KeyValues>
								<KeyValue key="layoutIndex" value="500" type="number"/>
								<KeyValue key="topPadding" value="30" type="number"/>
								<KeyValue key="bottomPadding" value="5" type="number"/>
							</KeyValues>
						</FontString>


						<FontString parentKey="EquipmentSlotsLabel" inherits="GameFontNormal" justifyH="CENTER" text="ORDER_HALL_EQUIPMENT_SLOTS">
							<Size x="280" y="20"/>
							<Anchors>
								<Anchor point="TOPLEFT" relativePoint="BOTTOMLEFT" relativeKey="$parent.$parent" x="6" y="150"/>
							</Anchors>
						</FontString>
					</Layer>
				</Layers>
				<Frames>
					<Button parentArray="CombatAllySpell" parentKey="CombatAllySpell1" inherits="GarrisonFollowerCombatAllySpellTemplate">
						<KeyValues>
							<KeyValue key="layoutIndex" value="402" type="number"/>
							<KeyValue key="topPadding" value="0" type="number"/>
							<KeyValue key="bottomPadding" value="5" type="number"/>
						</KeyValues>
					</Button>
					<Button parentArray="CombatAllySpell" parentKey="CombatAllySpell2" inherits="GarrisonFollowerCombatAllySpellTemplate">
						<Anchors>
							<Anchor point="TOPLEFT" relativePoint="TOPRIGHT" relativeKey="$parent.CombatAllySpell1" x="20" y="0"/>
						</Anchors>
					</Button>
				</Frames>
			</Frame>
			<Button parentKey="UpgradeClickTarget" hidden="true">
				<Anchors>
					<Anchor point="TOPLEFT"/>
					<Anchor point="BOTTOMRIGHT"/>
				</Anchors>
				<Scripts>
					<OnLoad function="GarrisionFollowerPageUpgradeTarget_OnLoad"/>
					<OnEvent function="GarrisionFollowerPageUpgradeTarget_OnEvent"/>
					<OnClick function="GarrisionFollowerPageUpgradeTarget_OnClick"/>
				</Scripts>
			</Button>
			<Frame parentKey="Source" frameLevel="20">
				<Size x="230" y="80"/>
				<Anchors>
					<Anchor point="TOPLEFT" relativeKey="$parent" relativePoint="BOTTOMLEFT" x="38" y="110"/>
				</Anchors>
				<Layers>
					<Layer level="OVERLAY">
						<FontString parentKey="SourceText" inherits="GameFontHighlight" justifyH="LEFT" text="ABILITIES">
							<Size x="230" y="80"/>
						</FontString>
					</Layer>
				</Layers>
			</Frame>
			<Frame parentKey="ItemWeapon" inherits="GarrisonFollowerItemButtonTemplate" hidden="true" frameLevel="20">>
				<Anchors>
					<Anchor point="TOPLEFT" relativeKey="$parent" relativePoint="BOTTOMLEFT" x="38" y="110"/>
				</Anchors>
			</Frame>
			<Frame parentKey="ItemArmor" inherits="GarrisonFollowerItemButtonTemplate" hidden="true" frameLevel="20">
				<Anchors>
					<Anchor point="TOPLEFT" relativeKey="$parent.ItemWeapon" relativePoint="BOTTOMLEFT" x="0" y="-6"/>
				</Anchors>
			</Frame>
			<Frame parentKey="ItemAverageLevel" frameLevel="20">
				<Size x="230" y="20"/>
				<Anchors>
					<Anchor point="BOTTOM" relativeKey="$parent.ItemWeapon" relativePoint="TOP" x="0" y="0"/>
				</Anchors>
				<Layers>
					<Layer level="OVERLAY">
						<FontString parentKey="Level" inherits="GameFontNormalLarge2" justifyH="CENTER" hidden="true" />
					</Layer>
				</Layers>
			</Frame>
		</Frames>
		<Scripts>
			<OnHide>
				self.lastUpdate = nil;
			</OnHide>
			<OnLoad method="OnLoad"/>
		</Scripts>
	</Frame>

	<Frame name="FollowerMissionPageTemplate" inherits="GarrisonMissionPageBaseTemplate, MissionPageTemplate" virtual="true">
		<Layers>
			<Layer level="ARTWORK">
				<Texture parentKey="ButtonFrame" atlas="GarrMission_MissionCostStartButtonBg" useAtlasSize="true">
					<Anchors>
						<Anchor point="BOTTOM" x="0" y="-22"/>
					</Anchors>
				</Texture>
			</Layer>
			<Layer level="OVERLAY">
				<Texture atlas="GarrMission_LocationCover-Side" useAtlasSize="true">
					<Anchors>
						<Anchor point="TOPLEFT"/>
					</Anchors>
				</Texture>
				<Texture atlas="GarrMission_LocationCover-Side" useAtlasSize="true">
					<Anchors>
						<Anchor point="TOPRIGHT"/>
					</Anchors>
					<TexCoords left="1.0" right="0.0" top="0.0" bottom="1.0"/>
				</Texture>
				<Texture atlas="_GarrMission_LocationCover-Bottom" useAtlasSize="true" horizTile="true">
					<Anchors>
						<Anchor point="BOTTOMLEFT" y="333"/>
						<Anchor point="BOTTOMRIGHT" y="333"/>
					</Anchors>
				</Texture>
			</Layer>
			<Layer level="OVERLAY" textureSubLevel="4">
				<Texture parentKey="IconBG" atlas="GarrMission_IconLevelBG" useAtlasSize="true">
					<Anchors>
						<Anchor point="TOPLEFT" y="-1"/>
					</Anchors>
					<Color r="0" g="0" b="0" a="0.55"/>
				</Texture>
			</Layer>
			<Layer level="OVERLAY" textureSubLevel="5">
				<Texture parentKey="MissionType" atlas="GarrMission_MissionIcon-Combat" useAtlasSize="true">
					<Anchors>
						<Anchor point="TOPLEFT" x="48" y="-4"/>
					</Anchors>
				</Texture>
			</Layer>
			<Layer level="OVERLAY" textureSubLevel="6">
				<Texture atlas="_GarrMission_TopBorder" useAtlasSize="true" horizTile="true">
					<Anchors>
						<Anchor point="TOPLEFT" x="20" y="4"/>
						<Anchor point="TOPRIGHT" x="-20" y="4"/>
					</Anchors>
				</Texture>
			</Layer>
			<Layer level="OVERLAY" textureSubLevel="7">
				<Texture atlas="GarrMission_TopBorderCorner" useAtlasSize="true">
					<Anchors>
						<Anchor point="TOPLEFT" x="-5" y="4"/>
					</Anchors>
				</Texture>
				<Texture atlas="GarrMission_TopBorderCorner" useAtlasSize="true">
					<Anchors>
						<Anchor point="TOPRIGHT" x="4" y="4"/>
					</Anchors>
					<TexCoords left="1.0" right="0.0" top="0.0" bottom="1.0"/>
				</Texture>
			</Layer>
		</Layers>
		<Frames>
			<Frame parentKey="RewardsFrame" inherits="GarrisonFollowerMissionRewardsFrameTemplate, GarrisonMissionPageRewardTemplate">
				<KeyValues>
					<KeyValue key="tooltipText" value="GARRISON_MISSION_CHANCE_TOOLTIP_TEXT" type="global"/>
				</KeyValues>
			</Frame>
		</Frames>
	</Frame>

	<Frame name="GarrisonFollowerMissionCompleteStageTemplate" inherits="GarrisonMissionStageTemplate, GarrisonMissionCompleteStageTemplate" virtual="true">
		<Anchors>
			<Anchor point="TOP"/>
		</Anchors>
		<Frames>
			<Frame parentKey="EncountersFrame">
				<Size x="556" y="285"/>
				<Anchors>
					<Anchor point="TOP"/>
				</Anchors>
				<Animations>
					<AnimationGroup parentKey="FadeOut">
						<Alpha fromAlpha="1" toAlpha="0" duration=".5" order="1"/>
						<Scripts>
							<OnFinished>
								self:GetParent():Hide();
								self:GetParent():SetAlpha(1);
							</OnFinished>
						</Scripts>
					</AnimationGroup>
				</Animations>
				<Frames>
					<Frame parentKey="Encounter1" parentArray="Encounters" inherits="GarrisonEncounterPortraitTemplate"/>
					<Frame parentKey="Encounter2" parentArray="Encounters" inherits="GarrisonEncounterPortraitTemplate">
						<Anchors>
							<Anchor point="LEFT" relativeKey="$parent.Encounter1" relativePoint="RIGHT" x="91" y="0"/>
						</Anchors>
					</Frame>
					<Frame parentKey="Encounter3" parentArray="Encounters" inherits="GarrisonEncounterPortraitTemplate">
						<Anchors>
							<Anchor point="LEFT" relativeKey="$parent.Encounter2" relativePoint="RIGHT" x="91" y="0"/>
						</Anchors>
					</Frame>
					<Frame parentKey="MechanicsFrame">
						<Size x="20" y="20"/>
						<Frames>
							<Frame parentArray="Mechanics" inherits="GarrisonMissionEnemyMechanicTemplate">
								<Anchors>
									<Anchor point="LEFT"/>
								</Anchors>
							</Frame>
						</Frames>
					</Frame>
				</Frames>
				<Scripts>
					<OnLoad>
						self:SetFrameLevel(self:GetParent():GetFrameLevel() + 3);
					</OnLoad>
				</Scripts>
			</Frame>
			<Frame parentKey="FollowersFrame" frameLevel="20">
				<Size x="556" y="285"/>
				<Anchors>
					<Anchor point="TOP"/>
				</Anchors>
				<Animations>
					<AnimationGroup parentKey="FadeIn" setToFinalAlpha="true">
						<Alpha fromAlpha="0" toAlpha="1" duration=".5" order="1"/>
					</AnimationGroup>
				</Animations>
				<Frames>
					<Frame parentKey="Follower1" parentArray="Followers" inherits="GarrisonLargeFollowerXPFrameTemplate">
						<Anchors>
							<Anchor point="LEFT" relativePoint="BOTTOMLEFT" x="25" y="-4"/>
						</Anchors>
					</Frame>
					<Frame parentKey="Follower2" parentArray="Followers" inherits="GarrisonLargeFollowerXPFrameTemplate">
						<Anchors>
							<Anchor point="LEFT" relativeKey="$parent.Follower1" relativePoint="RIGHT" x="0"/>
						</Anchors>
					</Frame>
					<Frame parentKey="Follower3" parentArray="Followers" inherits="GarrisonLargeFollowerXPFrameTemplate">
						<Anchors>
							<Anchor point="LEFT" relativeKey="$parent.Follower2" relativePoint="RIGHT" x="0"/>
						</Anchors>
					</Frame>
				</Frames>
			</Frame>
			<Frame parentKey="MissionInfo">
				<Size x="556" y="285"/>
				<Anchors>
					<Anchor point="TOP"/>
				</Anchors>
				<Layers>
					<Layer level="ARTWORK">
						<Texture atlas="GarrMission_LocationCover-Side" useAtlasSize="true">
							<Anchors>
								<Anchor point="TOPLEFT"/>
								<Anchor point="BOTTOMLEFT"/>
							</Anchors>
						</Texture>
						<Texture atlas="GarrMission_LocationCover-Side" useAtlasSize="true">
							<Anchors>
								<Anchor point="TOPRIGHT"/>
								<Anchor point="BOTTOMRIGHT"/>
							</Anchors>
							<TexCoords left="1.0" right="0.0" top="0.0" bottom="1.0"/>
						</Texture>
						<Texture atlas="_GarrMission_LocationCover-Bottom" useAtlasSize="true" horizTile="true">
							<Anchors>
								<Anchor point="BOTTOMLEFT" y="-17"/>
								<Anchor point="BOTTOMRIGHT" y="-17"/>
							</Anchors>
						</Texture>
					</Layer>
					<Layer level="OVERLAY" textureSubLevel="3">
						<Texture parentKey="Header">
							<Anchors>
								<Anchor point="TOPLEFT" x="0" y="0"/>
								<Anchor point="BOTTOMRIGHT" relativePoint="TOPRIGHT" x="0" y="-66"/>
							</Anchors>
							<Color r="0" g="0" b="0" a=".35"/>
						</Texture>
					</Layer>
					<Layer level="OVERLAY" textureSubLevel="4">
						<Texture parentKey="IconBG" atlas="GarrMission_IconLevelBG" useAtlasSize="true">
							<Anchors>
								<Anchor point="TOPLEFT" y="-1"/>
							</Anchors>
							<Color r="0" g="0" b="0" a="0.55"/>
						</Texture>
					</Layer>
					<Layer level="OVERLAY" textureSubLevel="5">
						<FontString parentKey="Level" inherits="Game24Font">
							<Anchors>
								<Anchor point="CENTER" relativePoint="TOPLEFT" x="30" y="-36"/>
							</Anchors>
							<Color r="0.84" g="0.72" b="0.57"/>
						</FontString>
						<FontString parentKey="ItemLevel" inherits="GameFontNormalLarge" hidden="true">
							<Anchors>
								<Anchor point="TOP" relativeKey="$parent.Level" relativePoint="BOTTOM" x="0" y="2"/>
							</Anchors>
							<Color r="0.84" g="0.72" b="0.57"/>
						</FontString>
						<Texture parentKey="MissionType" atlas="GarrMission_MissionIcon-Combat" useAtlasSize="true">
							<Anchors>
								<Anchor point="TOPLEFT" x="48" y="-4"/>
							</Anchors>
						</Texture>
						<FontString parentKey="Title" inherits="QuestFont_Super_Huge" justifyH="LEFT" maxLines="1">
							<Size x="430" y="0"/>
							<Shadow>
								<Offset x="1" y="-1"/>
							</Shadow>
							<Anchors>
								<Anchor point="LEFT" relativeKey="$parent.Header" x="125" y="10"/>
							</Anchors>
							<Color r="1" g="1" b="1"/>
						</FontString>
						<FontString parentKey="Location" inherits="QuestFont_Huge">
							<Shadow>
								<Offset x="1" y="-1"/>
							</Shadow>
							<Anchors>
								<Anchor point="TOPLEFT" relativeKey="$parent.Title" relativePoint="BOTTOMLEFT" y="-6"/>
							</Anchors>
							<Color r="1" g="1" b="1"/>
						</FontString>
					</Layer>
					<Layer level="OVERLAY" textureSubLevel="6">
						<Texture atlas="_GarrMission_TopBorder" useAtlasSize="true" horizTile="true">
							<Anchors>
								<Anchor point="TOPLEFT" x="20" y="4"/>
								<Anchor point="TOPRIGHT" x="-20" y="4"/>
							</Anchors>
						</Texture>
					</Layer>
					<Layer level="OVERLAY" textureSubLevel="7">
						<Texture atlas="GarrMission_TopBorderCorner" useAtlasSize="true">
							<Anchors>
								<Anchor point="TOPLEFT" x="-5" y="4"/>
							</Anchors>
						</Texture>
						<Texture atlas="GarrMission_TopBorderCorner" useAtlasSize="true">
							<Anchors>
								<Anchor point="TOPRIGHT" x="4" y="4"/>
							</Anchors>
							<TexCoords left="1.0" right="0.0" top="0.0" bottom="1.0"/>
						</Texture>
					</Layer>
				</Layers>
				<Scripts>
					<OnLoad>
						self:SetFrameLevel(self:GetParent():GetFrameLevel() + 3);
					</OnLoad>
				</Scripts>
			</Frame>
			<Frame parentKey="ItemLevelHitboxFrame" enableMouse="true" hidden="true">
				<Size x="49" y="41"/>
				<Anchors>
					<Anchor point="TOP" relativeKey="$parent.MissionInfo.Level" x="0" y="3"/>
				</Anchors>
				<Scripts>
					<OnEnter>
						GameTooltip:SetOwner(self, "ANCHOR_BOTTOMRIGHT");
						local itemLevel = self:GetParent():GetParent().currentMission.iLevel;
						GameTooltip:SetText(string.format(GARRISON_MISSION_EXPECTED_ILVL, itemLevel), 1, 1, 1);
						GameTooltip:AddLine(GARRISON_MISSION_EXPECTED_ILVL_TOOLTIP, nil, nil, nil, 1);
						GameTooltip:Show();
					</OnEnter>
					<OnLeave function="GameTooltip_Hide"/>
				</Scripts>
			</Frame>
		</Frames>
	</Frame>

	<Frame name="GarrisonMissionFrame" inherits="GarrisonMissionFrameTemplate, GarrisonUITemplate" mixin="GarrisonMission,GarrisonFollowerMission">
		<Size x="962" y="662"/>
		<Anchors>
			<Anchor point="CENTER"/>
		</Anchors>
		<KeyValues>
			<KeyValue key="followerTypeID" value="LE_FOLLOWER_TYPE_GARRISON_6_0" type="global"/>
		</KeyValues>
		<Frames>
			<Button name="$parentTab1" inherits="GarrisonMissionFrameTabTemplate" id="1" text="GARRISON_MISSIONS">
				<Anchors>
					<Anchor point="BOTTOMLEFT" x="11" y="-42"/>
				</Anchors>
			</Button>
			<Button name="$parentTab2" inherits="GarrisonMissionFrameTabTemplate" id="2" text="GARRISON_FOLLOWERS">
				<Anchors>
					<Anchor point="LEFT" relativeTo="$parentTab1" relativePoint="RIGHT" x="-5" y="0"/>
				</Anchors>
			</Button>
			<Frame parentKey="FollowerList" inherits="GarrisonListTemplateHeader" name="$parentFollowers" hidden="true" mixin="GarrisonFollowerList">
				<Size x="305" y="535"/>
				<KeyValues>
					 <KeyValue key="showUncollected" value="true" type="boolean"/>
					 <KeyValue key="canCastSpellsOnFollowers" value="true" type="boolean"/>
				</KeyValues>
				<Anchors>
					<Anchor point="TOPLEFT" x="33" y="-64"/>
				</Anchors>
				<Frames>
					<Frame parentKey="MaterialFrame" inherits="MaterialFrameTemplate">
						<Size x="316" y="43"/>
						<Anchors>
							<Anchor point="TOP" relativePoint="BOTTOM" y="8"/>
						</Anchors>
					</Frame>
					<EditBox parentKey="SearchBox" inherits="SearchBoxTemplate" letters="40">
						<Size x="236" y="20"/>
						<Anchors>
							<Anchor point="TOPLEFT" relativeKey="$parent.HeaderLeft" x="17" y="-10"/>
						</Anchors>
						<Scripts>
							<OnTextChanged function="GarrisonFollowListEditBox_OnTextChanged"/>
						</Scripts>
					</EditBox>
					<Frame name="GarrisonFollowerOptionDropDown" parentKey="OptionDropDown" inherits="UIDropDownMenuTemplate">
						<Scripts>
							<OnLoad>
								UIDropDownMenu_Initialize(self, GarrisonFollowerOptionDropDown_Initialize, "MENU");
							</OnLoad>
						</Scripts>
					</Frame>
				</Frames>
				<Scripts>
					<OnShow method="OnShow"/>
					<OnHide method="OnHide"/>
					<OnEvent method="OnEvent"/>
				</Scripts>
			</Frame>
			<Frame parentKey="MissionTab" setAllPoints="true" useParentLevel="true">
				<Frames>
					<Frame parentKey="MissionList" inherits="GarrisonMissionListTemplate" name="$parentMissions"/>
					<Button parentKey="MissionPage" inherits="FollowerMissionPageTemplate" hidden="true" mixin="GarrisonMissionPageMixin,GarrisonFollowerMissionPageMixin">
						<Frames>
							<Frame parentKey="Enemy1" parentArray="Enemies" inherits="GarrisonMissionPageEnemyTemplate">
								<Anchors>
									<Anchor point="TOPLEFT" x="251" y="-146"/>
								</Anchors>
							</Frame>
							<Frame parentKey="Enemy2" parentArray="Enemies" inherits="GarrisonMissionPageEnemyTemplate">
								<Anchors>
									<Anchor point="LEFT" relativeKey="$parent.Enemy1" relativePoint="RIGHT" x="120"/>
								</Anchors>
							</Frame>
							<Frame parentKey="Enemy3" parentArray="Enemies" inherits="GarrisonMissionPageEnemyTemplate">
								<Anchors>
									<Anchor point="LEFT" relativeKey="$parent.Enemy2" relativePoint="RIGHT" x="120"/>
								</Anchors>
							</Frame>
							<Frame parentKey="FollowerAnchor" hidden="true">
								<Size x="1" y="1"/>
								<Anchors>
									<Anchor point="TOPLEFT" x="0" y="-274"/>
									<Anchor point="TOPRIGHT" x="0" y="-274"/>
								</Anchors>
							</Frame>
							<Frame parentKey="Follower1" parentArray="Followers" inherits="GarrisonMissionPageFollowerTemplate">
								<Anchors>
									<Anchor point="TOPLEFT" relativeKey="$parent.FollowerAnchor" x="22" y="0"/>
								</Anchors>
							</Frame>
							<Frame parentKey="Follower2" parentArray="Followers" inherits="GarrisonMissionPageFollowerTemplate">
								<Anchors>
									<Anchor point="LEFT" relativeKey="$parent.Follower1" relativePoint="RIGHT" x="17" y="0"/>
								</Anchors>
							</Frame>
							<Frame parentKey="Follower3" parentArray="Followers" inherits="GarrisonMissionPageFollowerTemplate">
								<Anchors>
									<Anchor point="LEFT" relativeKey="$parent.Follower2" relativePoint="RIGHT" x="17" y="0"/>
								</Anchors>
							</Frame>
							<CinematicModel parentKey="FollowerModel" hidden="true" inherits="GarrisonCinematicModelBaseTemplate">
								<Size x="265" y="275"/>
								<Anchors>
									<Anchor point="BOTTOMRIGHT" x="0" y="148"/>
								</Anchors>
								<Scripts>
									<OnShow function="GarrisonMission_SetFollowerModelItems"/>
								</Scripts>
							</CinematicModel>
							<Frame parentKey="EmptyFollowerModel">
								<Size x="10" y="10"/>
								<Anchors>
									<Anchor point="BOTTOMRIGHT" x="0" y="148"/>
								</Anchors>
								<Layers>
									<Layer level="ARTWORK">
										<Texture parentKey="Texture" atlas="GarrMission_Silhouettes-1Alliance" useAtlasSize="true">
											<Anchors>
												<Anchor point="BOTTOMRIGHT"/>
											</Anchors>
										</Texture>
									</Layer>
								</Layers>
							</Frame>
						</Frames>
						<Scripts>
							<OnLoad function="GarrisonMissionPage_OnLoad"/>
							<OnEvent function="GarrisonMissionPage_OnEvent"/>
							<OnShow function="GarrisonMissionPage_OnShow"/>
							<OnHide function="GarrisonMissionPage_OnHide"/>
							<OnUpdate function="GarrisonMissionPage_OnUpdate"/>
							<OnClick>
								self.CloseButton:Click();
							</OnClick>
						</Scripts>
					</Button>
					<PlayerModel parentArray="MissionCompletePreloadModels" inherits="MissionCompletePreloadModelTemplate"/>
					<PlayerModel parentArray="MissionCompletePreloadModels" inherits="MissionCompletePreloadModelTemplate"/>
					<PlayerModel parentArray="MissionCompletePreloadModels" inherits="MissionCompletePreloadModelTemplate"/>
					<PlayerModel parentArray="MissionCompletePreloadModels" inherits="MissionCompletePreloadModelTemplate"/>
					<PlayerModel parentArray="MissionCompletePreloadModels" inherits="MissionCompletePreloadModelTemplate"/>
					<PlayerModel parentArray="MissionCompletePreloadModels" inherits="MissionCompletePreloadModelTemplate"/>
				</Frames>
			</Frame>
			<Frame parentKey="FollowerTab" inherits="GarrisonFollowerTabTemplate"/>
			<Frame parentKey="MissionCompleteBackground" enableMouse="true" frameStrata="HIGH" hidden="true">
				<Size x="956" y="637"/>
				<Anchors>
					<Anchor point="TOPLEFT" x="2" y="-22"/>
				</Anchors>
				<Layers>
					<Layer level="BACKGROUND">
						<Texture setAllPoints="true">
							<Color r="0" g="0" b="0" a="0.8"/>
						</Texture>
					</Layer>
				</Layers>
			</Frame>
			<Frame parentKey="MissionComplete" inherits="GarrisonMissionPageBaseTemplate, GarrisonMissionCompleteTemplate" frameStrata="HIGH" hidden="true" mixin="GarrisonFollowerMissionComplete">
				<Frames>
					<Frame parentKey="Stage" inherits="GarrisonFollowerMissionCompleteStageTemplate">
						<Anchors>
							<Anchor point="TOP"/>
						</Anchors>
					</Frame>
					<Frame parentKey="BonusRewards" inherits="GarrisonFollowerMissionRewardsFrameTemplate, GarrisonMissionBonusRewardsTemplate">
						<Anchors>
							<Anchor point="BOTTOM" y="40"/>
						</Anchors>
					</Frame>
					<Frame parentKey="ChanceFrame" inherits="GarrisonMissionChanceFrameTemplate">
						<Anchors>
							<Anchor point="BOTTOM" relativeKey="$parent.BonusRewards" relativePoint="TOP" x="0" y="0"/>
						</Anchors>
					</Frame>
				</Frames>
			</Frame>
		</Frames>
	</Frame>

	<Frame name="GarrisonFollowerPlacer" inherits="GarrisonFollowerPortraitTemplate" hidden="true" parent="UIParent" frameStrata="DIALOG"/>

	<Frame name="GarrisonMissionListTooltipThreatsFrame">
		<Size x="0" y="26"/>
		<Frames>
			<Frame parentArray="Threats" inherits="GarrisonAbilityCounterWithCheckTemplate">
				<Anchors>
					<Anchor point="TOPLEFT" x="0" y="-4"/>
				</Anchors>
			</Frame>
		</Frames>
	</Frame>
</Ui>
