<Ui xmlns="http://www.blizzard.com/wow/ui/" xmlns:xsi="http://www.w3.org/2001/XMLSchema-instance" xsi:schemaLocation="http://www.blizzard.com/wow/ui/
..\FrameXML\UI.xsd">
	<Script file="Blizzard_GarrisonShipyardUI.lua"/>

	<!-- This represents one of the naval mission icons on the naval map -->
	<Button name="GarrisonShipyardMapMissionTemplate" virtual="true">
		<Size x="64" y="64"/>
		<NormalTexture parentKey="Icon" atlas="ShipMissionIcon-Combat-Map" useAtlasSize="true"/>
		<HighlightTexture parentKey="HighlightIcon" atlas="ShipMissionIcon-Combat-Map" useAtlasSize="true" alpha="0.3" alphaMode="ADD"/>
		<Layers>
			<Layer level="OVERLAY" textureSubLevel="2">
				<Texture parentKey="InProgressIcon" atlas="ShipMissionIcon-Combat-MapBadge" useAtlasSize="true" hidden="true">
					<Anchors>
						<Anchor point="TOPLEFT" x="2" y="-45"/>
					</Anchors>
				</Texture>
				<Texture parentKey="FogHighlight" atlas="ShipMissionIcon-Combat-Map" useAtlasSize="true" alpha="0.3" alphaMode="ADD" hidden="true">
					<Anchors>
						<Anchor point="CENTER"/>
					</Anchors>
				</Texture>
				<Texture parentKey="BonusAreaEffect" hidden="true">
				</Texture>
			</Layer>

			<!-- Textures for InProgressBoatPulseAnim -->
			<Layer level="ARTWORK" textureSubLevel="-1">
				<Texture parentKey="GlowRing" hidden="true" alpha="0.01" alphaMode="BLEND" atlas="ShipMission-RedGlowRing" useAtlasSize="true">
					<Anchors>
						<Anchor point="CENTER" x="0" y="-14"/>
					</Anchors>
				</Texture>
			</Layer>

			<Layer level="ARTWORK" textureSubLevel="1">
				<Texture parentKey="TimerBG" atlas="ShipMission-TimerBG" useAtlasSize="true">
					<Anchors>
						<Anchor point="LEFT" relativeKey="$parent.InProgressIcon" relativePoint="CENTER" x="10" y="0"/>
					</Anchors>
				</Texture>
				<FontString parentKey="TimerText" inherits="GameFontHighlightSmall">
					<Anchors>
						<Anchor point="LEFT" relativeKey="$parent.TimerBG" x="8" y="0"/>
					</Anchors>
				</FontString>
			</Layer>

			<!-- Textures for SiegeBreakerHighlightAnim -->
			<Layer level="BORDER">
				<Texture parentKey="YellowSpikeGlow" hidden="false" alpha="0.01" alphaMode="ADD" atlas="GarrMission_CurrentEncounter-SpikeyGlow" useAtlasSize="true">
					<Anchors>
						<Anchor point="CENTER" relativeKey="$parent.Icon" x="0" y="-18"/>
					</Anchors>
				</Texture>
				<Texture parentKey="SoftGlow" hidden="false" alpha="0.01" alphaMode="BLEND" atlas="BonusChest-CircleGlow" useAtlasSize="true">
					<Anchors>
						<Anchor point="CENTER" relativeKey="$parent.Icon" x="0" y="-18"/>
					</Anchors>
					<Color r="1" g="0.93333333333333" b="0.38823529411765"/>
				</Texture>
			</Layer>

			<!-- Textures for ShipMissionStartAnim -->
			<Layer level="BORDER">
				<Texture parentKey="RingBurst" hidden="false" alpha="0.01" alphaMode="ADD" atlas="GarrMission_CurrentEncounter-SpikeyGlow" useAtlasSize="true">
					<Anchors>
						<Anchor point="CENTER" x="0" y="-15"/>
					</Anchors>
				</Texture>
				<Texture parentKey="YellowGlow" hidden="false" alpha="0.01" alphaMode="BLEND" atlas="BonusChest-CircleGlow" useAtlasSize="true">
					<Anchors>
						<Anchor point="CENTER" x="0" y="-15"/>
					</Anchors>
					<Color r="1" g="0.93333333333333" b="0.38823529411765"/>
				</Texture>
			</Layer>
			<Layer level="ARTWORK">
				<Texture parentKey="SmokeBurst" hidden="false" alpha="0.01" alphaMode="ADD" atlas="BonusChest-Smoke-Uncommon" useAtlasSize="true">
					<Anchors>
						<Anchor point="CENTER"/>
					</Anchors>
				</Texture>
				<Texture parentKey="SmokeBurst2" hidden="false" alpha="0.01" alphaMode="ADD" atlas="BonusChest-Smoke-Uncommon" useAtlasSize="true">
					<Anchors>
						<Anchor point="CENTER" x="10" y="-10"/>
					</Anchors>
				</Texture>
				<Texture parentKey="SmokeBurst3" hidden="false" alpha="0.01" alphaMode="ADD" atlas="BonusChest-Smoke-Uncommon" useAtlasSize="true">
					<Anchors>
						<Anchor point="CENTER" x="-10" y="-5"/>
					</Anchors>
				</Texture>
			</Layer>

			<!-- Textures for RareMissionAnim -->
			<Layer level="ARTWORK" textureSubLevel="-1">
				<Texture parentKey="BgGlow" hidden="false" alpha="0.01" alphaMode="BLEND" atlas="BonusChest-CircleGlow" useAtlasSize="true">
					<Anchors>
						<Anchor point="CENTER"/>
					</Anchors>
					<Color r="0.4156862745098" g="0.69019607843137" b="1"/>
				</Texture>
			</Layer>

			<!-- Textures for BonusMissionPulse -->
			<Layer level="OVERLAY">
				<Texture parentKey="StarBurst" hidden="false" alpha="0.01" alphaMode="ADD" atlas="GarrisonFX-StarBurst" useAtlasSize="true">
					<Anchors>
						<Anchor point="CENTER" relativeKey="$parent.None"/>
					</Anchors>
				</Texture>
				<Texture parentKey="Circle" hidden="false" alpha="0.01" alphaMode="ADD" atlas="NavalMap-SmallBonusCircle" useAtlasSize="true">
					<Anchors>
						<Anchor point="CENTER" relativeKey="$parent.None"/>
					</Anchors>
				</Texture>
			</Layer>

			<!-- Textures for BonusMissionAnim -->
			<Layer level="ARTWORK">
				<Texture parentKey="Glow" hidden="false" alpha="0.01" alphaMode="ADD" atlas="BonusChest-CircleGlow">
					<Size x="80" y="80"/>
					<Anchors>
						<Anchor point="CENTER" relativeKey="$parent.None"/>
					</Anchors>
					<Color r="1" g="0.95294117647059" b="0.56470588235294"/>
				</Texture>
			</Layer>
		</Layers>
		<Animations>
			<AnimationGroup parentKey="InProgressBoatPulseAnim" setToFinalAlpha="true" looping="REPEAT">
				<Alpha childKey="GlowRing" duration="0.25" order="1" fromAlpha="0" toAlpha="1"/>
				<Scale order="1" duration="1" childKey="GlowRing" toScaleY="0.75" toScaleX="1.15" fromScaleY="0.05" fromScaleX="0.15" smoothing="OUT"/>
				<Alpha childKey="GlowRing" startDelay="0.5" duration="0.75" order="1" fromAlpha="1" toAlpha="0"/>
				<Alpha childKey="GlowRing" startDelay="1.25" duration="1.25" order="1" fromAlpha="0" toAlpha="0"/>
			</AnimationGroup>
			<AnimationGroup parentKey="SiegeBreakerHighlightAnim" setToFinalAlpha="true" looping="REPEAT">
				<Alpha childKey="YellowSpikeGlow" duration="0.25" order="1" fromAlpha="0" toAlpha="1"/>
				<Scale childKey="YellowSpikeGlow" duration="0.4" order="1" fromScaleX="0.25" fromScaleY="0.1" toScaleX="0.6" toScaleY="0.25"/>
				<Alpha childKey="YellowSpikeGlow" startDelay="0.3" duration="1" order="1" fromAlpha="1" toAlpha="0"/>
				<Alpha childKey="SoftGlow" duration="0.25" order="1" fromAlpha="0" toAlpha="1"/>
				<Scale childKey="SoftGlow" duration="0.4" order="1" fromScaleX="0.25" fromScaleY="0.1" toScaleX="1" toScaleY="0.75"/>
				<Alpha childKey="SoftGlow" startDelay="0.3" duration="1" order="1" fromAlpha="1" toAlpha="0"/>
			</AnimationGroup>
			<AnimationGroup parentKey="ShipMissionStartAnim" setToFinalAlpha="true">
				<Alpha childKey="Icon" duration="0.1" order="1" fromAlpha="0" toAlpha="1"/>
				<Alpha childKey="SmokeBurst" duration="0.2" order="1" fromAlpha="0" toAlpha="1"/>
				<Scale childKey="SmokeBurst" duration="0.3" order="1" fromScaleX="0.4" fromScaleY="0.75" toScaleX="0.4" toScaleY="1.25"/>
				<Translation childKey="SmokeBurst" smoothing="OUT" duration="1" order="1" offsetX="0" offsetY="30"/>
				<Alpha childKey="SmokeBurst" startDelay="0.3" duration="1" order="1" fromAlpha="1" toAlpha="0"/>
				<Alpha childKey="SmokeBurst2" startDelay="0.15" duration="0.2" order="1" fromAlpha="0" toAlpha="1"/>
				<Scale childKey="SmokeBurst2" startDelay="0.15" duration="0.3" order="1" fromScaleX="0.5" fromScaleY="0.75" toScaleX="0.5" toScaleY="1.25"/>
				<Translation childKey="SmokeBurst2" startDelay="0.15" smoothing="OUT" duration="1" order="1" offsetX="0" offsetY="20"/>
				<Alpha childKey="SmokeBurst2" startDelay="0.45" duration="1" order="1" fromAlpha="1" toAlpha="0"/>
				<Alpha childKey="SmokeBurst3" startDelay="0.2" duration="0.2" order="1" fromAlpha="0" toAlpha="1"/>
				<Scale childKey="SmokeBurst3" startDelay="0.2" duration="0.3" order="1" fromScaleX="0.5" fromScaleY="0.75" toScaleX="0.5" toScaleY="1.25"/>
				<Translation childKey="SmokeBurst3" startDelay="0.2" smoothing="OUT" duration="1" order="1" offsetX="0" offsetY="20"/>
				<Alpha childKey="SmokeBurst3" startDelay="0.5" duration="1" order="1" fromAlpha="1" toAlpha="0"/>
				<Alpha childKey="RingBurst" smoothing="IN" duration="0.25" order="1" fromAlpha="0" toAlpha="1"/>
				<Scale childKey="RingBurst" smoothing="IN_OUT" duration="0.5" order="1" fromScaleX="0.5" fromScaleY="0.25" toScaleX="1.25" toScaleY="0.75"/>
				<Alpha childKey="RingBurst" startDelay="0.5" smoothing="OUT" duration="1" order="1" fromAlpha="1" toAlpha="0"/>
				<Alpha childKey="YellowGlow" smoothing="IN" duration="0.25" order="1" fromAlpha="0" toAlpha="1"/>
				<Scale childKey="YellowGlow" smoothing="IN_OUT" duration="0.5" order="1" fromScaleX="1.25" fromScaleY="1" toScaleX="1.75" toScaleY="1"/>
				<Alpha childKey="YellowGlow" startDelay="0.5" smoothing="OUT" duration="1" order="1" fromAlpha="1" toAlpha="0"/>
			</AnimationGroup>
			<AnimationGroup parentKey="RareMissionAnim" setToFinalAlpha="true" looping="REPEAT">
				<Alpha childKey="BgGlow" duration="1" order="1" fromAlpha="0.5" toAlpha="1"/>
				<Alpha childKey="BgGlow" startDelay="1" duration="0.7" order="1" fromAlpha="1" toAlpha="0.5"/>
				<Scale childKey="BgGlow" duration="1" order="1" fromScaleX="1" fromScaleY="1" toScaleX="1.25" toScaleY="1.25"/>
				<Scale childKey="BgGlow" startDelay="1" duration="0.4" order="1" fromScaleX="1" fromScaleY="1" toScaleX="0.8" toScaleY="0.8"/>
			</AnimationGroup>
			<AnimationGroup parentKey="BonusMissionPulse" setToFinalAlpha="true" looping="REPEAT">
				<Alpha childKey="StarBurst" duration="0.5" order="1" fromAlpha="0" toAlpha="1"/>
				<Scale childKey="StarBurst" duration="0.75" order="1" fromScaleX="0.5" fromScaleY="0.5" toScaleX="0.75" toScaleY="0.75"/>
				<Alpha childKey="StarBurst" startDelay="0.75" duration="1" order="1" fromAlpha="1" toAlpha="0"/>
				<Alpha childKey="Circle" startDelay="0.5" duration="0.5" order="1" fromAlpha="0" toAlpha="0.5"/>
				<Scale childKey="Circle" startDelay="0.5" duration="2.25" order="1" fromScaleX="0.4" fromScaleY="0.4" toScaleX="0.4" toScaleY="0.4"/>
				<Alpha childKey="Circle" startDelay="1.25" duration="1" order="1" fromAlpha="0.5" toAlpha="0"/>
			</AnimationGroup>
			<AnimationGroup parentKey="BonusMissionAnim" setToFinalAlpha="true" looping="REPEAT">
				<Alpha childKey="Glow" duration="1" order="1" fromAlpha="0" toAlpha="0.75"/>
				<Alpha childKey="Glow" startDelay="1" duration="1.5" order="1" fromAlpha="0.75" toAlpha="0"/>
			</AnimationGroup>
		</Animations>
		<Scripts>
			<OnClick function="GarrisonShipyardMapMission_OnClick"/>
			<OnEnter function="GarrisonShipyardMapMission_OnEnter"/>
			<OnLeave function="GarrisonShipyardMapMission_OnLeave"/>
		</Scripts>
	</Button>

	<Frame name="GarrisonShipyardBonusAreaFrameTemplate" virtual="true" hidden="true">
		<Size x="132" y="132"/>
		<NormalTexture parentKey="Icon" atlas="ShipMissionIcon-Combat-Map" useAtlasSize="true"/>
		<HighlightTexture parentKey="HighlightIcon" atlas="ShipMissionIcon-Combat-Map" useAtlasSize="true" alpha="0.3" alphaMode="ADD"/>
		<Layers>
			<Layer level="OVERLAY" textureSubLevel="0">
				<Texture parentKey="CircleTexture" alpha="1" alphaMode="BLEND" atlas="NavalMap-SmallBonusCircle" useAtlasSize="true">
					<Anchors>
						<Anchor point="CENTER"/>
					</Anchors>
				</Texture>
				<!-- Textures for BonusMissionAnim -->
				<Texture parentKey="CircleGlowTrails" alpha="1" alphaMode="ADD" atlas="NavalMap-CircleGlowTrails" useAtlasSize="true" hidden="true">
					<Anchors>
						<Anchor point="CENTER"/>
					</Anchors>
				</Texture>
				<!-- Textures for BonusAreaAddedAnim -->
				<Texture parentKey="CirclePulse" alpha="0.01" alphaMode="ADD" atlas="NavalMap-SmallBonusCircle" useAtlasSize="true" hidden="true">
					<Anchors>
						<Anchor point="CENTER"/>
					</Anchors>
				</Texture>
			</Layer>
		</Layers>
		<Animations>
			<AnimationGroup parentKey="BonusMissionAnim" setToFinalAlpha="true" looping="REPEAT">
				<Rotation childKey="CircleGlowTrails" duration="10" order="1" degrees="-360"/>
			</AnimationGroup>
			<AnimationGroup parentKey="BonusAreaAddedAnim" setToFinalAlpha="true">
				<Alpha childKey="CircleTexture" duration="0.25" order="1" fromAlpha="0" toAlpha="0.5"/>
				<Alpha childKey="CirclePulse" duration="0.25" order="1" fromAlpha="0" toAlpha="1"/>
				<Scale childKey="CirclePulse" duration="0.75" order="1" fromScaleX="1.05" fromScaleY="1.05" toScaleX="0.9" toScaleY="0.9"/>
				<Rotation childKey="CirclePulse" duration="0.75" order="1" degrees="-20"/>
				<Alpha childKey="CirclePulse" startDelay="0.25" duration="0.5" order="1" fromAlpha="1" toAlpha="0"/>
			</AnimationGroup>
		</Animations>
	</Frame>

	<Frame name="GarrisonBonusEffectFrameTemplate" virtual="true">
		<Size x="230" y="1"/>
		<Layers>
			<Layer level="OVERLAY">
				<Texture parentKey="Icon">
					<Size x="24" y="24"/>
					<Anchors>
						<Anchor point="TOPLEFT"/>
					</Anchors>
				</Texture>
				<FontString parentKey="Name" inherits="GameFontNormal" justifyH="LEFT" wordwrap="true">
					<Size x="198" y="0"/>
					<Anchors>
						<Anchor point="TOPLEFT" relativeKey="$parent.Icon" relativePoint="TOPRIGHT" x="8" y="-5"/>
					</Anchors>
				</FontString>
				<FontString parentKey="Description" inherits="GameFontHighlight" justifyH="LEFT" wordwrap="true">
					<Size x="198" y="0"/>
					<Anchors>
						<Anchor point="TOPLEFT" relativeKey="$parent.Name" relativePoint="BOTTOMLEFT" x="0" y="-3"/>
					</Anchors>
				</FontString>
			</Layer>
		</Layers>
		<KeyValues>
			<KeyValue key="yspacing" value="8" type="number"/>
		</KeyValues>
	</Frame>

	<Frame name="GarrisonBonusAreaTooltipFrameTemplate" virtual="true">
		<Size x="250" y="1"/>
		<Layers>
			<Layer level="OVERLAY">
				<FontString parentKey="Title" inherits="GameFontNormalMed2" justifyH="LEFT" wordwrap="true" text="GARRISON_BONUS_AREA_TITLE">
					<Size x="230" y="0"/>
					<Anchors>
						<Anchor point="TOPLEFT" x="10" y="-10"/>
					</Anchors>
				</FontString>
				<FontString parentKey="TimeLeft" inherits="GameFontHighlight" justifyH="LEFT" wordwrap="true">
					<Size x="230" y="0"/>
					<Anchors>
						<Anchor point="TOPLEFT" relativeKey="$parent.Title" relativePoint="BOTTOMLEFT" x="0" y="-5"/>
					</Anchors>
				</FontString>
			</Layer>
		</Layers>
		<Frames>
			<Frame parentKey="BonusEffectFrame" inherits="GarrisonBonusEffectFrameTemplate">
				<Anchors>
					<Anchor point="TOPLEFT" relativeKey="$parent.TimeLeft" relativePoint="BOTTOMLEFT" x="0" y="-8"/>
				</Anchors>
			</Frame>
		</Frames>
		<KeyValues>
			<KeyValue key="yspacing" value="33" type="number"/>
		</KeyValues>
	</Frame>

	<Frame name="GarrisonBonusAreaTooltip" parent="UIParent" frameStrata="TOOLTIP" clampedToScreen="true" hidden="true">
		<Size x="250" y="1"/>
		<Backdrop bgFile="Interface\Tooltips\UI-Tooltip-Background" edgeFile="Interface\Tooltips\UI-Tooltip-Border" tile="true">
			<EdgeSize val="16"/>
			<TileSize val="16"/>
			<BackgroundInsets left="4" right="4" top="4" bottom="4"/>
		</Backdrop>
		<Frames>
			<Frame parentKey="BonusArea" parentArray="BonusAreas" inherits="GarrisonBonusAreaTooltipFrameTemplate">
				<Anchors>
					<Anchor point="TOPLEFT"/>
				</Anchors>
			</Frame>
		</Frames>
		<Scripts>
			<OnLoad>
				self:SetBackdropBorderColor(TOOLTIP_DEFAULT_COLOR.r, TOOLTIP_DEFAULT_COLOR.g, TOOLTIP_DEFAULT_COLOR.b);
				self:SetBackdropColor(TOOLTIP_DEFAULT_BACKGROUND_COLOR.r, TOOLTIP_DEFAULT_BACKGROUND_COLOR.g, TOOLTIP_DEFAULT_BACKGROUND_COLOR.b);
			</OnLoad>
		</Scripts>
	</Frame>

	<Frame name="GarrisonShipyardMapMissionTooltip" parent="UIParent" frameStrata="TOOLTIP" clampedToScreen="true" hidden="true">
		<Size x="250" y="256"/>
		<Backdrop bgFile="Interface\Tooltips\UI-Tooltip-Background" edgeFile="Interface\Tooltips\UI-Tooltip-Border" tile="true">
			<EdgeSize val="16"/>
			<TileSize val="16"/>
			<BackgroundInsets left="4" right="4" top="4" bottom="4"/>
		</Backdrop>
		<Anchors>
			<Anchor point="CENTER"/>
		</Anchors>
		<Layers>
			<Layer level="OVERLAY">
				<FontString parentKey="Name" parentArray="Lines" inherits="GameFontNormalMed2" justifyH="LEFT" wordwrap="true">
					<Anchors>
						<Anchor point="TOPLEFT" x="10" y="-10"/>
					</Anchors>
					<KeyValues>
						<KeyValue key="yspacing" value="10" type="number"/>
					</KeyValues>
				</FontString>
				<FontString parentKey="RareMission" parentArray="Lines" inherits="GameFontNormalMed2" justifyH="LEFT" wordwrap="true" text="GARRISON_SHIPYARD_MISSION_RARE">
					<Anchors>
						<Anchor point="TOPLEFT" relativeKey="$parent.Name" relativePoint="BOTTOMLEFT" x="0" y="-3"/>
					</Anchors>
					<KeyValues>
						<KeyValue key="yspacing" value="3" type="number"/>
					</KeyValues>
					<Color r="0.098" g="0.537" b="0.969" a="1"/>
				</FontString>
				<FontString parentKey="Description" parentArray="Lines" inherits="GameFontHighlight" justifyH="LEFT" wordwrap="true">
					<Anchors>
						<Anchor point="TOPLEFT" relativeKey="$parent.RareMission" relativePoint="BOTTOMLEFT" x="0" y="-3"/>
					</Anchors>
					<KeyValues>
						<KeyValue key="yspacing" value="3" type="number"/>
					</KeyValues>
				</FontString>
				<FontString parentKey="NumFollowers" parentArray="Lines" inherits="GameFontHighlight" justifyH="LEFT" wordwrap="true">
					<Anchors>
						<Anchor point="TOPLEFT" relativeKey="$parent.Description" relativePoint="BOTTOMLEFT" x="0" y="-12"/>
					</Anchors>
					<KeyValues>
						<KeyValue key="yspacing" value="12" type="number"/>
					</KeyValues>
				</FontString>
				<FontString parentKey="MissionDuration" parentArray="Lines" inherits="GameFontHighlight" justifyH="LEFT" wordwrap="true">
					<Anchors>
						<Anchor point="TOPLEFT" relativeKey="$parent.NumFollowers" relativePoint="BOTTOMLEFT" x="0" y="-3"/>
					</Anchors>
					<KeyValues>
						<KeyValue key="yspacing" value="3" type="number"/>
					</KeyValues>
				</FontString>
				<FontString parentKey="MissionExpires" parentArray="Lines" inherits="GameFontNormal" justifyH="LEFT" wordwrap="true" text="GARRISON_MISSION_AVAILABILITY" hidden="true">
					<Anchors>
						<Anchor point="TOPLEFT" relativeKey="$parent.MissionDuration" relativePoint="BOTTOMLEFT" x="0" y="-12"/>
					</Anchors>
					<KeyValues>
						<KeyValue key="yspacing" value="12" type="number"/>
					</KeyValues>
				</FontString>
				<FontString parentKey="TimeRemaining" parentArray="Lines" inherits="GameFontHighlight" justifyH="LEFT" wordwrap="true" hidden="true">
					<Anchors>
						<Anchor point="TOPLEFT" relativeKey="$parent.MissionExpires" relativePoint="BOTTOMLEFT" x="0" y="-3"/>
					</Anchors>
					<KeyValues>
						<KeyValue key="yspacing" value="3" type="number"/>
					</KeyValues>
				</FontString>
				<FontString parentKey="RewardString" parentArray="Lines" inherits="GameFontNormal" justifyH="LEFT" wordwrap="true" text="GARRISON_SHIPYARD_MISSION_REWARD">
					<Anchors>
						<Anchor point="TOPLEFT" relativeKey="$parent.MissionDuration" relativePoint="BOTTOMLEFT" x="0" y="-12"/>
					</Anchors>
					<KeyValues>
						<KeyValue key="yspacing" value="12" type="number"/>
					</KeyValues>
				</FontString>
				<FontString parentKey="Reward" parentArray="Lines" inherits="GameFontHighlight" justifyH="LEFT" wordwrap="true">
					<Anchors>
						<Anchor point="TOPLEFT" relativeKey="$parent.RewardString" relativePoint="BOTTOMLEFT" x="0" y="-3"/>
					</Anchors>
					<KeyValues>
						<KeyValue key="yspacing" value="3" type="number"/>
					</KeyValues>
				</FontString>
				<FontString parentKey="BonusTitle" parentArray="Lines" inherits="GameFontNormal" justifyH="LEFT" wordwrap="true" text="GARRISON_ACTIVE_BONUSES">
					<Anchors>
						<Anchor point="TOPLEFT" relativeKey="$parent.Reward" relativePoint="BOTTOMLEFT" x="0" y="-12"/>
					</Anchors>
					<KeyValues>
						<KeyValue key="yspacing" value="12" type="number"/>
					</KeyValues>
				</FontString>
				<FontString parentKey="SiegebreakerWarning" parentArray="Lines" inherits="GameFontNormalLeftRed" justifyH="LEFT" wordwrap="true" text="GARRISON_SHIPYARD_MISSION_COMPLETE_SIEGEBREAKER_TOOLTIP">
					<Anchors>
						<Anchor point="TOPLEFT" relativeKey="$parent.Reward" relativePoint="BOTTOMLEFT" x="0" y="-8"/>
					</Anchors>
					<KeyValues>
						<KeyValue key="yspacing" value="8" type="number"/>
					</KeyValues>
				</FontString>


				<FontString parentKey="InProgress" parentArray="Lines" inherits="GameFontHighlight" justifyH="LEFT" wordwrap="true" text="GARRISON_SHIPYARD_MSSION_INPROGRESS_TOOLTIP">
					<Anchors>
						<Anchor point="TOPLEFT" relativeKey="$parent.Name" relativePoint="BOTTOMLEFT" x="0" y="-3"/>
					</Anchors>
					<KeyValues>
						<KeyValue key="yspacing" value="3" type="number"/>
					</KeyValues>
				</FontString>
				<FontString parentKey="InProgressTimeLeft" parentArray="Lines" inherits="GameFontHighlight" justifyH="LEFT" wordwrap="true">
					<Anchors>
						<Anchor point="TOPLEFT" relativeKey="$parent.InProgress" relativePoint="BOTTOMLEFT" x="0" y="-3"/>
					</Anchors>
					<KeyValues>
						<KeyValue key="yspacing" value="3" type="number"/>
					</KeyValues>
				</FontString>
				<FontString parentKey="SuccessChance" parentArray="Lines" inherits="GameFontHighlight" justifyH="LEFT" wordwrap="true">
					<Anchors>
						<Anchor point="TOPLEFT" relativeKey="$parent.InProgressTimeLeft" relativePoint="BOTTOMLEFT" x="0" y="-3"/>
					</Anchors>
					<KeyValues>
						<KeyValue key="yspacing" value="3" type="number"/>
					</KeyValues>
				</FontString>
				<FontString parentKey="ShipsString" parentArray="Lines" inherits="GameFontNormal" justifyH="LEFT" wordwrap="true" text="GARRISON_SHIPYARD_FOLLOWERS">
					<Anchors>
						<Anchor point="TOPLEFT" relativeKey="$parent.SuccessChance" relativePoint="BOTTOMLEFT" x="0" y="-3"/>
					</Anchors>
					<KeyValues>
						<KeyValue key="yspacing" value="3" type="number"/>
					</KeyValues>
				</FontString>
				<FontString parentKey="Ship1" parentArray="Ships" inherits="GameFontHighlight" justifyH="LEFT" wordwrap="true">
					<Anchors>
						<Anchor point="TOPLEFT" relativeKey="$parent.ShipsString" relativePoint="BOTTOMLEFT" x="0" y="-3"/>
					</Anchors>
					<KeyValues>
						<KeyValue key="yspacing" value="3" type="number"/>
					</KeyValues>
				</FontString>
				<FontString parentKey="Ship2" parentArray="Ships" inherits="GameFontHighlight" justifyH="LEFT" wordwrap="true">
					<Anchors>
						<Anchor point="TOPLEFT" relativeKey="$parent.Ship1" relativePoint="BOTTOMLEFT" x="0" y="-3"/>
					</Anchors>
					<KeyValues>
						<KeyValue key="yspacing" value="3" type="number"/>
					</KeyValues>
				</FontString>
				<FontString parentKey="Ship3" parentArray="Ships" inherits="GameFontHighlight" justifyH="LEFT" wordwrap="true">
					<Anchors>
						<Anchor point="TOPLEFT" relativeKey="$parent.Ship2" relativePoint="BOTTOMLEFT" x="0" y="-3"/>
					</Anchors>
					<KeyValues>
						<KeyValue key="yspacing" value="3" type="number"/>
					</KeyValues>
				</FontString>
			</Layer>
		</Layers>
		<Frames>
			<Frame parentKey="ItemTooltip" inherits="InternalEmbeddedItemTooltipTemplate">
				<Size x="100" y="100"/>
				<Anchors>
					<Anchor point="TOPLEFT" relativeKey="$parent.RewardString" relativePoint="BOTTOMLEFT" x="6" y="-8"/>
				</Anchors>
				<KeyValues>
					<KeyValue key="yspacing" value="8" type="number"/>
				</KeyValues>
				<Scripts>
					<OnSizeChanged inherit="prepend">
						GarrisonShipyardMapMission_UpdateTooltipSize(self:GetParent());
					</OnSizeChanged>
				</Scripts>
			</Frame>
			<Frame parentKey="BonusEffect" parentArray="BonusEffects" inherits="GarrisonBonusEffectFrameTemplate" hidden="true">
				<Anchors>
					<Anchor point="TOPLEFT" relativeKey="$parent.BonusTitle" relativePoint="BOTTOMLEFT" x="0" y="-8"/>
				</Anchors>
				<KeyValues>
					<KeyValue key="yspacing" value="8" type="number"/>
				</KeyValues>
			</Frame>
			<Frame parentKey="BonusReward" inherits="GarrisonBonusEffectFrameTemplate" hidden="true">
				<Anchors>
					<Anchor point="TOPLEFT" relativeKey="$parent.RewardString" relativePoint="BOTTOMLEFT" x="0" y="-8"/>
				</Anchors>
				<KeyValues>
					<KeyValue key="yspacing" value="8" type="number"/>
				</KeyValues>
			</Frame>
		</Frames>
		<Scripts>
			<OnLoad>
				self:SetBackdropBorderColor(TOOLTIP_DEFAULT_COLOR.r, TOOLTIP_DEFAULT_COLOR.g, TOOLTIP_DEFAULT_COLOR.b);
				self:SetBackdropColor(TOOLTIP_DEFAULT_BACKGROUND_COLOR.r, TOOLTIP_DEFAULT_BACKGROUND_COLOR.g, TOOLTIP_DEFAULT_BACKGROUND_COLOR.b);
			</OnLoad>
		</Scripts>
	</Frame>

	<Frame name="GarrisonShipyardMissionPageBaseTemplate" virtual="true">
		<Size x="556" y="584"/>
		<Layers>
			<Layer level="BACKGROUND">
				<Texture atlas="ShipMissionParchment-Tile" vertTile="true" horizTile="true" useAtlasSize="true">
					<Anchors>
						<Anchor point="TOPLEFT" x="3"/>
						<Anchor point="BOTTOMRIGHT" x="-3"/>
					</Anchors>
				</Texture>
			</Layer>
			<Layer level="BORDER">
				<Texture atlas="!ShipMission_Bg-Edge" vertTile="true" useAtlasSize="true">
					<Anchors>
						<Anchor point="TOPLEFT" x="-10"/>
						<Anchor point="BOTTOMLEFT"  x="-10"/>
					</Anchors>
				</Texture>
				<Texture atlas="!ShipMission_Bg-Edge" vertTile="true" useAtlasSize="true">
					<Anchors>
						<Anchor point="TOPRIGHT" x="10"/>
						<Anchor point="BOTTOMRIGHT" x="10"/>
					</Anchors>
					<TexCoords left="1.0" right="0.0" top="0.0" bottom="1.0"/>
				</Texture>
			</Layer>
			<Layer level="BORDER" textureSubLevel="1">
				<Texture atlas="!ShipMission_Bg-DarkEdge" vertTile="true" useAtlasSize="true">
					<Anchors>
						<Anchor point="TOPLEFT" x="-3"/>
						<Anchor point="BOTTOMLEFT"  x="-3"/>
					</Anchors>
				</Texture>
			</Layer>
			<Layer level="BORDER" textureSubLevel="2">
				<Texture atlas="ShipMission_Bg-DarkEdgeCorner" useAtlasSize="true">
					<Anchors>
						<Anchor point="BOTTOMLEFT" x="-12"/>
					</Anchors>
				</Texture>
				<Texture atlas="ShipMission_Bg-DarkEdgeCorner" useAtlasSize="true">
					<Anchors>
						<Anchor point="BOTTOMRIGHT" x="10"/>
					</Anchors>
					<TexCoords left="1.0" right="0.0" top="0.0" bottom="1.0"/>
				</Texture>
			</Layer>
			<Layer level="BORDER" textureSubLevel="3">
				<Texture atlas="_ShipMission_Bg-BottomEdge" horizTile="true" useAtlasSize="true">
					<Anchors>
						<Anchor point="BOTTOMLEFT" x="5"/>
						<Anchor point="BOTTOMRIGHT" x="-5"/>
					</Anchors>
				</Texture>
			</Layer>
			<Layer level="BORDER" textureSubLevel="4">
				<Texture atlas="_ShipMission_TopBorder" useAtlasSize="true" horizTile="true">
					<Anchors>
						<Anchor point="BOTTOMLEFT" x="20" y="-4"/>
						<Anchor point="BOTTOMRIGHT" x="-20" y="-4"/>
					</Anchors>
					<TexCoords left="0.0" right="1.0" top="1.0" bottom="0.0"/>
				</Texture>
			</Layer>
			<Layer level="BORDER" textureSubLevel="5">
				<Texture atlas="ShipMission_TopBorderCorner" useAtlasSize="true">
					<Anchors>
						<Anchor point="BOTTOMLEFT" x="-5" y="-4"/>
					</Anchors>
					<TexCoords left="0.0" right="1.0" top="1.0" bottom="0.0"/>
				</Texture>
				<Texture atlas="ShipMission_TopBorderCorner" useAtlasSize="true">
					<Anchors>
						<Anchor point="BOTTOMRIGHT" x="4" y="-4"/>
					</Anchors>
					<TexCoords left="1.0" right="0.0" top="1.0" bottom="0.0"/>
				</Texture>
			</Layer>
		</Layers>
	</Frame>

	<Frame name="GarrisonShipyardTopBorderTemplate" virtual="true">
		<Layers>
			<Layer level="OVERLAY" textureSubLevel="6">
				<Texture atlas="_ShipMission_TopBorder" useAtlasSize="true" horizTile="true">
					<Anchors>
						<Anchor point="TOPLEFT" x="20" y="4"/>
						<Anchor point="TOPRIGHT" x="-20" y="4"/>
					</Anchors>
				</Texture>
			</Layer>
			<Layer level="OVERLAY" textureSubLevel="7">
				<Texture atlas="ShipMission_TopBorderCorner" useAtlasSize="true">
					<Anchors>
						<Anchor point="TOPLEFT" x="-5" y="4"/>
					</Anchors>
				</Texture>
				<Texture atlas="ShipMission_TopBorderCorner" useAtlasSize="true">
					<Anchors>
						<Anchor point="TOPRIGHT" x="4" y="4"/>
					</Anchors>
					<TexCoords left="1.0" right="0.0" top="0.0" bottom="1.0"/>
				</Texture>
			</Layer>
		</Layers>
	</Frame>

	<Frame name="GarrisonShipyardMissionRewardsFrameTemplate" virtual="true">
		<Layers>
			<Layer level="BACKGROUND">
				<Texture atlas="ShipMission_RewardsBG-Desaturate">
					<Anchors>
						<Anchor point="TOPLEFT"/>
						<Anchor point="BOTTOMRIGHT"/>
					</Anchors>
				</Texture>
			</Layer>
			<Layer level="BORDER">
				<Texture atlas="!ShipMission_RewardsBorder-Left-Desaturate" vertTile="true" useAtlasSize="true">
					<Anchors>
						<Anchor point="TOPLEFT" x="-10"/>
						<Anchor point="BOTTOMLEFT" x="-10"/>
					</Anchors>
				</Texture>
				<Texture atlas="!ShipMission_RewardsBorder-Left-Desaturate" vertTile="true" useAtlasSize="true">
					<Anchors>
						<Anchor point="TOPRIGHT" x="10"/>
						<Anchor point="BOTTOMRIGHT" x="10"/>
					</Anchors>
					<TexCoords left="1.0" right="0.0" top="0.0" bottom="1.0"/>
				</Texture>
				<Texture atlas="_ShipMission_RewardsBorder-Top-Desaturate" horizTile="true" useAtlasSize="true">
					<Anchors>
						<Anchor point="TOPLEFT" y="11"/>
						<Anchor point="TOPRIGHT" y="11"/>
					</Anchors>
				</Texture>
				<Texture atlas="_ShipMission_RewardsBorder-Top-Desaturate" horizTile="true" useAtlasSize="true">
					<Anchors>
						<Anchor point="BOTTOMLEFT" y="-10"/>
						<Anchor point="BOTTOMRIGHT" y="-10"/>
					</Anchors>
					<TexCoords left="0.0" right="1.0" top="1.0" bottom="0.0"/>
				</Texture>
			</Layer>
			<Layer level="BORDER" textureSubLevel="1">
				<Texture atlas="ShipMission_RewardsBorder-Corner-Desaturate" useAtlasSize="true">
					<Anchors>
						<Anchor point="TOPLEFT" x="-10" y="11"/>
					</Anchors>
				</Texture>
				<Texture atlas="ShipMission_RewardsBorder-Corner-Desaturate" useAtlasSize="true">
					<Anchors>
						<Anchor point="TOPRIGHT" x="10" y="11"/>
					</Anchors>
					<TexCoords left="1.0" right="0.0" top="0.0" bottom="1.0"/>
				</Texture>
				<Texture atlas="ShipMission_RewardsBorder-Corner-Desaturate" useAtlasSize="true">
					<Anchors>
						<Anchor point="BOTTOMLEFT" x="-10" y="-11"/>
					</Anchors>
					<TexCoords left="0.0" right="1.0" top="1.0" bottom="0.0"/>
				</Texture>
				<Texture atlas="ShipMission_RewardsBorder-Corner-Desaturate" useAtlasSize="true">
					<Anchors>
						<Anchor point="BOTTOMRIGHT" x="10" y="-11"/>
					</Anchors>
					<TexCoords left="1.0" right="0.0" top="1.0" bottom="0.0"/>
				</Texture>
			</Layer>
		</Layers>
	</Frame>

	<Frame name="ShipyardMissionPageTemplate" inherits="GarrisonShipyardMissionPageBaseTemplate, MissionPageTemplate" virtual="true">
		<Layers>
			<Layer level="ARTWORK">
				<Texture parentKey="ButtonFrame" atlas="ShipMission_MissionCostStartButtonBg" useAtlasSize="true">
					<Anchors>
						<Anchor point="BOTTOM" x="0" y="-22"/>
					</Anchors>
				</Texture>
			</Layer>
			<Layer level="OVERLAY">
				<Texture atlas="ShipMission_LocationCover-Side" useAtlasSize="true">
					<Anchors>
						<Anchor point="TOPLEFT"/>
					</Anchors>
				</Texture>
				<Texture atlas="ShipMission_LocationCover-Side" useAtlasSize="true">
					<Anchors>
						<Anchor point="TOPRIGHT"/>
					</Anchors>
					<TexCoords left="1.0" right="0.0" top="0.0" bottom="1.0"/>
				</Texture>
				<Texture atlas="_ShipMission_LocationCover-Bottom" useAtlasSize="true" horizTile="true">
					<Anchors>
						<Anchor point="BOTTOMLEFT" y="333"/>
						<Anchor point="BOTTOMRIGHT" y="333"/>
					</Anchors>
				</Texture>
			</Layer>
			<Layer level="OVERLAY" textureSubLevel="4">
				<Texture parentKey="IconBG" atlas="ShipMission_IconLevelBG" useAtlasSize="true">
					<Anchors>
						<Anchor point="TOPLEFT" y="-1"/>
					</Anchors>
					<Color r="0" g="0" b="0" a="0.55"/>
				</Texture>
			</Layer>
			<Layer level="OVERLAY" textureSubLevel="5">
				<Texture parentKey="MissionType" atlas="ShipMissionIcon-Combat-Mission" useAtlasSize="true">
					<Anchors>
						<Anchor point="TOPLEFT" x="12" y="-2"/>
					</Anchors>
				</Texture>
			</Layer>
			<Layer level="OVERLAY" textureSubLevel="6">
				<Texture atlas="_ShipMission_TopBorder" useAtlasSize="true" horizTile="true">
					<Anchors>
						<Anchor point="TOPLEFT" x="20" y="4"/>
						<Anchor point="TOPRIGHT" x="-20" y="4"/>
					</Anchors>
				</Texture>
			</Layer>
			<Layer level="OVERLAY" textureSubLevel="7">
				<Texture atlas="ShipMission_TopBorderCorner" useAtlasSize="true">
					<Anchors>
						<Anchor point="TOPLEFT" x="-5" y="4"/>
					</Anchors>
				</Texture>
				<Texture atlas="ShipMission_TopBorderCorner" useAtlasSize="true">
					<Anchors>
						<Anchor point="TOPRIGHT" x="4" y="4"/>
					</Anchors>
					<TexCoords left="1.0" right="0.0" top="0.0" bottom="1.0"/>
				</Texture>
			</Layer>
		</Layers>
		<Frames>
			<Frame parentKey="RewardsFrame" inherits="GarrisonShipyardMissionRewardsFrameTemplate, GarrisonMissionPageRewardTemplate">
				<Scripts>
					<OnLoad>
						self.tooltipText = GARRISON_SHIPYARD_MISSION_CHANCE_TOOLTIP_TEXT;
					</OnLoad>
				</Scripts>
			</Frame>
		</Frames>
	</Frame>

	<Frame name="GarrisonShipMissionFollowerTemplate" virtual="true">
		<Size x="152" y="128"/>
		<Layers>
			<Layer level="BACKGROUND">
				<Texture parentKey="Portrait" atlas="ShipMission_FollowerBG" useAtlasSize="true">
					<Anchors>
						<Anchor point="BOTTOM"/>
					</Anchors>
				</Texture>
			</Layer>
			<Layer level="OVERLAY" textureSubLevel="2">
				<Texture parentKey="Highlight" hidden="false" alpha="0" alphaMode="ADD" atlas="ShipMission_FollowerBG-Glow" useAtlasSize="true">
					<Anchors>
						<Anchor point="BOTTOM"/>
					</Anchors>
				</Texture>
				<FontString parentKey="Name" inherits="GameFontNormal" justifyV="TOP" wordwrap="true" hidden="true">
					<Size x="152" y="26"/>
					<Anchors>
						<Anchor point="TOP" relativePoint="BOTTOM" relativeKey="$parent.Portrait" x="0" y="-8"/>
					</Anchors>
				</FontString>
			</Layer>
			<Layer level="ARTWORK">
				<Texture parentKey="NameBG" atlas="ShipMission_NameBG" useAtlasSize="true" hidden="true">
					<Anchors>
						<Anchor point="TOP" relativeKey="$parent.Name" relativePoint="TOP" x="0" y="4"/>
					</Anchors>
				</Texture>
			</Layer>
		</Layers>
		<Frames>
			<Frame parentArray="Counters" inherits="GarrisonMissionAbilityCounterTemplate" hidden="true">
				<Anchors>
					<Anchor point="BOTTOM" x="0" y="0"/>
				</Anchors>
			</Frame>
		</Frames>
		<Animations>
			<AnimationGroup parentKey="PulseAnim" setToFinalAlpha="true" looping="REPEAT">
				<Alpha childKey="Highlight" duration="0.5" order="1" fromAlpha="0.5" toAlpha="1"/>
				<Alpha childKey="Highlight" startDelay="1" duration="0.5" order="1" fromAlpha="1" toAlpha="0.5"/>
			</AnimationGroup>
		</Animations>
		<Scripts>
			<OnLoad>
				self:RegisterForDrag("LeftButton");
			</OnLoad>
			<OnDragStart function="GarrisonShipMissionPageFollowerFrame_OnDragStart"/>
			<OnDragStop function="GarrisonShipMissionPageFollowerFrame_OnDragStop"/>
			<OnReceiveDrag function="GarrisonShipMissionPageFollowerFrame_OnReceiveDrag"/>
			<OnEnter function="GarrisonShipMissionPageFollowerFrame_OnEnter"/>
			<OnLeave function="GarrisonShipMissionPageFollowerFrame_OnLeave"/>
			<OnMouseUp function="GarrisonShipMissionPageFollowerFrame_OnMouseUp"/>
		</Scripts>
	</Frame>

	<Frame name="GarrisonShipMissionCompleteFollowerTemplate" virtual="true">
		<Size x="152" y="128"/>
		<Layers>
			<Layer level="ARTWORK">
				<Texture parentKey="Portrait" atlas="Ships_CargoShip-Portrait" useAtlasSize="true">
					<Anchors>
						<Anchor point="BOTTOM"/>
					</Anchors>
				</Texture>
			</Layer>
			<Layer level="OVERLAY" textureSubLevel="2">
				<FontString parentKey="Name" inherits="GameFontNormal" justifyV="TOP" wordwrap="true">
					<Size x="152" y="26"/>
					<Anchors>
						<Anchor point="TOP" relativePoint="BOTTOM" x="0" y="-8"/>
					</Anchors>
				</FontString>
				<FontString parentKey="SurvivedText" inherits="Game18Font" text="GARRISON_SHIPYARD_SHIP_SURVIVED">
					<Anchors>
						<Anchor point="CENTER" x="0" y="-20"/>
					</Anchors>
					<Shadow>
						<Offset x="1" y="-1"/>
						<Color r="0" g="0" b="0"/>
					</Shadow>
					<Color r="0.1" g="1" b="0.1" a="0"/>
				</FontString>
				<FontString parentKey="DestroyedText" inherits="Game18Font" text="GARRISON_SHIPYARD_SHIP_DESTROYED">
					<Anchors>
						<Anchor point="CENTER" x="0" y="10"/>
					</Anchors>
					<Shadow>
						<Offset x="1" y="-1"/>
						<Color r="0" g="0" b="0"/>
					</Shadow>
					<Color r="1" g="0.1" b="0.1" a="0"/>
				</FontString>
			</Layer>
			<Layer level="ARTWORK">
				<Texture parentKey="NameBG" atlas="ShipMission_NameBG" useAtlasSize="true">
					<Anchors>
						<Anchor point="TOP" relativeKey="$parent.Name" relativePoint="TOP" x="0" y="4"/>
					</Anchors>
				</Texture>
			</Layer>
		</Layers>
		<Frames>
			<StatusBar parentKey="XP" inherits="GarrisonFollowerXPBarTemplate">
				<Size x="103" y="9"/>
				<Anchors>
					<Anchor point="BOTTOM" x="0" y="-2"/>
				</Anchors>
			</StatusBar>
			<Frame parentKey="XPGain" inherits="GarrisonFollowerXPGainTemplate" hidden="true">
				<Anchors>
					<Anchor point="BOTTOM" relativePoint="TOP" x="0" y="-25"/>
				</Anchors>
			</Frame>
			<Frame parentKey="LevelUpFrame" hidden="true" inherits="GarrisonFollowerLevelUpTemplate">
				<Anchors>
					<Anchor point="BOTTOM" x="0" y="-23"/>
				</Anchors>
			</Frame>
			<CinematicModel parentKey="BoatDeathAnimations" facingLeft="true" inherits="GarrisonCinematicModelBaseTemplate" frameLevel="1">
				<Size x="400" y="250"/>
				<Anchors>
					<Anchor point="CENTER"/>
				</Anchors>
				<Scripts>
					<OnLoad inherit="prepend">
						self:Show();
						self:SetDisplayInfo(11686); <!-- 11686 is invisible stalker -->
					</OnLoad>
					<OnModelLoaded function="GarrisonMissionComplete_OnModelLoaded"/>
				</Scripts>
			</CinematicModel>
		</Frames>
		<Animations>
			<AnimationGroup parentKey="SurvivedAnim" setToFinalAlpha="true">
				<Alpha parentKey="WaitAlpha" childKey="SurvivedText" duration="0.1" order="1" fromAlpha="0" toAlpha="0"/>
				<Alpha childKey="SurvivedText" duration="0.1" order="2" fromAlpha="0" toAlpha="1"/>
				<Translation childKey="SurvivedText" duration="1.1" order="2" offsetX="0" offsetY="50"/>
				<Alpha childKey="SurvivedText" startDelay="0.7" duration="0.25" order="2" fromAlpha="1" toAlpha="0"/>
			</AnimationGroup>
			<AnimationGroup parentKey="DestroyedAnim" setToFinalAlpha="true">
				<Alpha parentKey="WaitAlpha" childKey="DestroyedText" duration="0.1" order="1" fromAlpha="0" toAlpha="0"/>
				<Alpha childKey="DestroyedText" duration="0.2" order="2" fromAlpha="0" toAlpha="1"/>
				<Translation childKey="DestroyedText" duration="1.0" order="2" offsetX="0" offsetY="-70"/>
				<Alpha childKey="Portrait" smoothing="OUT" duration="0.86" order="2" fromAlpha="1" toAlpha="0"/>
				<Alpha childKey="XP" smoothing="OUT" startDelay="0.1" duration="0.1" order="2" fromAlpha="1" toAlpha="0"/>
				<Translation childKey="Portrait" duration="0.06" order="2" offsetX="-5" offsetY="-2"/>
				<Translation childKey="Portrait" startDelay="0.06" duration="0.13" order="2" offsetX="10" offsetY="-2"/>
				<Translation childKey="Portrait" startDelay="0.19" duration="0.13" order="2" offsetX="-10" offsetY="-2"/>
				<Translation childKey="Portrait" startDelay="0.32" smoothing="OUT" duration="0.65" order="2" offsetX="6" offsetY="-15"/>
				<Scripts>
					<OnFinished>
						self:GetParent().DestroyedText:SetPoint("CENTER", 0, -60);
					</OnFinished>
				</Scripts>
			</AnimationGroup>
		</Animations>
	</Frame>

	<Frame name="GarrisonShipMissionCompleteEnemyTemplate" virtual="true">
		<Size x="152" y="128"/>
		<Layers>
			<Layer level="BORDER">
				<Texture parentKey="PortraitRing" atlas="GarrMission_EncounterBar-PortraitRing" useAtlasSize="true">
					<Anchors>
						<Anchor point="BOTTOM" x="0" y="15"/>
					</Anchors>
				</Texture>
			</Layer>
			<Layer level="BACKGROUND">
				<Texture parentKey="Portrait" atlas="Ships_EnemyCarrier-Portrait" useAtlasSize="true">
					<Anchors>
						<Anchor point="BOTTOM"/>
					</Anchors>
				</Texture>
				<Texture parentKey="PortraitIcon">
					<Size x="50" y="50"/>
					<Anchors>
						<Anchor point="CENTER" relativeKey="$parent.PortraitRing"/>
					</Anchors>
				</Texture>
			</Layer>
			<Layer level="OVERLAY">
				<FontString parentKey="Name" inherits="GameFontHighlight" wordwrap="true">
					<Size x="152" y="30"/>
					<Anchors>
						<Anchor point="BOTTOM" relativePoint="TOP" relativeKey="$parent.Portrait" x="0" y="-50"/>
					</Anchors>
				</FontString>
			</Layer>
		</Layers>
		<Frames>
			<Frame parentKey="CheckFrame" inherits="GarrisonEncounterPortraitCheckTemplate">
				<Anchors>
					<Anchor point="CENTER"/>
				</Anchors>
			</Frame>
			<Frame parentKey="MechanicsFrame">
				<Size x="20" y="20"/>
				<Frames>
					<Frame parentArray="Mechanics" inherits="GarrisonMissionEnemyMechanicTemplate">
						<Anchors>
							<Anchor point="LEFT" x="0" y="10"/>
						</Anchors>
					</Frame>
				</Frames>
			</Frame>
		</Frames>
	</Frame>

	<Frame name="GarrisonShipMissionEnemyTemplate" virtual="true">
		<Size x="152" y="128"/>
		<Layers>
			<Layer level="BORDER">
				<Texture parentKey="PortraitRing" atlas="GarrMission_EncounterBar-PortraitRing" useAtlasSize="true">
					<Anchors>
						<Anchor point="BOTTOM" x="0" y="15"/>
					</Anchors>
				</Texture>
			</Layer>
			<Layer level="BACKGROUND">
				<Texture parentKey="Portrait" atlas="Ships_EnemyCarrier-Portrait" useAtlasSize="true">
					<Anchors>
						<Anchor point="BOTTOM"/>
					</Anchors>
				</Texture>
				<Texture parentKey="PortraitIcon">
					<Size x="50" y="50"/>
					<Anchors>
						<Anchor point="CENTER" relativeKey="$parent.PortraitRing"/>
					</Anchors>
				</Texture>
			</Layer>
			<Layer level="OVERLAY">
				<FontString parentKey="Name" inherits="GameFontHighlight" wordwrap="true">
					<Size x="152" y="30"/>
					<Anchors>
						<Anchor point="BOTTOM" relativePoint="TOP" relativeKey="$parent.Portrait" x="0" y="-50"/>
					</Anchors>
				</FontString>
			</Layer>
		</Layers>
		<Frames>
			<Button parentArray="Mechanics" inherits="GarrisonMissionEnemyLargeMechanicTemplate"/>
		</Frames>
	</Frame>

	<Frame name="GarrisonShipFollowerListTemplateHeader" inherits="GarrisonBaseInfoBoxTemplate" virtual="true">
		<Size x="305" y="535"/>
		<Layers>
			<Layer level="BORDER" textureSubLevel="7">
				<Texture parentKey="HeaderLeft" atlas="GarrMission_ParchmentHeader-End" useAtlasSize="true">
					<Anchors>
						<Anchor point="BOTTOMLEFT" relativePoint="TOPLEFT" x="12" y="-8"/>
					</Anchors>
				</Texture>
				<Texture parentKey="HeaderRight" atlas="GarrMission_ParchmentHeader-End" useAtlasSize="true">
					<Anchors>
						<Anchor point="BOTTOMRIGHT" relativePoint="TOPRIGHT" x="-28" y="-8"/>
					</Anchors>
					<TexCoords left="1.0" right="0.0" top="0.0" bottom="1.0"/>
				</Texture>
			</Layer>
			<Layer level="BORDER" textureSubLevel="6">
				<Texture atlas="_GarrMission_ParchmentHeader-Mid" useAtlasSize="true" horizTile="true">
					<Anchors>
						<Anchor point="LEFT" relativeKey="$parent.HeaderLeft" relativePoint="RIGHT" x="-35"/>
						<Anchor point="RIGHT" relativeKey="$parent.HeaderRight" relativePoint="LEFT" x="35"/>
					</Anchors>
				</Texture>
			</Layer>
			<Layer level="OVERLAY">
				<FontString parentKey="NoShipsLabel" inherits="GameFontNormalLarge2" text="GARRISON_SHIPYARD_NO_SHIPS" hidden="true">
					<Size x="290" y="0"/>
					<Anchors>
						<Anchor point="CENTER"/>
					</Anchors>
				</FontString>
			</Layer>
		</Layers>
		<Frames>
			<ScrollFrame name="$parentListScrollFrame" parentKey="listScroll" inherits="HybridScrollFrameTemplate">
				<Anchors>
					<Anchor point="TOPLEFT" x="5" y="-6"/>
					<Anchor point="BOTTOMRIGHT" x="-3" y="8"/>
				</Anchors>
				<Frames>
					<Slider name="$parentScrollBar" inherits="HybridScrollBarTrimTemplate" parentKey="scrollBar">
						<Anchors>
							<Anchor point="TOPLEFT" relativePoint="TOPRIGHT" x="-20" y="-12"/>
							<Anchor point="BOTTOMLEFT" relativePoint="BOTTOMRIGHT" x="-20" y="12"/>
						</Anchors>
						<KeyValues>
							<KeyValue key="colorRed" value="1.0" type="number"/>
							<KeyValue key="colorGreen" value="1.0" type="number"/>
							<KeyValue key="colorBlue" value="1.0" type="number"/>
						</KeyValues>
						<Scripts>
							<OnLoad>
								self.trackBG:Show();
								self.trackBG:SetVertexColor(0, 0, 0, 0.75);
								self.doNotHide = true;

								self.Top:SetVertexColor(self.colorRed, self.colorGreen, self.colorBlue);
								self.Bottom:SetVertexColor(self.colorRed, self.colorGreen, self.colorBlue);
								self.Middle:SetVertexColor(self.colorRed, self.colorGreen, self.colorBlue);
								self.thumbTexture:SetVertexColor(self.colorRed, self.colorGreen, self.colorBlue);

								self.UpButton.Normal:SetVertexColor(self.colorRed, self.colorGreen, self.colorBlue);
								self.UpButton.Pushed:SetVertexColor(self.colorRed, self.colorGreen, self.colorBlue);
								self.UpButton.Disabled:SetVertexColor(self.colorRed, self.colorGreen, self.colorBlue);
								self.UpButton.Highlight:SetVertexColor(self.colorRed, self.colorGreen, self.colorBlue);

								self.DownButton.Normal:SetVertexColor(self.colorRed, self.colorGreen, self.colorBlue);
								self.DownButton.Pushed:SetVertexColor(self.colorRed, self.colorGreen, self.colorBlue);
								self.DownButton.Disabled:SetVertexColor(self.colorRed, self.colorGreen, self.colorBlue);
								self.DownButton.Highlight:SetVertexColor(self.colorRed, self.colorGreen, self.colorBlue);
							</OnLoad>
						</Scripts>
					</Slider>
				</Frames>
			</ScrollFrame>
		</Frames>
	</Frame>

	<Button name="GarrisonShipFollowerButtonTemplate" virtual="true">
		<Size x="255" y="80"/>
		<Layers>
			<Layer level="BACKGROUND">
				<Texture parentKey="BG" atlas="ShipMission_FollowerListButton" useAtlasSize="true">
					<Anchors>
						<Anchor point="TOPLEFT"/>
					</Anchors>
				</Texture>
			</Layer>
			<Layer level="BACKGROUND" textureSubLevel="-1">
				<Texture parentKey="AbilitiesBG" atlas="GarrMission_FollowerListButton" hidden="true">
					<Size x="232" y="0"/>
					<Anchors>
						<Anchor point="TOPRIGHT" relativeKey="$parent.BG" relativePoint="BOTTOMRIGHT" y="5"/>
					</Anchors>
				</Texture>
			</Layer>
			<Layer level="ARTWORK" textureSubLevel="0">
				<Texture parentKey="Portrait" atlas="Ships_CargoShip-List" useAtlasSize="true">
					<Anchors>
						<Anchor point="TOPLEFT"/>
					</Anchors>
				</Texture>
			</Layer>
			<Layer level="ARTWORK" textureSubLevel="1">
				<Texture parentKey="Quality" atlas="ShipMission_BoatRarity-Epic" useAtlasSize="true">
					<Anchors>
						<Anchor point="BOTTOMLEFT" relativeKey="$parent.Portrait" relativePoint="BOTTOMLEFT" x="0" y="2"/>
					</Anchors>
				</Texture>
			</Layer>
			<Layer level="ARTWORK" textureSubLevel="2">
				<Texture parentKey="XPBar">
					<Size x="228" y="4"/>
					<Anchors>
						<Anchor point="BOTTOMLEFT" relativeKey="$parent.BG" x="24" y="2"/>
					</Anchors>
					<Color r="0.212" g="0" b="0.337" a="1"/>
				</Texture>
			</Layer>
			<Layer level="OVERLAY" textureSubLevel="3">
				<Texture parentKey="Selection" atlas="ShipMission_FollowerListButton-Select" useAtlasSize="true" hidden="true">
					<Anchors>
						<Anchor point="TOPLEFT" x="0" y="-1"/>
					</Anchors>
				</Texture>
				<FontString parentKey="BoatName" inherits="GameFontHighlight" text="Carrier" justifyH="RIGHT" wordwrap="false">
					<Size x="250" y="0"/>
					<Anchors>
						<Anchor point="TOPRIGHT" x="-4" y="-43"/>
					</Anchors>
				</FontString>
				<FontString parentKey="BoatType" inherits="GameFontDisable" text="Carrier" justifyH="RIGHT">
					<Size x="250" y="0"/>
					<Anchors>
						<Anchor point="TOPRIGHT" relativeKey="$parent.BoatName" relativePoint="BOTTOMRIGHT" x="0" y="-4"/>
					</Anchors>
				</FontString>
				<FontString parentKey="Status" inherits="GameFontHighlightSmall" text="In Party" justifyH="LEFT">
					<Anchors>
						<Anchor point="TOPLEFT" x="5" y="-6"/>
					</Anchors>
					<Color r="0.698" g="0.941" b="1" a="1"/>
				</FontString>
			</Layer>
		</Layers>
		<Frames>
			<Frame parentArray="Counters" inherits="GarrisonMissionAbilityCounterTemplate" hidden="true">
				<Anchors>
					<Anchor point="TOPRIGHT" x="-8" y="-4"/>
				</Anchors>
			</Frame>
			<Frame parentArray="Abilities" inherits="GarrisonFollowerListButtonAbilityTemplate" hidden="true">
				<Anchors>
					<Anchor point="TOPLEFT" relativeKey="$parent.AbilitiesBG" x="2" y="-9"/>
				</Anchors>
				<Scripts>
					<OnShow>
						local followerList = self:GetParent():GetParent():GetParent():GetParent();
						self.followerTypeID = followerList.followerType;
					</OnShow>
				</Scripts>
			</Frame>
			<Frame parentKey="BusyFrame" hidden="true">
				<Anchors>
					<Anchor point="TOPLEFT"/>
					<Anchor point="BOTTOMRIGHT"/>
				</Anchors>
				<Layers>
					<Layer level="ARTWORK">
						<Texture parentKey="Texture" setAllPoints="true">
							<Color r="0" g="0.06" b="0.22" a="0.44"/>
						</Texture>
					</Layer>
				</Layers>
			</Frame>
		</Frames>
		<HighlightTexture atlas="ShipMission_FollowerListButton-Highlight" useAtlasSize="true">
			<Anchors>
				<Anchor point="TOPLEFT"/>
			</Anchors>
		</HighlightTexture>
		<Scripts>
			<OnLoad>
				self:RegisterForClicks("LeftButtonUp", "RightButtonUp");
				self:RegisterForDrag("LeftButton");
			</OnLoad>
			<OnClick>
				if ( IsModifiedClick() ) then
					GarrisonFollowerListButton_OnModifiedClick(self, button);
				else
					GarrisonShipFollowerListButton_OnClick(self, button);
				end
			</OnClick>
			<OnDragStart function="GarrisonShipFollowerListButton_OnDragStart"/>
			<OnDragStop function="GarrisonShipFollowerListButton_OnDragStop"/>
		</Scripts>
	</Button>

	<Frame name="GarrisonShipFollowerPlacer" hidden="true" parent="UIParent" frameStrata="HIGH">
		<Size x="152" y="80"/>
		<Layers>
			<Layer level="ARTWORK" textureSubLevel="0">
				<Texture parentKey="Portrait" atlas="Ships_CargoShip-List" useAtlasSize="true">
					<Anchors>
						<Anchor point="LEFT"/>
					</Anchors>
				</Texture>
			</Layer>
		</Layers>
	</Frame>

	<Frame name="GarrisonShipyardMissionCompleteStageTemplate" inherits="GarrisonMissionStageTemplate, GarrisonMissionCompleteStageTemplate" virtual="true">
		<Frames>
			<Frame parentKey="EncountersFrame" frameLevel="3">
				<Size x="556" y="285"/>
				<Anchors>
					<Anchor point="TOP"/>
				</Anchors>
				<Animations>
					<AnimationGroup parentKey="FadeOut">
						<Alpha fromAlpha="1" toAlpha="0" duration=".5" order="1"/>
						<Scripts>
							<OnFinished>
								self:GetParent():Hide();
								self:GetParent():SetAlpha(1);
							</OnFinished>
						</Scripts>
					</AnimationGroup>
				</Animations>
				<Frames>
					<Frame parentKey="Encounter1" parentArray="Encounters" inherits="GarrisonShipMissionCompleteEnemyTemplate"/>
					<Frame parentKey="Encounter2" parentArray="Encounters" inherits="GarrisonShipMissionCompleteEnemyTemplate">
						<Anchors>
							<Anchor point="LEFT" relativeKey="$parent.Encounter1" relativePoint="RIGHT" x="17" y="0"/>
						</Anchors>
					</Frame>
					<Frame parentKey="Encounter3" parentArray="Encounters" inherits="GarrisonShipMissionCompleteEnemyTemplate">
						<Anchors>
							<Anchor point="LEFT" relativeKey="$parent.Encounter2" relativePoint="RIGHT" x="17" y="0"/>
						</Anchors>
					</Frame>
				</Frames>
			</Frame>
			<Frame parentKey="FollowersFrame" frameLevel="3">
				<Size x="556" y="285"/>
				<Anchors>
					<Anchor point="TOP"/>
				</Anchors>
				<Animations>
					<AnimationGroup parentKey="FadeIn" setToFinalAlpha="true">
						<Alpha fromAlpha="0" toAlpha="1" duration=".5" order="1"/>
					</AnimationGroup>
				</Animations>
				<Frames>
					<Frame parentKey="Follower1" parentArray="Followers" inherits="GarrisonShipMissionCompleteFollowerTemplate">
						<Anchors>
							<Anchor point="LEFT" relativePoint="TOPLEFT" x="33" y="-106"/>
						</Anchors>
					</Frame>
					<Frame parentKey="Follower2" parentArray="Followers" inherits="GarrisonShipMissionCompleteFollowerTemplate">
						<Anchors>
							<Anchor point="LEFT" relativeKey="$parent.Follower1" relativePoint="RIGHT" x="17"/>
						</Anchors>
					</Frame>
					<Frame parentKey="Follower3" parentArray="Followers" inherits="GarrisonShipMissionCompleteFollowerTemplate">
						<Anchors>
							<Anchor point="LEFT" relativeKey="$parent.Follower2" relativePoint="RIGHT" x="17"/>
						</Anchors>
					</Frame>
				</Frames>
			</Frame>
			<Frame parentKey="MissionInfo" frameLevel="3">
				<Size x="556" y="285"/>
				<Anchors>
					<Anchor point="TOP"/>
				</Anchors>
				<Layers>
					<Layer level="ARTWORK">
						<Texture atlas="ShipMission_LocationCover-Side" useAtlasSize="true">
							<Anchors>
								<Anchor point="TOPLEFT"/>
								<Anchor point="BOTTOMLEFT"/>
							</Anchors>
						</Texture>
						<Texture atlas="ShipMission_LocationCover-Side" useAtlasSize="true">
							<Anchors>
								<Anchor point="TOPRIGHT"/>
								<Anchor point="BOTTOMRIGHT"/>
							</Anchors>
							<TexCoords left="1.0" right="0.0" top="0.0" bottom="1.0"/>
						</Texture>
						<Texture atlas="_ShipMission_LocationCover-Bottom" useAtlasSize="true" horizTile="true">
							<Anchors>
								<Anchor point="BOTTOMLEFT" y="-17"/>
								<Anchor point="BOTTOMRIGHT" y="-17"/>
							</Anchors>
						</Texture>
					</Layer>
					<Layer level="OVERLAY" textureSubLevel="3">
						<Texture parentKey="Header">
							<Anchors>
								<Anchor point="TOPLEFT" x="0" y="0"/>
								<Anchor point="BOTTOMRIGHT" relativePoint="TOPRIGHT" x="0" y="-66"/>
							</Anchors>
							<Color r="0" g="0" b="0" a=".35"/>
						</Texture>
					</Layer>
					<Layer level="OVERLAY" textureSubLevel="4">
						<Texture parentKey="IconBG" atlas="ShipMission_IconLevelBG" useAtlasSize="true">
							<Anchors>
								<Anchor point="TOPLEFT" y="-1"/>
							</Anchors>
							<Color r="0" g="0" b="0" a="0.55"/>
						</Texture>
					</Layer>
					<Layer level="OVERLAY" textureSubLevel="5">
						<Texture parentKey="MissionType" atlas="ShipMissionIcon-Combat-Mission" useAtlasSize="true">
							<Anchors>
								<Anchor point="TOPLEFT" x="12" y="-2"/>
							</Anchors>
						</Texture>
						<FontString parentKey="Title" inherits="QuestFont_Super_Huge" justifyH="LEFT" maxLines="1">
							<Size x="430" y="0"/>
							<Shadow>
								<Offset x="1" y="-1"/>
							</Shadow>
							<Anchors>
								<Anchor point="LEFT" relativeKey="$parent.Header" x="98" y="0"/>
							</Anchors>
							<Color r="1" g="1" b="1"/>
						</FontString>
					</Layer>
					<Layer level="OVERLAY" textureSubLevel="6">
						<Texture atlas="_ShipMission_TopBorder" useAtlasSize="true" horizTile="true">
							<Anchors>
								<Anchor point="TOPLEFT" x="20" y="4"/>
								<Anchor point="TOPRIGHT" x="-20" y="4"/>
							</Anchors>
						</Texture>
					</Layer>
					<Layer level="OVERLAY" textureSubLevel="7">
						<Texture atlas="ShipMission_TopBorderCorner" useAtlasSize="true">
							<Anchors>
								<Anchor point="TOPLEFT" x="-5" y="4"/>
							</Anchors>
						</Texture>
						<Texture atlas="ShipMission_TopBorderCorner" useAtlasSize="true">
							<Anchors>
								<Anchor point="TOPRIGHT" x="4" y="4"/>
							</Anchors>
							<TexCoords left="1.0" right="0.0" top="0.0" bottom="1.0"/>
						</Texture>
					</Layer>
				</Layers>
			</Frame>
		</Frames>
	</Frame>

	<Frame name="FogFrameTemplate" hidden="true" virtual="true" frameLevel="4">
		<Size x="452" y="306"/>
		<Layers>
			<Layer level="OVERLAY" textureSubLevel="1">
				<Texture parentKey="FogTexture" atlas="NavalMap-OpenWaters-Fog" useAtlasSize="true">
					<Anchors>
						<Anchor point="CENTER"/>
					</Anchors>
				</Texture>
			</Layer>

			<Layer level="ARTWORK">
				<Texture parentKey="HighlightAnimTexture" hidden="false" alpha="0.01" alphaMode="BLEND" atlas="NavalMap-OpenWaters-Highlight" useAtlasSize="true">
					<Anchors>
						<Anchor point="CENTER" relativeKey="$parent.None"/>
					</Anchors>
				</Texture>
			</Layer>
			<Layer level="OVERLAY">
				<Texture parentKey="FogAnimTexture" hidden="false" alpha="0.01" alphaMode="BLEND" atlas="NavalMap-OpenWaters-Fog" useAtlasSize="true">
					<Anchors>
						<Anchor point="CENTER" relativeKey="$parent.None"/>
					</Anchors>
				</Texture>
				<Texture parentKey="HighlightGlowAnimTexture" hidden="false" alpha="0.01" alphaMode="ADD" atlas="NavalMap-OpenWaters-Highlight" useAtlasSize="true">
					<Anchors>
						<Anchor point="CENTER" relativeKey="$parent.None"/>
					</Anchors>
				</Texture>
			</Layer>
		</Layers>
		<Animations>
			<AnimationGroup parentKey="MapFogFadeOutAnim" setToFinalAlpha="true">
				<Scale parentKey="ScaleAnim" childKey="FogAnimTexture" duration="0.5" order="1" fromScaleX="1" fromScaleY="1" toScaleX="1.2" toScaleY="1.2">
					<Origin point="TOPLEFT">
						<Offset x="0" y="0"/>
					</Origin>
				</Scale>
				<Alpha childKey="HighlightAnimTexture" duration="0.15" order="1" fromAlpha="0" toAlpha="1"/>
				<Alpha childKey="HighlightAnimTexture" duration="1" order="1" fromAlpha="1" toAlpha="0"/>
				<Alpha childKey="FogAnimTexture" duration="1" order="1" fromAlpha="1" toAlpha="0"/>
				<Alpha childKey="HighlightGlowAnimTexture" duration="0.25" order="1" fromAlpha="0" toAlpha="0.75"/>
				<Alpha childKey="HighlightGlowAnimTexture" startDelay="0.25" duration="1" order="1" fromAlpha="0.75" toAlpha="0"/>
				<Scripts>
					<OnFinished function="GarrisonShipyardMap_ResetFogFrame"/>
				</Scripts>
			</AnimationGroup>
		</Animations>
		<Scripts>
			<OnUpdate function="GarrisonShipyardMap_OnFogFrameUpdate"/>
		</Scripts>
	</Frame>

	<Button name="GarrisonShipTraitTemplate" virtual="true">
		<Size x="70" y="92"/>
		<Layers>
			<Layer level="OVERLAY" textureSubLevel="0">
				<Texture parentKey="Portrait">
					<Size x="64" y="64"/>
					<Anchors>
						<Anchor point="TOP" x="0" y="-24"/>
					</Anchors>
				</Texture>
			</Layer>
			<Layer level="OVERLAY" textureSubLevel="1">
				<Texture parentKey="Border" atlas="ShipMission_ShipFollower-TypeFrame" useAtlasSize="true">
					<Anchors>
						<Anchor point="CENTER" relativeKey="$parent.Portrait"/>
					</Anchors>
				</Texture>
			</Layer>
		</Layers>
		<Frames>
			<Frame parentKey="Counter" inherits="GarrisonMissionLargeMechanicTemplate" hidden="true">
				<Anchors>
					<Anchor point="TOP" relativeKey="$parent.Border" relativePoint="BOTTOM" x="0" y="-5"/>
				</Anchors>
			</Frame>
		</Frames>
		<Scripts>
			<OnClick function="GarrisonShipTrait_OnClick"/>
			<OnEnter function="GarrisonShipTrait_OnEnter"/>
			<OnLeave function="GarrisonShipTrait_OnHide"/>
		</Scripts>
	</Button>

	<Button name="GarrisonShipEquipmentTemplate" inherits="GarrisonEquipmentTemplate" virtual="true">
		<Layers>
			<Layer level="BACKGROUND">
				<Texture parentKey="BG" atlas="ShipMission_ShipFollower-EquipmentBG" useAtlasSize="true">
					<Anchors>
						<Anchor point="TOPLEFT"/>
					</Anchors>
				</Texture>
			</Layer>
			<Layer level="BORDER" textureSubLevel="1">
				<Texture parentKey="Border" atlas="ShipMission_ShipFollower-EquipmentFrame" useAtlasSize="true">
					<Anchors>
						<Anchor point="TOPLEFT"/>
					</Anchors>
				</Texture>
			</Layer>
		</Layers>
		<Scripts>
			<OnClick function="GarrisonShipEquipment_OnClick"/>
			<OnEnter function="GarrisonShipEquipment_OnEnter"/>
			<OnLeave function="GarrisonShipEquipment_OnHide"/>
			<OnReceiveDrag function="GarrisonShipEquipment_OnReceiveDrag"/>
		</Scripts>
	</Button>

	<Frame name="GarrisonShipyardFollowerTabTemplate" inherits="GarrisonBaseInfoBoxTemplate" virtual="true">
		<Size x="580" y="565"/>
		<Anchors>
			<Anchor point="TOPRIGHT" x="-35" y="-64"/>
		</Anchors>
		<Layers>
			<Layer level="BORDER" textureSubLevel="4">
				<Texture atlas="_Garr_InfoBoxBorder-Top" horizTile="true" useAtlasSize="true">
					<Anchors>
						<Anchor point="BOTTOMLEFT"/>
						<Anchor point="BOTTOMRIGHT"/>
					</Anchors>
					<TexCoords left="0.0" right="1.0" top="1.0" bottom="0.0"/>
				</Texture>
			</Layer>
			<Layer level="BORDER" textureSubLevel="5">
				<Texture atlas="Garr_InfoBoxBorder-Corner" useAtlasSize="true">
					<Anchors>
						<Anchor point="BOTTOMLEFT"/>
					</Anchors>
					<TexCoords left="0.0" right="1.0" top="1.0" bottom="0.0"/>
				</Texture>
				<Texture atlas="Garr_InfoBoxBorder-Corner" useAtlasSize="true">
					<Anchors>
						<Anchor point="BOTTOMRIGHT"/>
					</Anchors>
					<TexCoords left="1.0" right="0.0" top="1.0" bottom="0.0"/>
				</Texture>
			</Layer>
			<Layer level="BORDER" textureSubLevel="3">
				<Texture parentKey="HeaderBG" atlas="GarrMission_FollowerPageHeaderBG">
					<Anchors>
						<Anchor point="TOPLEFT" y="-5"/>
						<Anchor point="BOTTOMRIGHT" relativePoint="TOPRIGHT" y="-99"/>
					</Anchors>
				</Texture>
			</Layer>
			<Layer level="ARTWORK">
				<FontString parentKey="NumFollowers" inherits="GameFontNormalMed3" justifyH="LEFT">
					<Anchors>
						<Anchor point="BOTTOMLEFT" relativePoint="TOPLEFT" y="12"/>
					</Anchors>
				</FontString>
				<FontString parentKey="XPLabel" inherits="GameFontHighlight" justifyH="RIGHT" text="GARRISON_FOLLOWER_XP_STRING">
					<Anchors>
						<Anchor point="BOTTOMRIGHT" relativePoint="TOPRIGHT" x="-12" y="-68"/>
					</Anchors>
				</FontString>
				<FontString parentKey="XPText" inherits="GameFontHighlightLarge2" justifyH="RIGHT">
					<Anchors>
						<Anchor point="BOTTOMRIGHT" relativeKey="$parent.XPLabel" relativePoint="TOPRIGHT" x="0" y="2"/>
					</Anchors>
				</FontString>
				<Texture parentKey="Portrait" atlas="Ships_CargoShip-List" useAtlasSize="true">
					<Anchors>
						<Anchor point="TOPLEFT" relativeKey="$parent.HeaderBG" x="10" y="-6"/>
					</Anchors>
				</Texture>
				<FontString parentKey="BoatName" inherits="GameFontHighlightLarge2" justifyH="LEFT" text="Carrier">
					<Size x="334" y="18"/>
					<Anchors>
						<Anchor point="LEFT" relativeKey="$parent.Portrait" relativePoint="RIGHT" x="-19" y="15"/>
					</Anchors>
				</FontString>
				<FontString parentKey="BoatType" inherits="GameFontDisable" justifyH="LEFT" text="Transport">
					<Anchors>
						<Anchor point="TOPLEFT" relativeKey="$parent.BoatName" relativePoint="BOTTOMLEFT" x="14" y="-2"/>
					</Anchors>
				</FontString>
			</Layer>
			<Layer level="ARTWORK" textureSubLevel="1">
				<Texture parentKey="Quality" atlas="ShipMission_BoatRarity-Epic" useAtlasSize="true">
					<Anchors>
						<Anchor point="BOTTOMLEFT" relativeKey="$parent.HeaderBG" x="10" y="9"/>
					</Anchors>
				</Texture>
			</Layer>
		</Layers>
		<Frames>
			<Frame parentKey="QualityFrame">
				<Size x="10" y="10"/>
				<Anchors>
					<Anchor point="TOPLEFT" x="20" y="-90"/>
				</Anchors>
				<Layers>
					<Layer level="OVERLAY">
						<FontString parentKey="Text" inherits="GameFontHighlight" justifyH="LEFT">
							<Anchors>
								<Anchor point="TOPLEFT"/>
							</Anchors>
						</FontString>
					</Layer>
				</Layers>
			</Frame>
			<StatusBar parentKey="XPBar" inherits="GarrisonFollowerXPBarTemplate" enableMouse="true">
				<Size x="520" y="9"/>
				<Anchors>
					<Anchor point="BOTTOMRIGHT" relativeKey="$parent.HeaderBG" x="-12" y="15"/>
				</Anchors>
				<Layers>
					<Layer level="HIGHLIGHT">
						<FontString parentKey="Label" inherits="NumberFontNormalLarge">
							<Anchors>
								<Anchor point="CENTER"/>
							</Anchors>
						</FontString>
					</Layer>
				</Layers>
			</StatusBar>
			<CinematicModel parentKey="Model" inherits="ModelTemplate">
				<Size x="570" y="340"/>
				<Anchors>
					<Anchor point="TOP" x="0" y="-94"/>
				</Anchors>
				<Layers>
					<Layer level="BACKGROUND">
						<Texture atlas="GarrFollower-Shadow" useAtlasSize="true">
							<Anchors>
								<Anchor point="BOTTOM" x="0" y="-35"/>
							</Anchors>
						</Texture>
					</Layer>
				</Layers>
				<Scripts>
					<OnModelLoaded>
						self:SetAlpha(1);
						GarrisonMission_SetFollowerModelItems(self);
					</OnModelLoaded>
				</Scripts>
			</CinematicModel>
			<Button parentKey="Trait1" parentArray="Traits" inherits="GarrisonShipTraitTemplate">
				<Anchors>
					<Anchor point="BOTTOMLEFT" x="70" y="59"/>
				</Anchors>
				<Layers>
					<Layer level="OVERLAY" textureSubLevel="0">
						<FontString parentKey="Name" inherits="GameFontNormalMed1" text="GARRISON_SHIPYARD_FOLLOWER_TYPE">
							<Anchors>
								<Anchor point="TOP"/>
							</Anchors>
						</FontString>
					</Layer>
				</Layers>
			</Button>
			<Button parentKey="Trait2" parentArray="Traits" inherits="GarrisonShipTraitTemplate">
				<Anchors>
					<Anchor point="LEFT" relativeKey="$parent.Trait1" relativePoint="RIGHT" x="20" y="0"/>
				</Anchors>
				<Layers>
					<Layer level="OVERLAY" textureSubLevel="0">
						<FontString parentKey="Name" inherits="GameFontNormalMed1" text="GARRISON_SHIPYARD_FOLLOWER_CREW">
							<Anchors>
								<Anchor point="TOP"/>
							</Anchors>
						</FontString>
					</Layer>
				</Layers>
			</Button>
			<Frame parentKey="EquipmentFrame" mixin="GarrisonAbilitiesFrameMixin">
				<Size x="196" y="96"/>
				<Anchors>
					<Anchor point="BOTTOMLEFT" x="300" y="55"/>
				</Anchors>
				<Layers>
					<Layer level="OVERLAY">
						<FontString parentKey="EquipmentTitle" inherits="GameFontNormalMed1" text="GARRISON_SHIPYARD_FOLLOWER_EQUIPMENT_SLOTS">
							<Anchors>
								<Anchor point="TOP"/>
							</Anchors>
						</FontString>
					</Layer>
				</Layers>
				<Frames>
					<Button parentKey="Equipment1" parentArray="Equipment" inherits="GarrisonShipEquipmentTemplate">
						<Anchors>
							<Anchor point="BOTTOMLEFT"/>
						</Anchors>
						<KeyValues>
							 <KeyValue key="quality" value="rare" type="string"/>
						</KeyValues>
						<Layers>
							<Layer level="OVERLAY" textureSubLevel="1">
								<Texture parentKey="Lock" atlas="ShipMission_ShipFollower-Lock-Rare" useAtlasSize="true">
									<Anchors>
										<Anchor point="CENTER"/>
									</Anchors>
								</Texture>
							</Layer>
						</Layers>
					</Button>
					<Button parentKey="Equipment2" parentArray="Equipment" inherits="GarrisonShipEquipmentTemplate">
						<Anchors>
							<Anchor point="LEFT" relativeKey="$parent.Equipment1" relativePoint="RIGHT" x="30"/>
						</Anchors>
						<KeyValues>
							 <KeyValue key="quality" value="epic" type="string"/>
						</KeyValues>
						<Layers>
							<Layer level="OVERLAY" textureSubLevel="1">
								<Texture parentKey="Lock" atlas="ShipMission_ShipFollower-Lock-Epic" useAtlasSize="true">
									<Anchors>
										<Anchor point="CENTER"/>
									</Anchors>
								</Texture>
							</Layer>
						</Layers>
					</Button>
				</Frames>
			</Frame>
			<Frame parentKey="ThreatCountersFrame" inherits="GarrisonThreatCountersFrameTemplate" hidden="true">
				<Anchors>
					<Anchor point="TOPRIGHT" x="-12" y="30"/>
				</Anchors>
				<Scripts>
					<OnLoad>GarrisonThreatCountersFrame_OnLoad(self, LE_FOLLOWER_TYPE_SHIPYARD_6_2, GARRISON_SHIPYARD_THREAT_COUNTER_TOOLTIP);</OnLoad>
				</Scripts>
			</Frame>
		</Frames>
	</Frame>

	<Frame name="GarrisonShipyardFrame" inherits="GarrisonMissionFrameTemplate" mixin="GarrisonMission,GarrisonShipyardMission">
		<Size x="962" y="662"/>
		<Anchors>
			<Anchor point="CENTER"/>
		</Anchors>
		<KeyValues>
			<KeyValue key="followerTypeID" value="LE_FOLLOWER_TYPE_SHIPYARD_6_2" type="global"/>
		</KeyValues>
		<Layers>
			<Layer level="BACKGROUND" textureSubLevel="-1">
				<Texture parentKey="BackgroundTile" atlas="Garr_WoodFrame-BackgroundTile" horizTile="true" vertTile="true">
					<Anchors>
						<Anchor point="TOPLEFT"/>
						<Anchor point="BOTTOMRIGHT"/>
					</Anchors>
				</Texture>
			</Layer>
		</Layers>
		<Frames>

			<!-- Naval Map tab button -->
			<Button name="$parentTab1" inherits="GarrisonMissionFrameTabTemplate" id="1" text="GARRISON_NAVAL_MAP">
				<Anchors>
					<Anchor point="BOTTOMLEFT" x="11" y="-42"/>
				</Anchors>
			</Button>

			<!-- Fleet tab button -->
			<Button name="$parentTab2" inherits="GarrisonMissionFrameTabTemplate" id="2" text="GARRISON_FLEET" motionScriptsWhileDisabled="true">
				<Anchors>
					<Anchor point="LEFT" relativeTo="$parentTab1" relativePoint="RIGHT" x="-5" y="0"/>
				</Anchors>
				<Scripts>
					<OnEnter>
						if (self.isDisabled) then
							GameTooltip:SetOwner(self, "ANCHOR_RIGHT");
							GameTooltip:SetText(GARRISON_SHIPYARD_NO_SHIPS_TOOLTIP, nil, nil, nil, nil, true);
							GameTooltip:Show();
						else
							GarrisonMissionFrameTab_OnEnter(self);
						end
					</OnEnter>
					<OnLeave>
						GarrisonMissionFrameTab_OnLeave(self);
						GameTooltip_Hide(self);
					</OnLeave>
				</Scripts>
			</Button>

			<!-- List of ships -->
			<Frame parentKey="FollowerList" name="$parentFollowers" inherits="GarrisonShipFollowerListTemplateHeader" hidden="true" mixin="GarrisonFollowerList, GarrisonShipyardFollowerList">
				<Size x="305" y="535"/>
				<Anchors>
					<Anchor point="TOPLEFT" x="33" y="-64"/>
				</Anchors>
				<KeyValues>
					 <KeyValue key="showUncollected" value="false" type="boolean"/>
					 <KeyValue key="canCastSpellsOnFollowers" value="true" type="boolean"/>
					 <KeyValue key="showCounters" value="true" type="boolean"/>
					 <KeyValue key="canExpand" value="false" type="boolean"/>
				</KeyValues>
				<Anchors>
					<Anchor point="TOPLEFT" x="33" y="-64"/>
				</Anchors>
				<Frames>
					<Frame parentKey="MaterialFrame" inherits="MaterialFrameTemplate">
						<Size x="316" y="43"/>
						<KeyValues>
							<KeyValue key="currencyType" value="1101" type="number"/>
						</KeyValues>
						<Anchors>
							<Anchor point="TOP" relativePoint="BOTTOM" y="8"/>
						</Anchors>
						<Scripts>
							<OnLoad>
								self.Icon:SetAtlas("ShipMission_CurrencyIcon-Oil", false);
							</OnLoad>
						</Scripts>
					</Frame>
					<EditBox parentKey="SearchBox" inherits="SearchBoxTemplate" letters="40">
						<Size x="236" y="20"/>
						<Anchors>
							<Anchor point="TOPLEFT" relativeKey="$parent.HeaderLeft" x="17" y="-10"/>
						</Anchors>
						<Scripts>
							<OnTextChanged function="GarrisonFollowListEditBox_OnTextChanged"/>
						</Scripts>
					</EditBox>
					<Frame name="GarrisonShipyardFollowerOptionDropDown" inherits="UIDropDownMenuTemplate">
						<Scripts>
							<OnLoad>
								UIDropDownMenu_Initialize(self, GarrisonShipOptionsMenu_Initialize, "MENU");
							</OnLoad>
						</Scripts>
					</Frame>
				</Frames>
				<Scripts>
					<OnShow method="OnShow"/>
					<OnHide method="OnHide"/>
					<OnEvent method="OnEvent"/>
				</Scripts>
			</Frame>

			<!-- Naval Map tab frame -->
			<Frame parentKey="MissionTab" setAllPoints="true" useParentLevel="true">
				<Frames>
					<Frame parentKey="MissionList" setAllPoints="true" mixin="GarrisonShipyardMissionListMixin" useParentLevel="true">
						<Layers>
							<Layer level="BACKGROUND" textureSubLevel="0">
								<Texture parentKey="MapTexture" atlas="NavalMap01" useAtlasSize="true">
									<Anchors>
										<Anchor point="CENTER"/>
									</Anchors>
								</Texture>
							</Layer>
						</Layers>
						<Frames>

							<!-- Fog overlays -->
							<Frame parentKey="FogFrame1" parentArray="FogFrames" inherits="FogFrameTemplate"/>
							<Frame parentKey="FogFrame2" parentArray="FogFrames" inherits="FogFrameTemplate"/>
							<Frame parentKey="FogFrame3" parentArray="FogFrames" inherits="FogFrameTemplate"/>

							<Frame parentKey="CompleteDialog" enableMouse="true" hidden="true" frameLevel="5">
								<Size x="956" y="637"/>
								<Anchors>
									<Anchor point="TOPLEFT" x="2" y="-22"/>
								</Anchors>
								<Layers>
									<Layer level="BACKGROUND">
										<Texture setAllPoints="true">
											<Color r="0" g="0" b="0" a="0.8"/>
										</Texture>
									</Layer>
								</Layers>
								<Frames>
									<Frame parentKey="BorderFrame" inherits="GarrisonShipyardMissionPageBaseTemplate, GarrisonMissionCompleteDialogTemplate, GarrisonShipyardTopBorderTemplate">
										<Scripts>
											<OnLoad>
												self.Model.Title:SetText(GARRISON_SHIPYARD_MISSION_REPORT);
											</OnLoad>
										</Scripts>
									</Frame>
								</Frames>
							</Frame>
						</Frames>
						<Scripts>
							<OnLoad function="GarrisonShipyardMap_OnLoad"/>
							<OnEvent function="GarrisonShipyardMap_OnEvent"/>
							<OnShow function="GarrisonShipyardMap_OnShow"/>
							<OnHide function="GarrisonShipyardMap_OnHide"/>
							<OnUpdate function="GarrisonShipyardMap_OnUpdate"/>
						</Scripts>
					</Frame>
					<Button parentKey="MissionPage" inherits="ShipyardMissionPageTemplate" mixin="GarrisonMissionPageMixin" hidden="true">
						<Frames>
							<Frame parentKey="Enemy1" parentArray="Enemies" inherits="GarrisonShipMissionEnemyTemplate">
								<Anchors>
									<Anchor point="TOPLEFT" x="31" y="-83"/>
								</Anchors>
							</Frame>
							<Frame parentKey="Enemy2" parentArray="Enemies" inherits="GarrisonShipMissionEnemyTemplate">
								<Anchors>
									<Anchor point="LEFT" relativeKey="$parent.Enemy1" relativePoint="RIGHT" x="17"/>
								</Anchors>
							</Frame>
							<Frame parentKey="Enemy3" parentArray="Enemies" inherits="GarrisonShipMissionEnemyTemplate">
								<Anchors>
									<Anchor point="LEFT" relativeKey="$parent.Enemy2" relativePoint="RIGHT" x="17"/>
								</Anchors>
							</Frame>
							<Frame parentKey="Follower1" parentArray="Followers" inherits="GarrisonShipMissionFollowerTemplate">
								<Anchors>
									<Anchor point="TOPLEFT" x="31" y="-206"/>
								</Anchors>
							</Frame>
							<Frame parentKey="Follower2" parentArray="Followers" inherits="GarrisonShipMissionFollowerTemplate">
								<Anchors>
									<Anchor point="LEFT" relativeKey="$parent.Follower1" relativePoint="RIGHT" x="17"/>
								</Anchors>
							</Frame>
							<Frame parentKey="Follower3" parentArray="Followers" inherits="GarrisonShipMissionFollowerTemplate">
								<Anchors>
									<Anchor point="LEFT" relativeKey="$parent.Follower2" relativePoint="RIGHT" x="17"/>
								</Anchors>
							</Frame>
						</Frames>
						<Scripts>
							<OnLoad function="GarrisonShipyardMissionPage_OnLoad"/>
							<OnEvent function="GarrisonShipyardMissionPage_OnEvent"/>
							<OnShow function="GarrisonShipyardMissionPage_OnShow"/>
							<OnHide function="GarrisonShipyardMissionPage_OnHide"/>
							<OnUpdate function="GarrisonShipyardMissionPage_OnUpdate"/>
							<OnClick>
								self.CloseButton:Click();
							</OnClick>
						</Scripts>
					</Button>
					<!-- TODO need all 6? -->
					<PlayerModel parentArray="MissionCompletePreloadModels" inherits="MissionCompletePreloadModelTemplate"/>
					<PlayerModel parentArray="MissionCompletePreloadModels" inherits="MissionCompletePreloadModelTemplate"/>
					<PlayerModel parentArray="MissionCompletePreloadModels" inherits="MissionCompletePreloadModelTemplate"/>
					<PlayerModel parentArray="MissionCompletePreloadModels" inherits="MissionCompletePreloadModelTemplate"/>
					<PlayerModel parentArray="MissionCompletePreloadModels" inherits="MissionCompletePreloadModelTemplate"/>
					<PlayerModel parentArray="MissionCompletePreloadModels" inherits="MissionCompletePreloadModelTemplate"/>
				</Frames>
			</Frame>

			<!-- Fleet tab frame -->
			<Frame parentKey="FollowerTab" inherits="GarrisonShipyardFollowerTabTemplate" mixin="GarrisonShipyardFollowerTabMixin" hidden="true"/>

			<!-- Mission Complete Frames -->
			<Frame parentKey="MissionCompleteBackground" enableMouse="true" frameStrata="HIGH" hidden="true">
				<Size x="956" y="637"/>
				<Anchors>
					<Anchor point="TOPLEFT" x="2" y="-22"/>
				</Anchors>
				<Layers>
					<Layer level="BACKGROUND">
						<Texture setAllPoints="true">
							<Color r="0" g="0" b="0" a="0.8"/>
						</Texture>
					</Layer>
				</Layers>
			</Frame>
			<Frame parentKey="MissionComplete" inherits="GarrisonShipyardMissionPageBaseTemplate, GarrisonMissionCompleteTemplate" frameStrata="HIGH" hidden="true" mixin="GarrisonShipyardMissionComplete">
				<Frames>
					<Frame parentKey="Stage" inherits="GarrisonShipyardMissionCompleteStageTemplate">
						<Anchors>
							<Anchor point="TOP"/>
						</Anchors>
					</Frame>
					<Frame parentKey="BonusRewards" inherits="GarrisonShipyardMissionRewardsFrameTemplate, GarrisonMissionBonusRewardsTemplate">
						<Anchors>
							<Anchor point="BOTTOM" y="40"/>
						</Anchors>
					</Frame>
					<Frame parentKey="ChanceFrame" inherits="GarrisonMissionChanceFrameTemplate">
						<Anchors>
							<Anchor point="BOTTOM" relativeKey="$parent.BonusRewards" relativePoint="TOP" x="0" y="0"/>
						</Anchors>
					</Frame>
				</Frames>
			</Frame>

			<!-- Border frame contains the wooden frame around the dialog. This needs to be a separate frame
			     for the shipyard UI so that we can raise the frame level above the fog -->
			<Frame parentKey="BorderFrame" inherits="GarrisonUITemplate" setAllPoints="true" frameLevel="5">
				<Frames>
					<Button parentKey="CloseButton2" inherits="UIPanelCloseButtonNoScripts">
						<Anchors>
							<Anchor point="TOPRIGHT" relativePoint="TOPRIGHT">
								<Offset x="4" y="5"/>
							</Anchor>
						</Anchors>
						<Scripts>
							<OnClick>
								HideUIPanel(self:GetParent():GetParent());
							</OnClick>
						</Scripts>
					</Button>
				</Frames>
				<Scripts>
					<OnLoad>
						self.CloseButton:Hide();
						self.BackgroundTile:Hide();
					</OnLoad>
				</Scripts>
			</Frame>

		</Frames>
	</Frame>

</Ui>
