<Ui xmlns="http://www.blizzard.com/wow/ui/" xmlns:xsi="http://www.w3.org/2001/XMLSchema-instance" xsi:schemaLocation="http://www.blizzard.com/wow/ui/
..\..\FrameXML\UI.xsd">
	<Script file="Blizzard_Calendar.lua"/>
	<Include file="Blizzard_CalendarTemplates.xml"/>

	<!-- CalendarFrame -->
	<!-- This is the main Calendar frame, parent of all related Calendar frames. -->
	<Frame name="CalendarFrame" toplevel="true" parent="UIParent" enableMouse="true" enableKeyboard="true" frameStrata="HIGH" hidden="true">
		<Size x="659" y="624"/>
		<Anchors>
			<Anchor point="TOPLEFT" x="15" y="-80"/>
		</Anchors>
		<Layers>
			<Layer level="BORDER">
				<!-- top textures -->
				<Texture name="$parentTopLeftTexture" file="Interface\Calendar\CalendarFrame_TopAndBottom">
					<Size x="256" y="46"/>
					<Anchors>
						<Anchor point="TOPLEFT" x="0" y="0"/>
					</Anchors>
					<TexCoords left="0.0" right="1.0" top="0.00390625" bottom="0.16015625"/>
				</Texture>
				<Texture name="$parentTopMiddleTexture" file="Interface\Calendar\CalendarFrame_TopAndBottom">
					<Size x="256" y="46"/>
					<Anchors>
						<Anchor point="TOPLEFT" relativeTo="$parentTopLeftTexture" relativePoint="TOPRIGHT"/>
					</Anchors>
					<TexCoords left="0.0" right="1.0" top="0.16796875" bottom="0.32421875"/>
				</Texture>
				<Texture name="$parentTopRightTexture" file="Interface\Calendar\CalendarFrame_TopAndBottom">
					<Size x="147" y="30"/>
					<Anchors>
						<Anchor point="TOPLEFT" relativeTo="$parentTopMiddleTexture" relativePoint="TOPRIGHT" x="0" y="-16"/>
					</Anchors>
					<TexCoords left="0.0" right="0.57421875" top="0.328125" bottom="0.4296875"/>
				</Texture>
				<!-- left side textures -->
				<Texture name="$parentLeftTopTexture" file="Interface\Calendar\CalendarFrame_Sides">
					<Size x="12" y="256"/>
					<Anchors>
						<Anchor point="TOPLEFT" relativeTo="$parentTopLeftTexture" relativePoint="BOTTOMLEFT"/>
					</Anchors>
					<TexCoords left="0.0" right="0.09375" top="0.0" bottom="1.0"/>
				</Texture>
				<Texture name="$parentLeftMiddleTexture" file="Interface\Calendar\CalendarFrame_Sides">
					<Size x="12" y="256"/>
					<Anchors>
						<Anchor point="TOPLEFT" relativeTo="$parentLeftTopTexture" relativePoint="BOTTOMLEFT"/>
					</Anchors>
					<TexCoords left="0.09375" right="0.1875" top="0.0" bottom="1.0"/>
				</Texture>
				<Texture name="$parentLeftBottomTexture" file="Interface\Calendar\CalendarFrame_Sides">
					<Size x="11" y="62"/>
					<Anchors>
						<Anchor point="TOPLEFT" relativeTo="$parentLeftMiddleTexture" relativePoint="BOTTOMLEFT" x="2" y="0"/>
					</Anchors>
					<TexCoords left="0.1953125" right="0.28125" top="0.0" bottom="0.2421875"/>
				</Texture>
				<!-- right side textures -->
				<Texture name="$parentRightTopTexture" file="Interface\Calendar\CalendarFrame_Sides">
					<Size x="13" y="256"/>
					<Anchors>
						<Anchor point="TOPRIGHT" relativeTo="$parentTopRightTexture" relativePoint="BOTTOMRIGHT" x="0" y="0"/>
					</Anchors>
					<TexCoords left="0.296875" right="0.3984375" top="0.0" bottom="1.0"/>
				</Texture>
				<Texture name="$parentRightMiddleTexture" file="Interface\Calendar\CalendarFrame_Sides">
					<Size x="11" y="256"/>
					<Anchors>
						<Anchor point="TOPRIGHT" relativeTo="$parentRightTopTexture" relativePoint="BOTTOMRIGHT" x="0" y="0"/>
					</Anchors>
					<TexCoords left="0.3984375" right="0.484375" top="0.0" bottom="1.0"/>
				</Texture>
				<Texture name="$parentRightBottomTexture" file="Interface\Calendar\CalendarFrame_Sides">
					<Size x="11" y="62"/>
					<Anchors>
						<Anchor point="TOPRIGHT" relativeTo="$parentRightMiddleTexture" relativePoint="BOTTOMRIGHT"/>
					</Anchors>
					<TexCoords left="0.484375" right="0.5703125" top="0.0" bottom="0.2421875"/>
				</Texture>
				<!-- bottom textures -->
				<Texture name="$parentBottomLeftTexture" file="Interface\Calendar\CalendarFrame_TopAndBottom">
					<Size x="256" y="9"/>
					<Anchors>
						<Anchor point="TOPLEFT" relativeTo="$parentLeftBottomTexture" relativePoint="BOTTOMLEFT"/>
					</Anchors>
					<TexCoords left="0.0" right="1.0" top="0.43359375" bottom="0.46875"/>
				</Texture>
				<Texture name="$parentBottomMiddleTexture" file="Interface\Calendar\CalendarFrame_TopAndBottom">
					<Size x="256" y="9"/>
					<Anchors>
						<Anchor point="LEFT" relativeTo="$parentBottomLeftTexture" relativePoint="RIGHT"/>
					</Anchors>
					<TexCoords left="0.0" right="1.0" top="0.46875" bottom="0.50390625"/>
				</Texture>
				<Texture name="$parentBottomRightTexture" file="Interface\Calendar\CalendarFrame_TopAndBottom">
					<Size x="145" y="9"/>
					<Anchors>
						<Anchor point="LEFT" relativeTo="$parentBottomMiddleTexture" relativePoint="RIGHT"/>
					</Anchors>
					<TexCoords left="0.0" right="0.56640625" top="0.50390625" bottom="0.5390625"/>
				</Texture>
			</Layer>
			<Layer level="BACKGROUND">
				<Texture name="CalendarWeekday1Background" file="Interface\Calendar\CalendarBackground">
					<Size x="91" y="28"/>
					<Anchors>
						<Anchor point="TOPLEFT" relativeTo="$parentLeftTopTexture" relativePoint="TOPRIGHT"/>
					</Anchors>
				</Texture>
				<Texture name="CalendarWeekday2Background" file="Interface\Calendar\CalendarBackground">
					<Size x="91" y="28"/>
					<Anchors>
						<Anchor point="LEFT" relativeTo="CalendarWeekday1Background" relativePoint="RIGHT"/>
					</Anchors>
				</Texture>
				<Texture name="CalendarWeekday3Background" file="Interface\Calendar\CalendarBackground">
					<Size x="91" y="28"/>
					<Anchors>
						<Anchor point="LEFT" relativeTo="CalendarWeekday2Background" relativePoint="RIGHT"/>
					</Anchors>
				</Texture>
				<Texture name="CalendarWeekday4Background" file="Interface\Calendar\CalendarBackground">
					<Size x="91" y="28"/>
					<Anchors>
						<Anchor point="LEFT" relativeTo="CalendarWeekday3Background" relativePoint="RIGHT"/>
					</Anchors>
				</Texture>
				<Texture name="CalendarWeekday5Background" file="Interface\Calendar\CalendarBackground">
					<Size x="91" y="28"/>
					<Anchors>
						<Anchor point="LEFT" relativeTo="CalendarWeekday4Background" relativePoint="RIGHT"/>
					</Anchors>
				</Texture>
				<Texture name="CalendarWeekday6Background" file="Interface\Calendar\CalendarBackground">
					<Size x="91" y="28"/>
					<Anchors>
						<Anchor point="LEFT" relativeTo="CalendarWeekday5Background" relativePoint="RIGHT"/>
					</Anchors>
				</Texture>
				<Texture name="CalendarWeekday7Background" file="Interface\Calendar\CalendarBackground">
					<Size x="91" y="28"/>
					<Anchors>
						<Anchor point="LEFT" relativeTo="CalendarWeekday6Background" relativePoint="RIGHT"/>
					</Anchors>
				</Texture>
				<FontString name="CalendarWeekday1Name" inherits="GameFontNormal" justifyH="CENTER">
					<Anchors>
						<Anchor point="CENTER" relativeTo="CalendarWeekday1Background"/>
					</Anchors>
					<Color r="1.0" g="1.0" b="0.6039215686274509803921568627451"/>
				</FontString>
				<FontString name="CalendarWeekday2Name" inherits="GameFontNormal" justifyH="CENTER">
					<Anchors>
						<Anchor point="CENTER" relativeTo="CalendarWeekday2Background"/>
					</Anchors>
					<Color r="1.0" g="1.0" b="0.6039215686274509803921568627451"/>
				</FontString>
				<FontString name="CalendarWeekday3Name" inherits="GameFontNormal" justifyH="CENTER">
					<Anchors>
						<Anchor point="CENTER" relativeTo="CalendarWeekday3Background"/>
					</Anchors>
					<Color r="1.0" g="1.0" b="0.6039215686274509803921568627451"/>
				</FontString>
				<FontString name="CalendarWeekday4Name" inherits="GameFontNormal" justifyH="CENTER">
					<Anchors>
						<Anchor point="CENTER" relativeTo="CalendarWeekday4Background"/>
					</Anchors>
					<Color r="1.0" g="1.0" b="0.6039215686274509803921568627451"/>
				</FontString>
				<FontString name="CalendarWeekday5Name" inherits="GameFontNormal" justifyH="CENTER">
					<Anchors>
						<Anchor point="CENTER" relativeTo="CalendarWeekday5Background"/>
					</Anchors>
					<Color r="1.0" g="1.0" b="0.6039215686274509803921568627451"/>
				</FontString>
				<FontString name="CalendarWeekday6Name" inherits="GameFontNormal" justifyH="CENTER">
					<Anchors>
						<Anchor point="CENTER" relativeTo="CalendarWeekday6Background"/>
					</Anchors>
					<Color r="1.0" g="1.0" b="0.6039215686274509803921568627451"/>
				</FontString>
				<FontString name="CalendarWeekday7Name" inherits="GameFontNormal" justifyH="CENTER">
					<Anchors>
						<Anchor point="CENTER" relativeTo="CalendarWeekday7Background"/>
					</Anchors>
					<Color r="1.0" g="1.0" b="0.6039215686274509803921568627451"/>
				</FontString>
			</Layer>
			<Layer level="OVERLAY">
				<Texture name="CalendarMonthBackground" file="Interface\Calendar\CalendarBackground">
					<Size x="142" y="36"/>
					<Anchors>
						<Anchor point="TOP" x="-3" y="-1"/>
					</Anchors>
					<TexCoords left="0.0" right="0.5546875" top="0.828125" bottom="0.96875"/>
				</Texture>
				<FontString name="CalendarMonthName" inherits="GameFontHighlightLarge" justifyH="CENTER">
					<Anchors>
						<Anchor point="CENTER" relativeTo="CalendarMonthBackground"/>
					</Anchors>
				</FontString>
			</Layer>
			<Layer level="ARTWORK">
				<Texture name="CalendarYearBackground" file="Interface\Calendar\CalendarBackground">
					<Size x="47" y="24"/>
					<Anchors>
						<Anchor point="TOP" relativeTo="CalendarMonthBackground" relativePoint="BOTTOM" x="-2" y="13"/>
					</Anchors>
					<TexCoords left="0.0" right="0.5546875" top="0.828125" bottom="0.96875"/>
				</Texture>
				<FontString name="CalendarYearName" inherits="GameFontNormalSmall" justifyH="CENTER">
					<Anchors>
						<Anchor point="CENTER" relativeTo="CalendarYearBackground" x="0" y="-1"/>
					</Anchors>
				</FontString>
			</Layer>
			<Layer level="ARTWORK">
				<Texture name="CalendarLastDayDarkTexture" file="Interface\Calendar\CalendarShadows" hidden="true">
					<Size x="3" y="3"/>
					<!-- HACK: 0.01 was subtracted from the right to prevent texture seams	-->
					<TexCoords left="0.0" right="0.004859375" top="0.90234375" bottom="0.9140625"/>
				</Texture>
				<Texture name="CalendarWeekdaySelectedTexture" file="Interface\Calendar\Highlights" alphaMode="ADD" hidden="true">
					<Size x="85" y="21"/>
					<TexCoords left="0.0" right="0.33203125" top="0.6953125" bottom="0.859375"/>
				</Texture>
			</Layer>
		</Layers>
		<Frames>
			<Frame name="CalendarTodayFrame" hidden="true">
				<Size x="145" y="140"/>
				<Anchors>
					<Anchor point="CENTER"/>
				</Anchors>
				<Layers>
					<Layer level="OVERLAY">
						<Texture name="CalendarTodayTextureGlow" file="Interface\Calendar\CurrentDay" alphaMode="ADD">
							<Size x="112" y="130"/>
							<Anchors>
								<Anchor point="CENTER" x="2" y="15"/>
							</Anchors>
							<TexCoords left="0.5625" right="1" top="0" bottom="0.5078125"/>
						</Texture>
					</Layer>
					<Layer level="BORDER">
						<Texture name="CalendarTodayTexture" file="Interface\Calendar\CurrentDay">
							<Size x="145" y="140"/>
							<TexCoords left="0.0078125" right="0.57421875" top="0.0390625" bottom="0.5859375"/>
						</Texture>
					</Layer>
				</Layers>
				<Scripts>
					<OnLoad>
						self.timer = 0;
						self.fadeTime = 1.5;
						self.fadein = true;
					</OnLoad>
					<OnUpdate function="CalendarTodayFrame_OnUpdate"/>
				</Scripts>
			</Frame>
			<Button name="CalendarPrevMonthButton">
				<Size x="32" y="32"/>
				<Anchors>
					<Anchor point="RIGHT" relativeTo="CalendarMonthBackground" relativePoint="LEFT" x="0" y="-1"/>
				</Anchors>
				<Scripts>
					<OnClick function="CalendarPrevMonthButton_OnClick"/>
				</Scripts>
				<NormalTexture file="Interface\Buttons\UI-SpellbookIcon-PrevPage-Up"/>
				<PushedTexture file="Interface\Buttons\UI-SpellbookIcon-PrevPage-Down"/>
				<DisabledTexture file="Interface\Buttons\UI-SpellbookIcon-PrevPage-Disabled"/>
				<HighlightTexture file="Interface\Buttons\UI-Common-MouseHilight" alphaMode="ADD"/>
			</Button>
			<Button name="CalendarNextMonthButton">
				<Size x="32" y="32"/>
				<Anchors>
					<Anchor point="LEFT" relativeTo="CalendarMonthBackground" relativePoint="RIGHT" x="0" y="-1"/>
				</Anchors>
				<Scripts>
					<OnClick function="CalendarNextMonthButton_OnClick"/>
				</Scripts>
				<NormalTexture file="Interface\Buttons\UI-SpellbookIcon-NextPage-Up"/>
				<PushedTexture file="Interface\Buttons\UI-SpellbookIcon-NextPage-Down"/>
				<DisabledTexture file="Interface\Buttons\UI-SpellbookIcon-NextPage-Disabled"/>
				<HighlightTexture file="Interface\Buttons\UI-Common-MouseHilight" alphaMode="ADD"/>
			</Button>
			<Frame name="CalendarFilterFrame">
				<Size x="106" y="20"/>
				<Anchors>
					<Anchor point="TOPRIGHT" relativeTo="CalendarFrame" relativePoint="TOPRIGHT" x="-44" y="-21"/>
				</Anchors>
				<Layers>
					<Layer level="BACKGROUND">
						<Texture name="$parentLeft" file="Interface\Common\Common-Input-Border">
							<Size x="8" y="16"/>
							<Anchors>
								<Anchor point="LEFT" x="-5" y="0"/>
							</Anchors>
							<TexCoords left="0" right="0.0625" top="0" bottom="0.625"/>
						</Texture>
						<Texture name="$parentRight" file="Interface\Common\Common-Input-Border">
							<Size x="8" y="16"/>
							<Anchors>
								<Anchor point="RIGHT" x="0" y="0"/>
							</Anchors>
							<TexCoords left="0.9375" right="1.0" top="0" bottom="0.625"/>
						</Texture>
						<Texture name="$parentMiddle" file="Interface\Common\Common-Input-Border">
							<Size x="10" y="16"/>
							<Anchors>
								<Anchor point="LEFT" relativeTo="$parentLeft" relativePoint="RIGHT"/>
								<Anchor point="RIGHT" relativeTo="$parentRight" relativePoint="LEFT"/>
							</Anchors>
							<TexCoords left="0.0625" right="0.9375" top="0" bottom="0.625"/>
						</Texture>
						<FontString name="$parentText" inherits="GameFontHighlightSmall" text="CALENDAR_FILTERS" justifyH="RIGHT">
							<Anchors>
								<Anchor point="RIGHT" x="-24" y="0"/>
							</Anchors>
						</FontString>
					</Layer>
				</Layers>
				<Frames>
					<Button name="CalendarFilterButton">
						<Size x="20" y="20"/>
						<Anchors>
							<Anchor point="RIGHT"/>
						</Anchors>
						<Scripts>
							<OnClick function="CalendarFilterButton_OnClick"/>
						</Scripts>
						<NormalTexture name="$parentNormalTexture" file="Interface\ChatFrame\UI-ChatIcon-ScrollDown-Up">
							<Size x="20" y="20"/>
							<Anchors>
								<Anchor point="RIGHT" x="3" y="0"/>
							</Anchors>
						</NormalTexture>
						<PushedTexture name="$parentPushedTexture" file="Interface\ChatFrame\UI-ChatIcon-ScrollDown-Down">
							<Size x="20" y="20"/>
							<Anchors>
								<Anchor point="RIGHT" x="3" y="0"/>
							</Anchors>
						</PushedTexture>
						<DisabledTexture name="$parentDisabledTexture" file="Interface\ChatFrame\UI-ChatIcon-ScrollDown-Disabled">
							<Size x="20" y="20"/>
							<Anchors>
								<Anchor point="RIGHT" x="3" y="0"/>
							</Anchors>
						</DisabledTexture>
						<HighlightTexture name="$parentHighlightTexture" file="Interface\Buttons\UI-Common-MouseHilight" alphaMode="ADD">
							<Size x="20" y="20"/>
							<Anchors>
								<Anchor point="RIGHT" x="3" y="0"/>
							</Anchors>
						</HighlightTexture>
					</Button>
				</Frames>
			</Frame>
			<Frame name="CalendarFilterDropDown" inherits="UIDropDownMenuTemplate" hidden="true">
				<Scripts>
					<OnLoad function="CalendarFilterDropDown_OnLoad"/>
				</Scripts>
			</Frame>
			<Button name="CalendarCloseButton" inherits="UIPanelCloseButton">
				<Size x="32" y="34"/>
				<Anchors>
					<Anchor point="TOPRIGHT" x="5" y="-13"/>
				</Anchors>
			</Button>

			<!-- Context menus -->
			<Frame name="CalendarContextMenu" inherits="UIMenuTemplate" frameStrata="FULLSCREEN" enableMouse="true" clampedToScreen="true" hidden="true">
				<Scripts>
					<OnLoad function="CalendarContextMenu_OnLoad"/>
					<OnHide function="CalendarContextMenu_OnHide"/>
				</Scripts>
			</Frame>
			<Frame name="CalendarInviteStatusContextMenu" inherits="UIMenuTemplate" frameStrata="FULLSCREEN" enableMouse="true" hidden="true" parent="CalendarContextMenu">
				<Scripts>
					<OnLoad function="CalendarInviteStatusContextMenu_OnLoad"/>
					<OnShow function="CalendarInviteStatusContextMenu_OnShow"/>
					<OnEvent function="CalendarInviteStatusContextMenu_OnEvent"/>
				</Scripts>
			</Frame>

			<!-- Modal frame support -->
			<Frame name="CalendarModalDummy" enableMouse="true" enableKeyboard="true" hidden="true">
				<Size x="655" y="624"/>
				<Anchors>
					<Anchor point="TOPLEFT"/>
				</Anchors>
				<Frames>
					<Frame name="CalendarFrameBlocker" enableMouse="true" enableKeyboard="true">
						<Size x="655" y="624"/>
						<Scripts>
							<OnLoad>
								self:SetAllPoints(CalendarFrame);
							</OnLoad>
						</Scripts>
					</Frame>
					<Frame name="CalendarEventFrameBlocker" enableMouse="true" enableKeyboard="true" hidden="true">
						<Size x="320" y="520"/>
						<Anchors>
							<Anchor point="TOPLEFT" relativePoint="TOPRIGHT" x="0" y="-24"/>
						</Anchors>
						<Scripts>
							<OnShow function="CalendarEventFrameBlocker_OnShow"/>
							<OnHide function="CalendarEventFrameBlocker_OnHide"/>
						</Scripts>
					</Frame>
				</Frames>
			</Frame>
			<Frame name="$parentModalOverlay" hidden="true">
				<Layers>
					<Layer level="BACKGROUND">
						<Texture setAllPoints="true">
							<Color r="0" g="0" b="0" a="0.6"/>
						</Texture>
					</Layer>
				</Layers>
				<Scripts>
					<OnLoad>
						self:SetFrameLevel(self:GetParent():GetFrameLevel() + 3);
					</OnLoad>
					<OnShow>
						self:ClearAllPoints();
						self:SetPoint("TOPLEFT", CalendarDayButton1, "TOPLEFT");
						self:SetPoint("BOTTOMRIGHT", CalendarDayButton42, "BOTTOMRIGHT");
					</OnShow>
				</Scripts>
			</Frame>
		</Frames>
		<Scripts>
			<OnLoad function="CalendarFrame_OnLoad"/>
			<OnEvent function="CalendarFrame_OnEvent"/>
			<OnShow function="CalendarFrame_OnShow"/>
			<OnHide function="CalendarFrame_OnHide"/>
			<OnMouseWheel function="CalendarFrame_OnMouseWheel"/>
		</Scripts>
	</Frame>

	<!-- View Holiday -->
	<!-- You see this frame when viewing a Holiday event. -->
	<Frame name="CalendarViewHolidayFrame" toplevel="true" parent="CalendarFrame" enableMouse="true" frameStrata="HIGH" hidden="true">
		<Size x="320" y="320"/>
		<Anchors>
			<Anchor point="TOPLEFT" relativePoint="TOPRIGHT" x="0" y="-24"/>
		</Anchors>
		<Layers>
			<Layer level="BORDER">
				<Texture name="CalendarViewHolidayInfoTexture" hidden="true">
					<Anchors>
						<Anchor point="TOPLEFT" x="12" y="-13"/>
						<Anchor point="BOTTOMRIGHT" x="-11" y="11"/>
					</Anchors>
				</Texture>
			</Layer>
		</Layers>
		<Frames>
			<Frame parentKey="Border" inherits="DialogBorderDarkTemplate"/>
			<Frame name="CalendarViewHolidayTitleFrame" inherits="CalendarTitleFrameTemplate">
				<Scripts>
					<OnLoad>
						self:SetFrameLevel(self:GetParent():GetFrameLevel() + 6);
					</OnLoad>
				</Scripts>
			</Frame>
			<ScrollFrame name="CalendarViewHolidayScrollFrame" inherits="UIPanelScrollFrameTemplate">
				<Size x="270" y="278"/>
				<Anchors>
					<Anchor point="TOPLEFT" x="15" y="-30"/>
				</Anchors>
				<Scripts>
					<OnLoad>
						self.scrollBarHideable = 1;
						ScrollFrame_OnLoad(self);
						ScrollFrame_OnScrollRangeChanged(self);
					</OnLoad>
				</Scripts>
				<ScrollChild>
					<Frame name="CalendarViewHolidayScrollChild">
						<Size x="270" y="10"/>
						<Anchors>
							<Anchor point="TOPLEFT"/>
						</Anchors>
						<Layers>
							<Layer level="BORDER">
								<FontString name="CalendarViewHolidayDescription" inherits="GameFontHighlightLeft" nonspacewrap="true" justifyV="TOP">
									<Size x="265" y="0"/>
									<Anchors>
										<Anchor point="TOPLEFT"/>
									</Anchors>
								</FontString>
							</Layer>
						</Layers>
					</Frame>
				</ScrollChild>
			</ScrollFrame>
			<Button name="CalendarViewHolidayCloseButton" inherits="CalendarEventCloseButtonTemplate"/>

			<Frame name="$parentModalOverlay" inherits="CalendarModalEventOverlayTemplate" hidden="true"/>
		</Frames>
		<Scripts>
			<OnLoad function="CalendarViewHolidayFrame_OnLoad"/>
			<OnShow function="CalendarViewHolidayFrame_OnShow"/>
			<OnHide function="CalendarViewHolidayFrame_OnHide"/>
		</Scripts>
	</Frame>

	<!-- View Raid -->
	<!-- You see this frame when viewing either a Raid Reset event or a Raid Lockout event. -->
	<Frame name="CalendarViewRaidFrame" toplevel="true" parent="CalendarFrame" enableMouse="true" frameStrata="HIGH" hidden="true">
		<Size x="320" y="150"/>
		<Anchors>
			<Anchor point="TOPLEFT" relativePoint="TOPRIGHT" x="0" y="-24"/>
		</Anchors>
		<Frames>
			<Frame parentKey="Border" inherits="DialogBorderDarkTemplate"/>
			<Frame name="CalendarViewRaidTitleFrame" inherits="CalendarTitleFrameTemplate">
				<Scripts>
					<OnLoad>
						self:SetFrameLevel(self:GetParent():GetFrameLevel() + 6);
					</OnLoad>
				</Scripts>
			</Frame>
			<ScrollFrame name="CalendarViewRaidScrollFrame" inherits="UIPanelScrollFrameTemplate">
				<Size x="270" y="108"/>
				<Anchors>
					<Anchor point="TOPLEFT" x="15" y="-30"/>
				</Anchors>
				<Scripts>
					<OnLoad>
						self.scrollBarHideable = 1;
						ScrollFrame_OnLoad(self);
						ScrollFrame_OnScrollRangeChanged(self);
					</OnLoad>
				</Scripts>
				<ScrollChild>
					<Frame name="CalendarViewRaidScrollChild">
						<Size x="270" y="10"/>
						<Anchors>
							<Anchor point="TOPLEFT"/>
						</Anchors>
						<Layers>
							<Layer level="BORDER">
								<FontString name="CalendarViewRaidDescription" inherits="GameFontHighlightLeft" nonspacewrap="true" justifyV="TOP">
									<Size x="265" y="0"/>
									<Anchors>
										<Anchor point="TOPLEFT"/>
									</Anchors>
								</FontString>
							</Layer>
						</Layers>
					</Frame>
				</ScrollChild>
			</ScrollFrame>
			<Button name="CalendarViewRaidCloseButton" inherits="CalendarEventCloseButtonTemplate"/>

			<Frame name="$parentModalOverlay" inherits="CalendarModalEventOverlayTemplate" hidden="true"/>
		</Frames>
		<Scripts>
			<OnLoad function="CalendarViewRaidFrame_OnLoad"/>
			<OnShow function="CalendarViewRaidFrame_OnShow"/>
		</Scripts>
	</Frame>

	<!-- View Event -->
	<!-- This is the frame you get when you are viewing an event you were invited to. You only see this frame if
		 you are not a moderator. If you are, you should see the Edit Event frame. -->
	<Frame name="CalendarViewEventFrame" toplevel="true" parent="CalendarFrame" enableMouse="true" frameStrata="HIGH" hidden="true">
		<Size x="320" y="500"/>
		<Anchors>
			<Anchor point="TOPLEFT" relativePoint="TOPRIGHT" x="0" y="-24"/>
		</Anchors>
		<Layers>
			<Layer level="BORDER">
				<Texture name="CalendarViewEventIcon">
					<Size x="60" y="60"/>
					<Anchors>
						<Anchor point="TOPLEFT" x="16" y="-26"/>
					</Anchors>
				</Texture>
			</Layer>
			<Layer level="BACKGROUND">
				<FontString name="CalendarViewEventTitle" inherits="GameFontNormal" justifyH="LEFT">
					<Size x="220" y="12"/>
					<Anchors>
						<Anchor point="TOPLEFT" relativeTo="CalendarViewEventIcon" relativePoint="TOPRIGHT" x="2" y="0"/>
					</Anchors>
				</FontString>
				<FontString name="CalendarViewEventCommunityName" inherits="GameFontNormalSmall" justifyH="LEFT">
					<Size x="220" y="12"/>
					<Anchors>
						<Anchor point="TOPLEFT" relativeTo="CalendarViewEventTitle" relativePoint="BOTTOMLEFT"/>
					</Anchors>
				</FontString>
				<FontString name="CalendarViewEventTypeName" inherits="GameFontNormalSmall" justifyH="LEFT">
					<Size x="220" y="12"/>
					<Anchors>
						<Anchor point="TOPLEFT" relativeTo="CalendarViewEventCommunityName" relativePoint="BOTTOMLEFT"/>
					</Anchors>
				</FontString>
				<FontString name="CalendarViewEventCreatorName" inherits="GameFontNormalSmall" justifyH="LEFT">
					<Size x="220" y="12"/>
					<Anchors>
						<Anchor point="TOPLEFT" relativeTo="CalendarViewEventTypeName" relativePoint="BOTTOMLEFT"/>
					</Anchors>
				</FontString>
				<FontString name="CalendarViewEventDateLabel" inherits="GameFontHighlightSmall">
					<Anchors>
						<Anchor point="TOPLEFT" relativeTo="CalendarViewEventCreatorName" relativePoint="BOTTOMLEFT"/>
					</Anchors>
				</FontString>
				<FontString name="CalendarViewEventTimeLabel" inherits="GameFontHighlightSmall">
					<Anchors>
						<Anchor point="TOPLEFT" relativeTo="CalendarViewEventDateLabel" relativePoint="BOTTOMLEFT"/>
					</Anchors>
				</FontString>
			</Layer>
		</Layers>
		<Frames>
			<Frame parentKey="Border" inherits="DialogBorderDarkTemplate"/>
			<Frame name="CalendarViewEventTitleFrame" inherits="CalendarTitleFrameTemplate">
				<Scripts>
					<OnLoad>
						self:SetFrameLevel(self:GetParent():GetFrameLevel() + 6);
					</OnLoad>
				</Scripts>
			</Frame>
			<Frame name="CalendarViewEventDescriptionContainer">
				<Size x="287" y="65"/>
				<Anchors>
					<Anchor point="TOPLEFT" x="16" y="-95"/>
				</Anchors>
				<Backdrop bgFile="Interface\Tooltips\UI-Tooltip-Background" edgeFile="Interface\Tooltips\UI-Tooltip-Border" tile="true">
					<EdgeSize>
						<AbsValue val="8"/>
					</EdgeSize>
					<TileSize>
						<AbsValue val="8"/>
					</TileSize>
					<BackgroundInsets>
						<AbsInset left="1" right="1" top="1" bottom="1"/>
					</BackgroundInsets>
				</Backdrop>
				<Frames>
					<ScrollFrame name="CalendarViewEventDescriptionScrollFrame" inherits="CalendarEventDescriptionScrollFrame">
						<Scripts>
							<OnLoad function="CalendarViewEventDescriptionScrollFrame_OnLoad"/>
						</Scripts>
						<ScrollChild>
							<Frame name="CalendarViewEventDescriptionScrollChild">
								<Size x="263" y="1"/>
								<Anchors>
									<Anchor point="TOPLEFT"/>
								</Anchors>
								<Layers>
									<Layer level="BACKGROUND">
										<FontString name="CalendarViewEventDescription" inherits="GameFontNormalSmallLeft" nonspacewrap="true" justifyV="TOP">
											<Size x="263" y="0"/>
											<Anchors>
												<Anchor point="TOPLEFT"/>
											</Anchors>
										</FontString>
									</Layer>
								</Layers>
							</Frame>
						</ScrollChild>
					</ScrollFrame>
				</Frames>
				<Scripts>
					<OnLoad>
						self:SetBackdropBorderColor(TOOLTIP_DEFAULT_COLOR.r, TOOLTIP_DEFAULT_COLOR.g, TOOLTIP_DEFAULT_COLOR.b);
						self:SetBackdropColor(0.0, 0.0, 0.0, 0.9);
					</OnLoad>
				</Scripts>
			</Frame>
			<Frame name="CalendarViewEventInviteListSection">
				<Size x="320" y="320"/>
				<Anchors>
					<Anchor point="TOPLEFT" x="0" y="-170"/>
				</Anchors>
				<Animations>
					<AnimationGroup looping="BOUNCE">
						<Animation name="CalendarViewEventFlashTimer" duration="0.7" smoothing="OUT"/>
					</AnimationGroup>
				</Animations>
				<Layers>
					<Layer level="BORDER">
						<Texture name="CalendarViewEventDivider" file="Interface\DialogFrame\UI-DialogBox-Divider">
							<Size x="303" y="16"/>
							<Anchors>
								<Anchor point="TOPLEFT" x="10" y="-30"/>
							</Anchors>
							<TexCoords left="0.0" right="0.75390625" top="0.0" bottom="0.5"/>
						</Texture>
					</Layer>
				</Layers>
				<Frames>
					<Button name="CalendarViewEventAcceptButton" inherits="CalendarViewEventRSVPButtonTemplate" text="ACCEPT">
						<Scripts>
							<OnEnter function="CalendarViewEventAcceptButton_OnEnter"/>
							<OnLeave function="GameTooltip_Hide"/>
							<OnClick function="CalendarViewEventAcceptButton_OnClick"/>
						</Scripts>
					</Button>
					<Button name="CalendarViewEventTentativeButton" inherits="CalendarViewEventRSVPButtonTemplate" text="CALENDAR_VIEW_EVENT_TENTATIVE">
						<Scripts>
							<OnEnter function="CalendarViewEventTentativeButton_OnEnter"/>
							<OnLeave function="GameTooltip_Hide"/>
							<OnClick function="CalendarViewEventTentativeButton_OnClick"/>
						</Scripts>
					</Button>
					<Button name="CalendarViewEventDeclineButton" inherits="CalendarViewEventRSVPButtonTemplate" text="DECLINE">
						<Anchors>
							<Anchor point="TOPRIGHT" relativePoint="TOP" x="-10" y="-26"/>
						</Anchors>
						<Scripts>
							<OnEnter function="CalendarViewEventDeclineButton_OnEnter"/>
							<OnLeave function="GameTooltip_Hide"/>
							<OnClick function="CalendarViewEventDeclineButton_OnClick"/>
						</Scripts>
					</Button>
					<Button name="CalendarViewEventRemoveButton" inherits="CalendarEventButtonTemplate" text="CALENDAR_VIEW_EVENT_REMOVE">
						<Scripts>
							<OnEnter function="CalendarViewEventRemoveButton_OnEnter"/>
							<OnLeave function="GameTooltip_Hide"/>
							<OnClick function="CalendarViewEventRemoveButton_OnClick"/>
						</Scripts>
					</Button>
					<Frame name="CalendarViewEventInviteList" inherits="CalendarEventInviteListTemplate">
						<Anchors>
							<Anchor point="TOP" x="0" y="-60"/>
						</Anchors>
					</Frame>
				</Frames>
			</Frame>
			<Button name="CalendarViewEventCloseButton" inherits="CalendarEventCloseButtonTemplate"/>

			<Frame name="$parentModalOverlay" inherits="CalendarModalEventOverlayTemplate" hidden="true"/>
			<Frame name="$parentRetrievingFrame" enableMouse="true" hidden="true">
				<Size x="296" y="256"/>
				<Anchors>
					<Anchor point="TOPLEFT" relativeTo="CalendarViewEventInviteListSection" x="12" y="-64"/>
				</Anchors>
				<Layers>
					<Layer level="BACKGROUND">
						<Texture setAllPoints="true">
							<Color r="0" g="0" b="0" a="0.75"/>
						</Texture>
					</Layer>
					<Layer level="ARTWORK">
						<FontString name="$parentText" inherits="GameFontNormal" text="RETRIEVING_INVITE_LIST">
							<Anchors>
								<Anchor point="CENTER"/>
							</Anchors>
						</FontString>
						<FontString name="$parentDots" inherits="GameFontNormal" text="." parentKey="dots">
							<Anchors>
								<Anchor point="LEFT" relativeTo="$parentText" relativePoint="RIGHT"/>
							</Anchors>
						</FontString>
					</Layer>
				</Layers>
				<Scripts>
					<OnShow>
						self:SetFrameLevel(CalendarViewEventInviteListSection:GetFrameLevel() + 10);
					</OnShow>
					<OnUpdate function="CalendarEventRetrievingFrame_OnUpdate"/>
				</Scripts>
			</Frame>
		</Frames>
		<Scripts>
			<OnLoad function="CalendarViewEventFrame_OnLoad"/>
			<OnEvent function="CalendarViewEventFrame_OnEvent"/>
			<OnShow function="CalendarViewEventFrame_OnShow"/>
			<OnHide function="CalendarViewEventFrame_OnHide"/>
		</Scripts>
	</Frame>

	<!-- Create Event and Edit Event -->
	<!-- This module is actually both the create and edit event frame. You should see this when you are either creating
		 an event for the first time or you are editing an existing event. I didn't want to call it the CreateOrEditEventFrame.
		 I know it's a little unclear. I thought CreateOrEditEventFrame sounded kind of silly.
	-->
	<Frame name="CalendarCreateEventFrame" toplevel="true" parent="CalendarFrame" enableMouse="true" frameStrata="HIGH" hidden="true">
		<Size x="320" y="580"/>
		<Anchors>
			<Anchor point="TOPLEFT" relativePoint="TOPRIGHT" x="0" y="-24"/>
		</Anchors>
		<Layers>
			<Layer level="BORDER">
				<Texture name="CalendarCreateEventIcon">
					<Size x="50" y="50"/>
					<Anchors>
						<Anchor point="TOPLEFT" x="16" y="-26"/>
					</Anchors>
				</Texture>
			</Layer>
			<Layer level="BACKGROUND">
				<FontString name="CalendarCreateEventCommunityName" inherits="GameFontNormalSmall" justifyH="LEFT" hidden="true">
				<Size x="220" y="12"/>
					<Anchors>
						<Anchor point="TOPLEFT" relativeTo="CalendarCreateEventIcon" relativePoint="TOPRIGHT" x="5" y="0"/>
					</Anchors>
				</FontString>
				<FontString name="CalendarCreateEventTextureName" inherits="GameFontNormalSmall" justifyV="TOP" justifyH="LEFT" hidden="true">
					<Size x="230" y="0"/>
					<Anchors>
						<Anchor point="TOPLEFT" relativeTo="CalendarCreateEventCommunityName" relativePoint="BOTTOMLEFT"/>
					</Anchors>
				</FontString>
				<FontString name="CalendarCreateEventCreatorName" inherits="GameFontNormalSmall" justifyH="LEFT">
					<Size x="220" y="12"/>
					<Anchors>
						<Anchor point="TOPLEFT" relativeTo="CalendarCreateEventTextureName" relativePoint="BOTTOMLEFT"/>
					</Anchors>
				</FontString>
				<FontString name="CalendarCreateEventDateLabel" inherits="GameFontHighlightSmall">
					<Anchors>
						<Anchor point="TOPLEFT" relativeTo="CalendarCreateEventCreatorName" relativePoint="BOTTOMLEFT"/>
					</Anchors>
				</FontString>
			</Layer>
			<Layer level="ARTWORK">
				<Texture name="$parentButtonBackground" file="Interface\Buttons\UI-Button-Borders">
					<Size x="256" y="26"/>
					<Anchors>
						<Anchor point="BOTTOMLEFT" x="11" y="9"/>
						<Anchor point="BOTTOMRIGHT" x="-11" y="9"/>
					</Anchors>
					<TexCoords left="0.0" right="1.0" top="0.59375" bottom="1.0"/>
				</Texture>
			</Layer>
		</Layers>
		<Frames>
			<Frame parentKey="Border" inherits="DialogBorderDarkTemplate"/>
			<Frame name="CalendarCreateEventTitleFrame" inherits="CalendarTitleFrameTemplate">
				<Scripts>
					<OnLoad>
						self:SetFrameLevel(self:GetParent():GetFrameLevel() + 6);
					</OnLoad>
				</Scripts>
			</Frame>
			<EditBox name="CalendarCreateEventTitleEdit" letters="31" inherits="InputBoxTemplate" autoFocus="false">
				<Size x="120" y="20"/>
				<Anchors>
					<Anchor point="TOPLEFT" x="25" y="-84"/>
				</Anchors>
				<Scripts>
					<OnTabPressed>
						EditBox_HandleTabbing(self, CALENDAR_CREATEEVENTFRAME_TAB_LIST);
					</OnTabPressed>
					<OnTextChanged function="CalendarCreateEventTitleEdit_OnTextChanged"/>
					<OnEnterPressed function="EditBox_ClearFocus"/>
					<OnEscapePressed function="EditBox_ClearFocus"/>
					<OnEditFocusLost function="CalendarCreateEventTitleEdit_OnEditFocusLost"/>
					<OnEditFocusGained function="EditBox_HighlightText"/>
				</Scripts>
			</EditBox>
			<Frame name="CalendarCreateEventTypeDropDown" inherits="UIDropDownMenuTemplate">
				<Anchors>
					<Anchor point="TOPLEFT" x="160" y="-82"/>
				</Anchors>
			</Frame>
			<Frame name="CalendarCreateEventHourDropDown" inherits="UIDropDownMenuTemplate">
				<Anchors>
					<Anchor point="TOPLEFT" x="2" y="-114"/>
				</Anchors>
			</Frame>
			<Frame name="CalendarCreateEventMinuteDropDown" inherits="UIDropDownMenuTemplate">
				<Anchors>
					<Anchor point="LEFT" relativeTo="CalendarCreateEventHourDropDown" relativePoint="RIGHT" x="-22" y="0"/>
				</Anchors>
			</Frame>
			<Frame name="CalendarCreateEventAMPMDropDown" inherits="UIDropDownMenuTemplate">
				<Anchors>
					<Anchor point="LEFT" relativeTo="CalendarCreateEventMinuteDropDown" relativePoint="RIGHT" x="-22" y="0"/>
				</Anchors>
			</Frame>
			<Frame name="CalendarCreateEventDifficultyOptionDropDown" inherits="UIDropDownMenuTemplate">
				<Anchors>
					<Anchor point="TOPLEFT" x="160" y="-114"/>
				</Anchors>
			</Frame>
			<Frame name="CalendarCreateEventCommunityDropDown" inherits="UIDropDownMenuTemplate" hidden="true">
				<Anchors>
					<Anchor point="TOPLEFT" x="52" y="-50"/>
				</Anchors>
			</Frame>
			<Frame name="CalendarCreateEventDescriptionContainer">
				<Size x="287" y="65"/>
				<Anchors>
					<Anchor point="TOPLEFT" x="16" y="-146"/>
				</Anchors>
				<Backdrop bgFile="Interface\Tooltips\UI-Tooltip-Background" edgeFile="Interface\Tooltips\UI-Tooltip-Border" tile="true">
					<EdgeSize>
						<AbsValue val="8"/>
					</EdgeSize>
					<TileSize>
						<AbsValue val="8"/>
					</TileSize>
					<BackgroundInsets>
						<AbsInset left="1" right="1" top="1" bottom="1"/>
					</BackgroundInsets>
				</Backdrop>
				<Frames>
					<ScrollFrame name="CalendarCreateEventDescriptionScrollFrame" inherits="CalendarEventDescriptionScrollFrame">
						<Scripts>
							<OnLoad function="CalendarCreateEventDescriptionScrollFrame_OnLoad"/>
							<OnMouseDown>
								CalendarCreateEventDescriptionEdit:SetFocus();
							</OnMouseDown>
						</Scripts>
						<ScrollChild>
							<EditBox name="CalendarCreateEventDescriptionEdit" multiLine="true" letters="255" autoFocus="false">
								<Anchors>
									<Anchor point="TOPLEFT"/>
								</Anchors>
								<Size x="263" y="1"/>
								<Scripts>
									<OnTabPressed>
										EditBox_HandleTabbing(self, CALENDAR_CREATEEVENTFRAME_TAB_LIST);
									</OnTabPressed>
									<OnTextChanged>
										ScrollingEdit_OnTextChanged(self, self:GetParent());
										C_Calendar.EventSetDescription(self:GetText());
										CalendarCreateEventCreateButton_Update();
									</OnTextChanged>
									<OnCursorChanged function="ScrollingEdit_OnCursorChanged"/>
									<OnUpdate>
										ScrollingEdit_OnUpdate(self, elapsed, self:GetParent());
									</OnUpdate>
									<OnEscapePressed function="EditBox_ClearFocus"/>
									<OnEditFocusGained>
										if ( self:GetText() == CALENDAR_EVENT_DESCRIPTION ) then
											self:HighlightText();
										end
									</OnEditFocusGained>
									<OnEditFocusLost>
										self:HighlightText(0, 0);
										if ( self:GetText() == "" ) then
											self:SetText(CALENDAR_EVENT_DESCRIPTION);
										end
									</OnEditFocusLost>
								</Scripts>
								<FontString inherits="GameFontHighlightSmall"/>
							</EditBox>
						</ScrollChild>
					</ScrollFrame>
				</Frames>
				<Scripts>
					<OnLoad>
						self:SetBackdropBorderColor(TOOLTIP_DEFAULT_COLOR.r, TOOLTIP_DEFAULT_COLOR.g, TOOLTIP_DEFAULT_COLOR.b);
						self:SetBackdropColor(0.0, 0.0, 0.0, 0.9);
					</OnLoad>
				</Scripts>
			</Frame>
			<Frame name="CalendarCreateEventInviteListSection">
				<Size x="320" y="330"/>
				<Anchors>
					<Anchor point="TOPLEFT" x="0" y="-210"/>
				</Anchors>
				<Layers>
					<Layer level="BORDER">
						<Texture name="CalendarCreateEventDivider" file="Interface\DialogFrame\UI-DialogBox-Divider">
							<Size x="303" y="16"/>
							<Anchors>
								<Anchor point="TOPLEFT" x="10" y="-20"/>
							</Anchors>
							<TexCoords left="0.0" right="0.75390625" top="0.0" bottom="0.5"/>
						</Texture>
					</Layer>
				</Layers>
				<Frames>
					<CheckButton name="CalendarCreateEventAutoApproveCheck" inherits="UICheckButtonTemplate" hidden="true">
						<Size x="24" y="24"/>
						<Anchors>
							<Anchor point="TOPLEFT" x="20" y="0"/>
						</Anchors>
						<Scripts>
							<OnLoad function="CalendarCreateEventAutoApproveCheck_OnLoad"/>
							<OnClick function="CalendarCreateEventAutoApproveCheck_OnClick"/>
							<OnEnter>
								GameTooltip:SetOwner(self, "ANCHOR_LEFT");
								GameTooltip:SetText(CALENDAR_TOOLTIP_AUTOAPPROVE, nil, nil, nil, nil, true);
								GameTooltip:Show();
							</OnEnter>
							<OnLeave function="GameTooltip_Hide"/>
						</Scripts>
					</CheckButton>
					<CheckButton name="CalendarCreateEventLockEventCheck" inherits="UICheckButtonTemplate">
						<Size x="24" y="24"/>
						<Anchors>
							<Anchor point="TOPRIGHT" x="-95" y="0"/>
						</Anchors>
						<Scripts>
							<OnLoad function="CalendarCreateEventLockEventCheck_OnLoad"/>
							<OnClick function="CalendarCreateEventLockEventCheck_OnClick"/>
							<OnEnter>
								GameTooltip:SetOwner(self, "ANCHOR_LEFT");
								GameTooltip:SetText(CALENDAR_TOOLTIP_LOCKEVENT, nil, nil, nil, nil, true);
								GameTooltip:Show();
							</OnEnter>
							<OnLeave function="GameTooltip_Hide"/>
						</Scripts>
					</CheckButton>
					<Frame name="CalendarCreateEventInviteList" inherits="CalendarEventInviteListTemplate">
						<Anchors>
							<Anchor point="TOP" x="0" y="-50"/>
						</Anchors>
					</Frame>
					<EditBox name="CalendarCreateEventInviteEdit" letters="32" inherits="InputBoxTemplate,AutoCompleteEditBoxTemplate" autoFocus="false">
						<Size x="192" y="20"/>
						<Anchors>
							<Anchor point="TOPLEFT" relativeTo="CalendarCreateEventInviteList" relativePoint="BOTTOMLEFT" x="6" y="-3"/>
						</Anchors>
						<Scripts>
							<OnLoad>
								self:SetText(CALENDAR_PLAYER_NAME);
							</OnLoad>
							<OnTabPressed>
								if ( not AutoCompleteEditBox_OnTabPressed(self) ) then
									EditBox_HandleTabbing(self, CALENDAR_CREATEEVENTFRAME_TAB_LIST);
								end
							</OnTabPressed>
							<OnEnterPressed function="CalendarCreateEventInviteEdit_OnEnterPressed"/>
							<OnEscapePressed>
								if ( not AutoCompleteEditBox_OnEscapePressed(self) ) then
									EditBox_ClearFocus(self);
								end
							</OnEscapePressed>
							<OnEditFocusLost function="CalendarCreateEventInviteEdit_OnEditFocusLost"/>
							<OnEditFocusGained function="EditBox_HighlightText"/>
							<OnTextChanged>
								if ( userInput ) then
									local isGuildEvent = C_Calendar.EventGetCalendarType() == "GUILD_EVENT";
									if ( isGuildEvent ) then
										AutoCompleteEditBox_SetAutoCompleteSource(self, GetAutoCompleteResults, AUTOCOMPLETE_LIST.CALENDARGUILDEVENT.include, AUTOCOMPLETE_LIST.CALENDARGUILDEVENT.exclude);
									else
										AutoCompleteEditBox_SetAutoCompleteSource(self, GetAutoCompleteResults, AUTOCOMPLETE_LIST.CALENDAREVENT.include, AUTOCOMPLETE_LIST.CALENDAREVENT.exclude);
									end
									AutoCompleteEditBox_OnTextChanged(self, userInput);
								end
							</OnTextChanged>
						</Scripts>
					</EditBox>
					<Button name="CalendarCreateEventInviteButton" inherits="UIPanelButtonTemplate" text="INVITE">
						<Anchors>
							<Anchor point="TOPLEFT" relativeTo="CalendarCreateEventInviteEdit" relativePoint="TOPRIGHT" x="0" y="1"/>
							<Anchor point="TOPRIGHT" relativeTo="CalendarCreateEventInviteList" relativePoint="BOTTOMRIGHT" x="0" y="1"/>
						</Anchors>
						<Scripts>
							<OnClick function="CalendarCreateEventInviteButton_OnClick"/>
							<OnUpdate function="CalendarCreateEventInviteButton_OnUpdate"/>
						</Scripts>
					</Button>
				</Frames>
			</Frame>
			<Button name="CalendarCreateEventMassInviteButton" inherits="UIPanelButtonTemplate" text="CALENDAR_MASS_INVITE">
				<Anchors>
					<Anchor point="BOTTOMLEFT" x="12" y="12"/>
				</Anchors>
				<Layers>
					<Layer level="BACKGROUND">
						<Texture name="$parentBorder" file="Interface\Buttons\UI-Button-Borders">
							<Size x="106" y="26"/>
							<Anchors>
								<Anchor point="TOPLEFT" x="-1" y="1"/>
								<Anchor point="BOTTOMRIGHT" x="10" y="-3"/>
							</Anchors>
							<TexCoords left="0.0" right="0.4140625" top="0.0" bottom="0.40625"/>
						</Texture>
					</Layer>
				</Layers>
				<Scripts>
					<OnLoad>
						self:SetWidth(self:GetTextWidth() + 40);
					</OnLoad>
					<OnClick function="CalendarCreateEventMassInviteButton_OnClick"/>
					<OnUpdate function="CalendarCreateEventMassInviteButton_OnUpdate"/>
					<OnEnter>
						GameTooltip:SetOwner(self, "ANCHOR_LEFT");
						GameTooltip:SetText(CALENDAR_TOOLTIP_MASSINVITE, nil, nil, nil, nil, true);
						GameTooltip:Show();
					</OnEnter>
					<OnLeave function="GameTooltip_Hide"/>
				</Scripts>
			</Button>
			<Button name="CalendarCreateEventRaidInviteButton" inherits="UIPanelButtonTemplate" text="CALENDAR_INVITE_MEMBERS">
				<Anchors>
					<Anchor point="BOTTOMLEFT" x="12" y="12"/>
				</Anchors>
				<Layers>
					<Layer level="BACKGROUND">
						<Texture name="$parentBorder" file="Interface\Buttons\UI-Button-Borders">
							<Size x="106" y="26"/>
							<Anchors>
								<Anchor point="TOPLEFT" x="-1" y="1"/>
								<Anchor point="BOTTOMRIGHT" x="10" y="-3"/>
							</Anchors>
							<TexCoords left="0.0" right="0.4140625" top="0.0" bottom="0.40625"/>
						</Texture>
					</Layer>
				</Layers>
				<Scripts>
					<OnLoad function="CalendarCreateEventRaidInviteButton_OnLoad"/>
					<OnEvent function="CalendarCreateEventRaidInviteButton_OnEvent"/>
					<OnClick function="CalendarCreateEventRaidInviteButton_OnClick"/>
					<OnEnter function="CalendarCreateEventRaidInviteButton_OnEnter"/>
					<OnLeave function="GameTooltip_Hide"/>
				</Scripts>
			</Button>
			<Button name="CalendarCreateEventCreateButton" inherits="CalendarEventButtonTemplate">
				<Anchors>
					<Anchor point="BOTTOMRIGHT" x="-11" y="12"/>
				</Anchors>
				<Layers>
					<Layer level="BACKGROUND">
						<Texture name="$parentBorder" file="Interface\Buttons\UI-Button-Borders">
							<Size x="106" y="26"/>
							<Anchors>
								<Anchor point="TOPLEFT" x="-10" y="1"/>
								<Anchor point="BOTTOMRIGHT" x="1" y="-3"/>
							</Anchors>
							<TexCoords left="0.58203125" right="1.0" top="0.0" bottom="0.40625"/>
						</Texture>
					</Layer>
				</Layers>
				<Scripts>
					<OnClick function="CalendarCreateEventCreateButton_OnClick"/>
					<OnUpdate function="CalendarCreateEventCreateButton_OnUpdate"/>
				</Scripts>
			</Button>
			<Button name="CalendarCreateEventCloseButton" inherits="CalendarEventCloseButtonTemplate"/>

			<Frame name="$parentModalOverlay" inherits="CalendarModalEventOverlayTemplate" hidden="true"/>
			<Frame name="$parentRetrievingFrame" enableMouse="true" hidden="true">
				<Size x="296" y="300"/>
				<Anchors>
					<Anchor point="TOPLEFT" relativeTo="CalendarCreateEventInviteListSection" x="12" y="-34"/>
				</Anchors>
				<Layers>
					<Layer level="BACKGROUND">
						<Texture setAllPoints="true">
							<Color r="0" g="0" b="0" a="0.75"/>
						</Texture>
					</Layer>
					<Layer level="ARTWORK">
						<FontString name="$parentText" inherits="GameFontNormal" text="RETRIEVING_INVITE_LIST">
							<Anchors>
								<Anchor point="CENTER"/>
							</Anchors>
						</FontString>
						<FontString name="$parentDots" inherits="GameFontNormal" text="." parentKey="dots">
							<Anchors>
								<Anchor point="LEFT" relativeTo="$parentText" relativePoint="RIGHT"/>
							</Anchors>
						</FontString>
					</Layer>
				</Layers>
				<Scripts>
					<OnShow>
						self:SetFrameLevel(CalendarCreateEventInviteListSection:GetFrameLevel() + 10);
					</OnShow>
					<OnUpdate function="CalendarEventRetrievingFrame_OnUpdate"/>
				</Scripts>
			</Frame>
		</Frames>
		<Scripts>
			<OnLoad function="CalendarCreateEventFrame_OnLoad"/>
			<OnEvent function="CalendarCreateEventFrame_OnEvent"/>
			<OnShow function="CalendarCreateEventFrame_OnShow"/>
			<OnHide function="CalendarCreateEventFrame_OnHide"/>
		</Scripts>
	</Frame>

	<!-- Mass Invite -->
	<!-- This module lets you auto-invite more than one player at a time based on a filter. -->
	<Frame name="CalendarMassInviteFrame" parent="CalendarFrame" inherits="CalendarModalDialogTemplate" hidden="true">
		<Size x="320" y="210"/>
		<Anchors>
			<Anchor point="BOTTOMRIGHT" relativeTo="CalendarCreateEventMassInviteButton" relativePoint="TOPLEFT"/>
		</Anchors>
		<Layers>
			<Layer level="BACKGROUND">
				<FontString inherits="GameFontHighlightSmall" text="CALENDAR_MASSINVITE_GUILD_HELP" justifyH="CENTER">
					<Size x="280" y="0"/>
					<Anchors>
						<Anchor point="TOP" x="0" y="-76"/>
					</Anchors>
				</FontString>
				<FontString name="CalendarMassInviteLevelText" inherits="GameFontNormalSmall" text="LEVEL">
					<Anchors>
						<Anchor point="TOPLEFT" x="46" y="-103"/>
					</Anchors>
				</FontString>
				<FontString name="$parentLevelDivider" inherits="GameFontNormalSmall" text="-">
					<Anchors>
						<Anchor point="TOPLEFT" x="80" y="-127"/>
					</Anchors>
				</FontString>
				<FontString name="CalendarMassInviteRankText" inherits="GameFontNormalSmall" text="CALENDAR_MASSINVITE_GUILD_MINRANK">
					<Anchors>
						<Anchor point="TOPLEFT" x="170" y="-103"/>
					</Anchors>
				</FontString>
			</Layer>
		</Layers>
		<Frames>
			<Frame parentKey="Border" inherits="DialogBorderDarkTemplate"/>
			<Frame name="CalendarMassInviteCommunityDropDown" inherits="UIDropDownMenuTemplate">
				<Anchors>
					<Anchor point="TOP" x="0" y="-30"/>
				</Anchors>
			</Frame>
			<Frame name="CalendarMassInviteTitleFrame" inherits="CalendarTitleFrameTemplate">
				<Scripts>
					<OnLoad>
						CalendarTitleFrame_SetText(self, CALENDAR_MASS_INVITE);
						self:SetFrameLevel(self:GetParent():GetFrameLevel() + 6);
					</OnLoad>
				</Scripts>
			</Frame>
			<EditBox name="CalendarMassInviteMinLevelEdit" numeric="true" letters="3" inherits="InputBoxTemplate" autoFocus="false">
				<Size x="25" y="20"/>
				<Anchors>
					<Anchor point="TOPLEFT" x="50" y="-122"/>
				</Anchors>
				<Scripts>
					<OnEnterPressed function="EditBox_ClearFocus"/>
					<OnEscapePressed function="EditBox_ClearFocus"/>
					<OnEditFocusGained>
						if ( not CalendarMassInviteFrame.selectedClubId ) then
							self:ClearFocus();
						end
					</OnEditFocusGained>
				</Scripts>
			</EditBox>
			<EditBox name="CalendarMassInviteMaxLevelEdit" numeric="true" letters="3" inherits="InputBoxTemplate" autoFocus="false">
				<Size x="25" y="20"/>
				<Anchors>
					<Anchor point="TOPLEFT" x="97" y="-122"/>
				</Anchors>
				<Scripts>
					<OnEnterPressed function="EditBox_ClearFocus"/>
					<OnEscapePressed function="EditBox_ClearFocus"/>
					<OnEditFocusGained>
						if ( not CalendarMassInviteFrame.selectedClubId ) then
							self:ClearFocus();
						end
					</OnEditFocusGained>
				</Scripts>
			</EditBox>
			<Frame name="CalendarMassInviteRankMenu" inherits="UIDropDownMenuTemplate" clampedToScreen="true">
				<Anchors>
					<Anchor point="TOPLEFT" x="149" y="-118"/>
				</Anchors>
			</Frame>
			<Button name="CalendarMassInviteAcceptButton" inherits="CalendarEventButtonTemplate" text="ACCEPT">
				<Anchors>
					<Anchor point="TOP" x="0" y="-160"/>
				</Anchors>
				<Scripts>
					<OnClick function="CalendarMassInviteAcceptButton_OnClick"/>
				</Scripts>
			</Button>
			<Button name="CalendarMassInviteCloseButton" inherits="CalendarCloseButtonTemplate">
				<Scripts>
					<OnClick>
						CalendarMassInviteFrame:Hide();
					</OnClick>
				</Scripts>
			</Button>

			<Frame name="$parentModalOverlay" inherits="CalendarModalEventOverlayTemplate" hidden="true"/>
		</Frames>
		<Scripts>
			<OnLoad function="CalendarMassInviteFrame_OnLoad"/>
			<OnShow function="CalendarMassInviteFrame_OnShow"/>
			<OnEvent function="CalendarMassInviteFrame_OnEvent"/>
		</Scripts>
	</Frame>

	<!-- Event Picker -->
	<!-- This module should be used when a day has too many events to fit on the monthly display. It puts all of
		 a day's events into a list.
	-->
	<Frame name="CalendarEventPickerFrame" inherits="CalendarModalDialogTemplate" parent="CalendarFrame" clampedToScreen="true" hidden="true">
		<Size x="290" y="226"/>
		<Layers>
			<Layer level="ARTWORK">
				<Texture name="$parentButtonBackground" file="Interface\Buttons\UI-Button-Borders">
					<Size x="256" y="26"/>
					<Anchors>
						<Anchor point="BOTTOMLEFT" x="11" y="9"/>
						<Anchor point="BOTTOMRIGHT" x="-11" y="9"/>
					</Anchors>
					<TexCoords left="0.0" right="1.0" top="0.59375" bottom="1.0"/>
				</Texture>
			</Layer>
		</Layers>
		<Frames>
			<Frame parentKey="Border" inherits="DialogBorderDarkTemplate"/>
			<Frame name="CalendarEventPickerTitleFrame" inherits="CalendarTitleFrameTemplate">
				<Scripts>
					<OnLoad>
						CalendarTitleFrame_SetText(self, CALENDAR_EVENT_PICKER_TITLE);
					</OnLoad>
				</Scripts>
			</Frame>
			<ScrollFrame name="CalendarEventPickerScrollFrame" inherits="HybridScrollFrameTemplate">
				<Size x="239" y="165"/>
				<Anchors>
					<Anchor point="TOPLEFT" x="20" y="-26"/>
				</Anchors>
				<Frames>
					<Slider name="CalendarEventPickerScrollBar" inherits="HybridScrollBarTemplate">
						<Anchors>
							<Anchor point="TOPLEFT" relativePoint="TOPRIGHT"/>
						</Anchors>
					</Slider>
				</Frames>
				<Scripts>
					<OnLoad function="CalendarEventPickerScrollFrame_OnLoad"/>
				</Scripts>
			</ScrollFrame>
			<Button name="CalendarEventPickerCloseButton" inherits="CalendarEventButtonTemplate" text="CLOSE">
				<Anchors>
					<Anchor point="BOTTOMRIGHT" x="-11" y="12"/>
				</Anchors>
				<Layers>
					<Layer level="BACKGROUND">
						<Texture name="$parentBorder" file="Interface\Buttons\UI-Button-Borders">
							<Size x="106" y="26"/>
							<Anchors>
								<Anchor point="TOPLEFT" x="-10" y="1"/>
								<Anchor point="BOTTOMRIGHT" x="1" y="-3"/>
							</Anchors>
							<TexCoords left="0.58203125" right="1.0" top="0.0" bottom="0.40625"/>
						</Texture>
					</Layer>
				</Layers>
				<Scripts>
					<OnClick function="CalendarEventPickerCloseButton_OnClick"/>
				</Scripts>
			</Button>
		</Frames>
		<Scripts>
			<OnLoad function="CalendarEventPickerFrame_OnLoad"/>
			<OnEvent function="CalendarEventPickerFrame_OnEvent"/>
		</Scripts>
	</Frame>

	<!-- Texture Picker -->
	<!-- This module is a selector for event types that have selectable textures. -->
	<Frame name="CalendarTexturePickerFrame" inherits="CalendarModalDialogTemplate" parent="CalendarFrame" hidden="true">
		<Size x="290" y="286"/>
		<Anchors>
			<Anchor point="TOPRIGHT" x="0" y="-24"/>
		</Anchors>
		<Layers>
			<Layer level="ARTWORK">
				<Texture name="$parentButtonBackground" file="Interface\Buttons\UI-Button-Borders">
					<Size x="256" y="26"/>
					<Anchors>
						<Anchor point="BOTTOMLEFT" x="11" y="9"/>
						<Anchor point="BOTTOMRIGHT" x="-11" y="9"/>
					</Anchors>
					<TexCoords left="0.0" right="1.0" top="0.59375" bottom="1.0"/>
				</Texture>
			</Layer>
		</Layers>
		<Frames>
			<Frame parentKey="Border" inherits="DialogBorderDarkTemplate"/>
			<Frame name="CalendarTexturePickerTitleFrame" inherits="CalendarTitleFrameTemplate"/>
			<ScrollFrame name="CalendarTexturePickerScrollFrame" inherits="HybridScrollFrameTemplate">
				<Size x="239" y="225"/>
				<Anchors>
					<Anchor point="TOPLEFT" x="20" y="-26"/>
				</Anchors>
				<Frames>
					<Slider name="CalendarTexturePickerScrollBar" inherits="HybridScrollBarTemplate">
						<Anchors>
							<Anchor point="TOPLEFT" relativePoint="TOPRIGHT" x="0" y="0"/>
						</Anchors>
					</Slider>
				</Frames>
				<Scripts>
					<OnLoad function="CalendarTexturePickerScrollFrame_OnLoad"/>
				</Scripts>
			</ScrollFrame>
			<Button name="CalendarTexturePickerCancelButton" inherits="CalendarEventButtonTemplate" text="CANCEL">
				<Anchors>
					<Anchor point="BOTTOMRIGHT" x="-11" y="12"/>
				</Anchors>
				<Layers>
					<Layer level="BACKGROUND">
						<Texture name="$parentBorder" file="Interface\Buttons\UI-Button-Borders">
							<Size x="106" y="26"/>
							<Anchors>
								<Anchor point="TOPLEFT" x="-10" y="1"/>
								<Anchor point="BOTTOMRIGHT" x="1" y="-3"/>
							</Anchors>
							<TexCoords left="0.58203125" right="1.0" top="0.0" bottom="0.40625"/>
						</Texture>
					</Layer>
				</Layers>
				<Scripts>
					<OnClick function="CalendarTexturePickerFrame_Hide"/>
				</Scripts>
			</Button>
			<Button name="CalendarTexturePickerAcceptButton" inherits="CalendarEventButtonTemplate" text="ACCEPT">
				<Anchors>
					<Anchor point="RIGHT" relativeTo="CalendarTexturePickerCancelButton" relativePoint="LEFT" x="-3" y="0"/>
				</Anchors>
				<Layers>
					<Layer level="BACKGROUND">
						<Texture name="$parentBorder" file="Interface\Buttons\UI-Button-Borders">
							<Size x="106" y="26"/>
							<Anchors>
								<Anchor point="TOPLEFT" x="-10" y="1"/>
								<Anchor point="BOTTOMRIGHT" x="1" y="-3"/>
							</Anchors>
							<TexCoords left="0.58203125" right="1.0" top="0.0" bottom="0.40625"/>
						</Texture>
					</Layer>
				</Layers>
				<Scripts>
					<OnClick function="CalendarTexturePickerAcceptButton_OnClick"/>
				</Scripts>
			</Button>
		</Frames>
		<Scripts>
			<OnLoad function="CalendarTexturePickerFrame_OnLoad"/>
		</Scripts>
	</Frame>

	<!-- Class Buttons -->
	<!-- This module is meant to keep track of class totals in an invite list.
		 The module stores buttons rather than frames to take advantage of the Enable and Disable
		 functions that you can call on buttons. Enabling and Disabling the buttons provides an
		 easy way to block OnEnter and OnLeave scripts. If memory becomes a problem, the buttons
		 can be converted to frames as long as bookkeeping is done to block the enable and disable
		 scripts at the appropriate times (e.g. when a modal dialog is up).
	-->
	<Frame name="CalendarClassButtonContainer" parent="CalendarFrame" hidden="true">
		<Size x="24" y="535"/>
		<Frames>
			<Button name="CalendarClassTotalsButton">
				<Size x="20" y="10"/>
				<Layers>
					<Layer level="BACKGROUND">
						<Texture name="$parentBackgroundMiddle" file="Interface\SpellBook\SpellBook-SkillLineTab">
							<Size x="26" y="8"/>
							<Anchors>
								<Anchor point="LEFT" x="-2" y="0"/>
							</Anchors>
							<TexCoords left="0.0" right="0.625" top="0.21875" bottom="0.640625"/>
						</Texture>
						<Texture name="$parentBackgroundTop" file="Interface\SpellBook\SpellBook-SkillLineTab">
							<Size x="26" y="11"/>
							<Anchors>
								<Anchor point="BOTTOM" relativeTo="$parentBackgroundMiddle" relativePoint="TOP"/>
							</Anchors>
							<TexCoords left="0.0" right="0.625" top="0.0" bottom="0.21875"/>
						</Texture>
						<Texture name="$parentBackgroundBottom" file="Interface\SpellBook\SpellBook-SkillLineTab">
							<Size x="26" y="15"/>
							<Anchors>
								<Anchor point="TOP" relativeTo="$parentBackgroundMiddle" relativePoint="BOTTOM"/>
							</Anchors>
							<TexCoords left="0.0" right="0.625" top="0.640625" bottom="0.875"/>
						</Texture>
					</Layer>
					<Layer level="BORDER">
						<FontString name="CalendarClassTotalsText" inherits="GameFontGreenSmall" text="0">
							<Anchors>
								<Anchor point="CENTER"/>
							</Anchors>
						</FontString>
					</Layer>
				</Layers>
				<Scripts>
					<OnEnter function="CalendarClassTotalsButton_OnEnter"/>
					<OnLeave function="GameTooltip_Hide"/>
				</Scripts>
			</Button>
		</Frames>
		<Scripts>
			<OnLoad function="CalendarClassButtonContainer_OnLoad"/>
		</Scripts>
	</Frame>
</Ui>